Agency,City,Vehicles Involved,Trailers Involved,Number Injured,Number Dead,Number Deer,House Number,Roadway Interchange,Roadway Ramp,Roadway Id,Intersecting Road,Interchange,Feet From,Direction,Latitude,Longitude,Roadway Class,Hit and Run?,Locality,School Zone?,Rumble Strips?,Construction?,Construction Type,Light Condition,Weather Conditions,Surface Condition,Type of Median,Roadway Junction Type,Road Character,Roadway Surface,Primary Factor,Manner of Collision,Unique Location Id,Traffic Control,DateTime
MONROE SD,BLOOMINGTON,2,0.0,0.0,0.0,0,,,,S CORY LN,,,500.0,S,39.16317149,-86.56004389,COUNTY ROAD,N,URBAN,N,N,N,,DAYLIGHT,CLOUDY,WET,,NO JUNCTION INVOLVED,STRAIGHT/LEVEL,ASPHALT,OTHER (DRIVER) - EXPLAIN IN NARRATIVE,BACKING CRASH,3RDST613CORYLN,NO PASSING ZONE,2020-01-25 09:19:00
BLOOMINGTON PD,BLOOMINGTON,2,0.0,1.0,0.0,0,,,,N COLLEGE AVE,W 6TH ST,,,,39.167648,-86.534784,LOCAL/CITY ROAD,N,URBAN,N,N,N,,DAYLIGHT,CLEAR,DRY,,NO JUNCTION INVOLVED,STRAIGHT/LEVEL,ASPHALT,DISREGARD SIGNAL/REG SIGN,RIGHT ANGLE,6THSTNCOLLEGEAVE,TRAFFIC CONTROL SIGNAL,2020-01-25 09:41:00
MONROE SD,BLOOMINGTON,1,0.0,0.0,0.0,0,,,,E ROBINSON RD,,,1000.0,E,39.249248,-86.463888,COUNTY ROAD,N,RURAL,N,N,N,,DAYLIGHT,SNOW,WET,,NO JUNCTION INVOLVED,CURVE/GRADE,ASPHALT,RAN OFF ROAD RIGHT,RAN OFF ROAD,EASTROBINSONRDNORTHHUDOFFRD,NONE,2020-01-25 09:56:00
INDIANA UNIV BLOOMINGTON PD,BLOOMINGTON,2,0.0,0.0,0.0,0,,,,SR 45/46,E 10TH ST,,,,0.0,0.0,STATE ROAD,N,URBAN,N,N,N,,DAYLIGHT,CLOUDY,WET,,FOUR-WAY INTERSECTION,STRAIGHT/LEVEL,ASPHALT,SPEED TOO FAST FOR WEATHER CONDITIONS,REAR END,SR45SR46,TRAFFIC CONTROL SIGNAL,2020-01-25 12:10:00
BLOOMINGTON PD,BLOOMINGTON,2,0.0,0.0,0.0,0,,,,SR 46,S SMITH RD,,,,39.16424,-86.480688,LOCAL/CITY ROAD,N,URBAN,N,N,N,,DAYLIGHT,RAIN,WET,,FOUR-WAY INTERSECTION,STRAIGHT/LEVEL,ASPHALT,SPEED TOO FAST FOR WEATHER CONDITIONS,RIGHT TURN,3RDSTSMITHRD,TRAFFIC CONTROL SIGNAL,2020-01-25 13:01:00
BLOOMINGTON PD,BLOOMINGTON,2,0.0,2.0,0.0,0,,,,SR 46,S PARK RIDGE RD,,,,39.16424,-86.476096,LOCAL/CITY ROAD,N,URBAN,N,N,N,,DAYLIGHT,CLOUDY,WET,,FOUR-WAY INTERSECTION,STRAIGHT/LEVEL,ASPHALT,FOLLOWING TOO CLOSELY,REAR END,E3RDSTNPARKRIDGERD,STOP SIGN,2020-01-25 14:55:00
BLOOMINGTON PD,BLOOMINGTON,2,0.0,0.0,0.0,0,,,,N KINSER PIKE,W BROOKDALE DR,,,,39.183136,-86.537824,LOCAL/CITY ROAD,N,URBAN,N,N,N,,DAYLIGHT,SNOW,WET,,T-INTERSECTION,STRAIGHT/GRADE,ASPHALT,FOLLOWING TOO CLOSELY,REAR END,BROOKDALEDRNKINSERRD,NONE,2020-01-25 15:13:00
INDIANA UNIV BLOOMINGTON PD,BLOOMINGTON,2,0.0,0.0,0.0,0,,,,E 9TH ST,ALLEY,,,,39.17046,-86.53356,LOCAL/CITY ROAD,N,URBAN,N,N,N,,DAYLIGHT,CLOUDY,WET,,NO JUNCTION INVOLVED,STRAIGHT/GRADE,ASPHALT,FAILURE TO YIELD RIGHT OF WAY,RIGHT TURN,NINTHSTWALNUTST,NONE,2020-01-25 15:50:00
MONROE SD,BLOOMINGTON,1,0.0,0.0,0.0,0,,,,S FAIRFAX RD,E BERNICE DR,,,,39.06838,-86.50314,COUNTY ROAD,N,RURAL,N,N,N,,DAYLIGHT,CLEAR,WET,,T-INTERSECTION,STRAIGHT/LEVEL,ASPHALT,RAN OFF ROAD RIGHT,RAN OFF ROAD,BERNICEDRFAIRFAXRD,NONE,2020-01-25 15:50:00
BLOOMINGTON PD,BLOOMINGTON,2,0.0,0.0,0.0,0,,,,S SMITH RD,SR 46,,,,39.16424,-86.480688,LOCAL/CITY ROAD,Y,URBAN,N,N,N,,DARK (NOT LIGHTED),CLOUDY,WET,,FOUR-WAY INTERSECTION,STRAIGHT/GRADE,ASPHALT,FOLLOWING TOO CLOSELY,REAR END,E3RDSTRMSSMITHRD,TRAFFIC CONTROL SIGNAL,2020-01-25 18:03:00
BLOOMINGTON PD,BLOOMINGTON,2,0.0,0.0,0.0,0,,,,N COLLEGE AVE,W KIRKWOOD AVE,,,,39.1666,-86.53488,LOCAL/CITY ROAD,N,URBAN,N,N,N,,DAYLIGHT,CLEAR,DRY,,T-INTERSECTION,STRAIGHT/GRADE,ASPHALT,DISREGARD SIGNAL/REG SIGN,RIGHT ANGLE,COLLEGEAVEKIRKWOODAVE,TRAFFIC CONTROL SIGNAL,2020-01-26 09:40:00
BLOOMINGTON PD,BLOOMINGTON,3,0.0,1.0,0.0,0,301.0,,,E BRAESIDE DR,,,,,39.169448,-86.495896,LOCAL/CITY ROAD,N,URBAN,N,N,N,,DAYLIGHT,CLEAR,DRY,,NO JUNCTION INVOLVED,STRAIGHT/LEVEL,ASPHALT,FAILURE TO YIELD RIGHT OF WAY,BACKING CRASH,NPETEELLISDR,NONE,2020-01-26 14:10:00
BLOOMINGTON PD,BLOOMINGTON,2,0.0,0.0,0.0,0,,,,S LEONARD SPRINGS RD,W TAPP RD,,,,39.10386173,-86.59360884,LOCAL/CITY ROAD,N,URBAN,N,N,N,,DAYLIGHT,CLEAR,DRY,,T-INTERSECTION,STRAIGHT/GRADE,ASPHALT,FAILURE TO YIELD RIGHT OF WAY,RIGHT ANGLE,SLEONARDSPRINGSRDWTAPPRD,STOP SIGN,2020-01-26 14:27:00
BLOOMINGTON PD,BLOOMINGTON,2,0.0,0.0,0.0,0,,,,N WALNUT ST,E 9TH ST,,,,39.170544,-86.533536,LOCAL/CITY ROAD,N,URBAN,N,N,N,,DAYLIGHT,CLEAR,DRY,,FOUR-WAY INTERSECTION,STRAIGHT/LEVEL,ASPHALT,UNSAFE LANE MOVEMENT,SAME DIRECTION SIDESWIPE,E9THSTNWALNUTST,NONE,2020-01-26 16:36:00
BLOOMINGTON PD,BLOOMINGTON,2,0.0,0.0,0.0,0,,,,N COLLEGE AVE,W 10TH ST,,,,39.171744,-86.534768,LOCAL/CITY ROAD,N,URBAN,N,N,N,,DAYLIGHT,CLEAR,DRY,,FOUR-WAY INTERSECTION,STRAIGHT/GRADE,ASPHALT,IMPROPER TURNING,LEFT TURN,NCOLLEGEAVEW10THST,TRAFFIC CONTROL SIGNAL,2020-01-26 16:50:00
MONROE SD,BLOOMINGTON,1,0.0,0.0,0.0,0,,,,S WALNUT ST,,,600.0,N,39.16265088,-86.5379,COUNTY ROAD,N,RURAL,N,N,N,,DARK (NOT LIGHTED),CLEAR,DRY,,NO JUNCTION INVOLVED,STRAIGHT/GRADE,ASPHALT,RAN OFF ROAD RIGHT,RAN OFF ROAD,SOLDSTATEROAD37HWYSROGERSST,NONE,2020-01-26 22:23:00
MONROE SD,BLOOMINGTON,2,0.0,0.0,0.0,0,,,,N SR 37 BUSINESS,W BAYLES RD,,,,39.21547,-86.53701,LOCAL/CITY ROAD,N,RURAL,N,N,N,,DAYLIGHT,CLEAR,DRY,,NO JUNCTION INVOLVED,STRAIGHT/LEVEL,ASPHALT,FAILURE TO YIELD RIGHT OF WAY,RIGHT ANGLE,NBUSINESS37RDWBAYLESRD,STOP SIGN,2020-01-27 08:43:00
INDIANA UNIV BLOOMINGTON PD,BLOOMINGTON,2,0.0,0.0,0.0,0,,,,E 17TH ST,SR 45/46,,100.0,W,39.17970083,-86.50739223,LOCAL/CITY ROAD,N,URBAN,N,N,N,,DAYLIGHT,CLOUDY,DRY,,NO JUNCTION INVOLVED,STRAIGHT/LEVEL,ASPHALT,UNSAFE BACKING,BACKING CRASH,17THSTSR46BYP,NONE,2020-01-27 09:46:00
BLOOMINGTON PD,BLOOMINGTON,2,0.0,0.0,0.0,0,,,,N INDIANA AVE,E 13TH ST,,,,39.175504,-86.527104,LOCAL/CITY ROAD,N,URBAN,N,N,N,,DAYLIGHT,CLOUDY,DRY,,FOUR-WAY INTERSECTION,STRAIGHT/LEVEL,ASPHALT,FAILURE TO YIELD RIGHT OF WAY,OPPOSITE DIRECTION SIDESWIPE,13THSTINDIANAAVE,NONE,2020-01-27 16:00:00
INDIANA UNIV BLOOMINGTON PD,BLOOMINGTON,2,0.0,0.0,0.0,0,,,,S WOODLAWN AVE,E 3RD ST,,,,39.16425,-86.52262,LOCAL/CITY ROAD,N,URBAN,N,N,N,,DARK (LIGHTED),CLOUDY,DRY,,T-INTERSECTION,STRAIGHT/LEVEL,ASPHALT,IMPROPER PASSING,REAR END,THIRDSTWOODLAWNAVE,TRAFFIC CONTROL SIGNAL,2020-01-27 18:50:00
BLOOMINGTON PD,BLOOMINGTON,1,0.0,0.0,0.0,1,,,,SR 45/46,N MONROE ST,,200.0,W,39.18698069,-86.54750427,LOCAL/CITY ROAD,N,URBAN,N,N,N,,DARK (LIGHTED),CLEAR,DRY,,NO JUNCTION INVOLVED,STRAIGHT/LEVEL,ASPHALT,ANIMAL/OBJECT IN ROADWAY,COLLISION WITH DEER,ESTRD46RDNMONROEST,NONE,2020-01-27 19:55:00
BLOOMINGTON PD,BLOOMINGTON,2,0.0,1.0,0.0,0,,,,E COVENANTER DR,S AUTO MALL RD,,,,39.15503,-86.49611,LOCAL/CITY ROAD,N,URBAN,N,N,N,,DARK (LIGHTED),CLEAR,DRY,,FOUR-WAY INTERSECTION,STRAIGHT/LEVEL,ASPHALT,DISREGARD SIGNAL/REG SIGN,RIGHT ANGLE,ECOVENANTERDRSAUTOMALLRD,STOP SIGN,2020-01-27 20:52:00
BLOOMINGTON PD,BLOOMINGTON,2,0.0,0.0,0.0,0,,,,W 3RD ST,I-69 N,,,,0.0,0.0,LOCAL/CITY ROAD,N,URBAN,Y,N,N,,DAYLIGHT,CLOUDY,DRY,,RAMP,STRAIGHT/GRADE,ASPHALT,OTHER (DRIVER) - EXPLAIN IN NARRATIVE,REAR END,3RDSTI69RAMP,LANE CONTROL,2020-01-28 07:24:00
BLOOMINGTON PD,BLOOMINGTON,2,1.0,0.0,0.0,0,,,,N CRESCENT RD,W 17TH ST,,1000.0,S,39.179248,-86.556592,LOCAL/CITY ROAD,N,URBAN,N,N,N,,DAWN/DUSK,CLOUDY,DRY,,NO JUNCTION INVOLVED,STRAIGHT/LEVEL,ASPHALT,FAILURE TO YIELD RIGHT OF WAY,OPPOSITE DIRECTION SIDESWIPE,17THSTCRESENTRD,LANE CONTROL,2020-01-28 07:33:00
BLOOMINGTON PD,BLOOMINGTON,2,0.0,0.0,0.0,0,,,,S PATTERSON DR,W 3RD ST (S),,,,39.16441,-86.55196,LOCAL/CITY ROAD,N,URBAN,Y,N,N,,DAYLIGHT,CLOUDY,DRY,,FOUR-WAY INTERSECTION,STRAIGHT/LEVEL,ASPHALT,FAILURE TO YIELD RIGHT OF WAY,RIGHT ANGLE,3RDSTPATTERSONDR,STOP SIGN,2020-01-28 10:58:00
BLOOMINGTON PD,BLOOMINGTON,2,0.0,0.0,0.0,0,,,,S PETE ELLIS DR,E LONGVIEW AVE,,,,39.166848,-86.495088,LOCAL/CITY ROAD,N,URBAN,N,N,N,,DAYLIGHT,CLOUDY,DRY,,FOUR-WAY INTERSECTION,STRAIGHT/LEVEL,ASPHALT,FAILURE TO YIELD RIGHT OF WAY,RIGHT ANGLE,ELONGVIEWAVESPETEELLISDR,STOP SIGN,2020-01-28 13:41:00
BLOOMINGTON PD,BLOOMINGTON,1,0.0,0.0,0.0,0,301.0,,,W PATTERSON ST,S MORTON ST,,,,39.115248,-86.573504,UNKNOWN,N,URBAN,N,N,N,,DARK (LIGHTED),CLEAR,DRY,,NO JUNCTION INVOLVED,STRAIGHT/GRADE,ASPHALT,PEDESTRIAN ACTION,OTHER - EXPLAIN IN NARRATIVE,WPATTERSONDR,NONE,2020-01-28 22:30:00
BLOOMINGTON PD,BLOOMINGTON,2,0.0,0.0,0.0,0,,,,W 3RD ST,S WESTPLEX AVE,,50.0,E,39.16441,-86.55390432,LOCAL/CITY ROAD,N,URBAN,N,N,N,,DAWN/DUSK,CLOUDY,DRY,,NO JUNCTION INVOLVED,STRAIGHT/LEVEL,ASPHALT,OTHER (DRIVER) - EXPLAIN IN NARRATIVE,REAR END,3RDSTWESTPLEXAVE,LANE CONTROL,2020-01-29 07:34:00
ISP BLOOMINGTON 33,BLOOMINGTON,1,,0.0,0.0,0,,Y,123C,I-69 N,N SR 37 BUSINESS,,0.0,S,39.232861,-86.541862,INTERSTATE,,RURAL,N,N,N,,DAYLIGHT,CLOUDY,WET,,RAMP,,ASPHALT,SPEED TOO FAST FOR WEATHER CONDITIONS,,I-69NBOTTOMRD,,2020-01-29 11:05:00
INDIANA UNIV BLOOMINGTON PD,BLOOMINGTON,2,0.0,0.0,0.0,0,,,,E 13TH ST,N WOODLAWN AVE,,,,39.17519,-86.52356,LOCAL/CITY ROAD,N,URBAN,N,N,N,,DAYLIGHT,CLEAR,DRY,,NO JUNCTION INVOLVED,STRAIGHT/LEVEL,ASPHALT,FAILURE TO YIELD RIGHT OF WAY,RIGHT ANGLE,THIRTEENTHSTWOODLAWNAVE,STOP SIGN,2020-01-29 11:30:00
MONROE SD,ELLETTSVILLE,1,0.0,2.0,0.0,0,,,,W REEVES RD,,,1000.0,W,39.231536,-86.6588,LOCAL/CITY ROAD,N,RURAL,N,N,N,,DAYLIGHT,CLEAR,DRY,,NO JUNCTION INVOLVED,STRAIGHT/HILLCREST,ASPHALT,RAN OFF ROAD RIGHT,RAN OFF ROAD,NSTARNESRDWREEVESRD,NONE,2020-01-29 14:10:00
INDIANA UNIV BLOOMINGTON PD,BLOOMINGTON,2,0.0,0.0,0.0,0,,,,S SWAIN AVE,E 3RD ST,,,,39.16425,-86.51526,LOCAL/CITY ROAD,N,URBAN,N,N,N,,DAYLIGHT,CLOUDY,DRY,,T-INTERSECTION,STRAIGHT/GRADE,ASPHALT,UNSAFE LANE MOVEMENT,LEFT TURN,SWAINAVETHIRDST,LANE CONTROL,2020-01-29 14:55:00
BLOOMINGTON PD,BLOOMINGTON,2,0.0,0.0,0.0,0,,,,S HENDERSON ST,E HILLSIDE DR,,,,39.15064,-86.52696,LOCAL/CITY ROAD,N,URBAN,N,N,N,,DARK (LIGHTED),CLEAR,DRY,,FOUR-WAY INTERSECTION,STRAIGHT/HILLCREST,ASPHALT,IMPROPER TURNING,SAME DIRECTION SIDESWIPE,EHILLSIDEDRSHENDERSONST,TRAFFIC CONTROL SIGNAL,2020-01-29 18:25:00
ELLETTSVILLE PD,ELLETTSVILLE,2,0.0,0.0,0.0,0,,,,N SMITH PIKE,ENTRANCE TO SMITH PIKE CROSSING,,100.0,S,39.20986935,-86.5832,LOCAL/CITY ROAD,N,URBAN,N,N,N,,DAYLIGHT,CLEAR,DRY,,NO JUNCTION INVOLVED,STRAIGHT/LEVEL,ASPHALT,FAILURE TO YIELD RIGHT OF WAY,RIGHT ANGLE,SMITHPIKESR46,NONE,2020-01-30 11:38:00
BLOOMINGTON PD,BLOOMINGTON,3,0.0,0.0,0.0,0,,,,SR 46,S COLLEGE MALL RD,,300.0,E,39.16423002,-86.49734165,LOCAL/CITY ROAD,N,URBAN,N,N,N,,DAYLIGHT,CLEAR,DRY,,NO JUNCTION INVOLVED,STRAIGHT/LEVEL,ASPHALT,FOLLOWING TOO CLOSELY,REAR END,3RDSTCOLLEGEMALLRD,NONE,2020-01-30 12:16:00
BLOOMINGTON PD,BLOOMINGTON,2,0.0,1.0,0.0,0,2700.0,,,N WALNUT ST,ENTRANCE TO SPEEDWAY GAS STATION,,1000.0,S,39.19421486,-86.5333962,LOCAL/CITY ROAD,N,URBAN,N,N,N,,DAYLIGHT,CLEAR,DRY,,NO JUNCTION INVOLVED,CURVE/LEVEL,ASPHALT,FAILURE TO YIELD RIGHT OF WAY,LEFT TURN,BLUERIDGEDRWALNUTST,NONE,2020-01-30 13:06:00
INDIANA UNIV BLOOMINGTON PD,BLOOMINGTON,1,0.0,0.0,0.0,1,,,,SR 45/46,E 17TH ST,,,,39.17984,-86.507088,STATE ROAD,N,URBAN,N,N,N,,DAYLIGHT,CLEAR,DRY,,NO JUNCTION INVOLVED,STRAIGHT/LEVEL,ASPHALT,ANIMAL/OBJECT IN ROADWAY,COLLISION WITH DEER,EAST17THSTSR46,NONE,2020-01-30 17:45:00
INDIANA UNIV BLOOMINGTON PD,BLOOMINGTON,2,0.0,0.0,0.0,0,,,,N WALNUT GROVE ST,E 17TH ST,,,,39.17896,-86.521088,LOCAL/CITY ROAD,N,URBAN,N,N,N,,DARK (LIGHTED),CLEAR,DRY,,NO JUNCTION INVOLVED,STRAIGHT/LEVEL,ASPHALT,FOLLOWING TOO CLOSELY,REAR END,EAST17THSTWALNUTGROVEST,NONE,2020-01-30 18:00:00
MONROE SD,BLOOMINGTON,1,0.0,0.0,0.0,0,,,,W BURMA RD,E CHAMBERS PIKE,,,,39.27243958,-86.54356948,COUNTY ROAD,N,RURAL,N,N,N,,DARK (NOT LIGHTED),CLEAR,DRY,,NO JUNCTION INVOLVED,CURVE/GRADE,ASPHALT,UNSAFE SPEED,RAN OFF ROAD,BURMARDSIMPSONCHAPELRD,NONE,2020-01-30 19:43:00
ELLETTSVILLE PD,ELLETTSVILLE,1,0.0,0.0,0.0,0,,,,W REEVES RD,,,1700.0,W,39.231344,-86.640096,LOCAL/CITY ROAD,Y,RURAL,N,N,N,,DARK (NOT LIGHTED),CLEAR,DRY,,NO JUNCTION INVOLVED,STRAIGHT/LEVEL,ASPHALT,RAN OFF ROAD RIGHT,RAN OFF ROAD,NLOUDENRDWREEVESRAMP,LANE CONTROL,2020-01-31 00:12:00
MONROE SD,ELLETTSVILLE,1,0.0,0.0,0.0,1,,,,N HARTSTRAIT RD,,,1500.0,N,39.3679069,-86.61138,LOCAL/CITY ROAD,N,RURAL,N,N,N,,DARK (NOT LIGHTED),SNOW,SNOW/SLUSH,,NO JUNCTION INVOLVED,STRAIGHT/GRADE,ASPHALT,ANIMAL/OBJECT IN ROADWAY,COLLISION WITH DEER,NHARTSTRAITRDWRATLIFFRD,NONE,2020-01-31 06:41:00
BLOOMINGTON PD,BLOOMINGTON,1,0.0,1.0,0.0,0,,,,N MAPLE GROVE RD,,,2851.0,N,39.224496,-86.570272,LOCAL/CITY ROAD,N,RURAL,N,N,N,,DAWN/DUSK,SNOW,WET,,NO JUNCTION INVOLVED,CURVE/GRADE,ASPHALT,RAN OFF ROAD RIGHT,RAN OFF ROAD,GLENELLENRDNMAPLEGROVERD,NONE,2020-01-31 07:59:00
BLOOMINGTON PD,BLOOMINGTON,1,0.0,1.0,0.0,0,2400.0,,,S HENDERSON ST,E GRAHAM DR,,,,39.13881,-86.52694,LOCAL/CITY ROAD,Y,URBAN,N,N,N,,DARK (NOT LIGHTED),SNOW,WET,,NO JUNCTION INVOLVED,STRAIGHT/LEVEL,ASPHALT,PEDESTRIAN ACTION,SAME DIRECTION SIDESWIPE,2400BLOCKOFSHENDERSONSTGRAHAMDR,LANE CONTROL,2020-01-31 08:13:00
BLOOMINGTON PD,BLOOMINGTON,3,0.0,0.0,0.0,0,,,,E HILLSIDE DR,S NANCY ST,,150.0,W,39.150544,-86.51161711,LOCAL/CITY ROAD,N,URBAN,N,N,N,,DAYLIGHT,SNOW,WET,,NO JUNCTION INVOLVED,STRAIGHT/HILLCREST,ASPHALT,SPEED TOO FAST FOR WEATHER CONDITIONS,REAR END,HILLSIDEDRNANCYST,NONE,2020-01-31 09:45:00
MONROE SD,BLOOMINGTON,1,0.0,1.0,0.0,0,,,,N LAKEVIEW DR,,,150.0,N,0.0,0.0,LOCAL/CITY ROAD,N,RURAL,N,N,N,,DAYLIGHT,RAIN,WET,,NO JUNCTION INVOLVED,CURVE/LEVEL,ASPHALT,RAN OFF ROAD RIGHT,RAN OFF ROAD,ESOUTHSHOREDRNLAKEVIEWDR,NONE,2020-01-31 11:37:00
MONROE SD,BLOOMINGTON,1,0.0,0.0,0.0,0,,,,N HARTSTRAIT RD,W HARBISON RD,,,,39.220944,-86.612192,LOCAL/CITY ROAD,N,URBAN,N,N,N,,DAYLIGHT,CLOUDY,WET,,T-INTERSECTION,CURVE/LEVEL,ASPHALT,RAN OFF ROAD RIGHT,RAN OFF ROAD,HARBISONRDNHARTSTRAITRD,NONE,2020-01-31 13:27:00
BLOOMINGTON PD,BLOOMINGTON,2,0.0,0.0,0.0,0,,,,N BLAIR AVE,W 12TH ST,,,,39.17424,-86.543792,LOCAL/CITY ROAD,N,URBAN,Y,N,N,,DAYLIGHT,CLEAR,DRY,,T-INTERSECTION,STRAIGHT/LEVEL,ASPHALT,DISREGARD SIGNAL/REG SIGN,COLLISION WITH ANIMAL OTHER,NBLAIRAVEW12THCT,STOP SIGN,2020-01-31 17:05:00
MONROE SD,BLOOMINGTON,2,0.0,0.0,0.0,0,,,,SR 46,N CURRY PIKE,,,,39.19369,-86.57139,STATE ROAD,N,RURAL,N,Y,N,,DARK (NOT LIGHTED),CLOUDY,WET,,FOUR-WAY INTERSECTION,STRAIGHT/GRADE,ASPHALT,DRIVER ASLEEP OR FATIGUED,REAR END,NCURRYPIKESR46W,TRAFFIC CONTROL SIGNAL,2020-01-31 18:50:00
MONROE SD,BLOOMINGTON,1,0.0,0.0,0.0,0,3417.0,,,S CONSTANCE AVE,,,,,39.132036,-86.495109,LOCAL/CITY ROAD,Y,URBAN,N,N,N,,DARK (NOT LIGHTED),CLOUDY,WET,,NO JUNCTION INVOLVED,NON-ROADWAY CRASH,ASPHALT,OTHER (DRIVER) - EXPLAIN IN NARRATIVE,OTHER - EXPLAIN IN NARRATIVE,SCONSTANCEAVE,NONE,2020-01-31 19:47:00
MONROE SD,BLOOMINGTON,2,0.0,0.0,0.0,0,,,,N SR 37 BUSINESS,W BAYLES RD,,1000.0,N,39.32130905,-86.53741197,LOCAL/CITY ROAD,Y,RURAL,N,N,N,,DARK (NOT LIGHTED),CLEAR,DRY,,NO JUNCTION INVOLVED,STRAIGHT/LEVEL,ASPHALT,OTHER (DRIVER) - EXPLAIN IN NARRATIVE,REAR END,BAYLESRDBUSINESS37RD,NONE,2020-01-31 23:17:00
BLOOMINGTON PD,BLOOMINGTON,1,0.0,0.0,0.0,1,,,,N WALNUT ST,,,450.0,N,39.196848,-86.5344,LOCAL/CITY ROAD,N,URBAN,N,Y,N,,DARK (NOT LIGHTED),CLEAR,DRY,,NO JUNCTION INVOLVED,STRAIGHT/LEVEL,ASPHALT,ANIMAL/OBJECT IN ROADWAY,COLLISION WITH DEER,BLUERIDGERDNWALNUTST,NONE,2020-02-01 05:54:00
INDIANA UNIV BLOOMINGTON PD,BLOOMINGTON,2,0.0,0.0,0.0,0,,,,N JORDAN AVE,E 17TH ST,,50.0,S,39.178848,-86.511088,LOCAL/CITY ROAD,N,URBAN,N,N,N,,DAYLIGHT,CLOUDY,DRY,,NO JUNCTION INVOLVED,STRAIGHT/LEVEL,ASPHALT,FOLLOWING TOO CLOSELY,REAR END,17THSTJORDANAVE,NONE,2020-02-01 13:29:00
BLOOMINGTON PD,BLOOMINGTON,2,0.0,1.0,0.0,0,,,,N MONROE ST,W 12TH ST,,,,39.174352,-86.547104,LOCAL/CITY ROAD,N,URBAN,N,N,N,,DAYLIGHT,CLOUDY,DRY,,FOUR-WAY INTERSECTION,STRAIGHT/LEVEL,ASPHALT,FAILURE TO YIELD RIGHT OF WAY,OTHER - EXPLAIN IN NARRATIVE,12THSTMONROEST,STOP SIGN,2020-02-01 14:05:00
BLOOMINGTON PD,BLOOMINGTON,1,0.0,0.0,0.0,0,,,,E ATWATER AVE,S FESS AVE,,,,39.16312,-86.5259,LOCAL/CITY ROAD,N,URBAN,N,N,N,,DAYLIGHT,CLOUDY,DRY,,NO JUNCTION INVOLVED,STRAIGHT/LEVEL,ASPHALT,RAN OFF ROAD RIGHT,RAN OFF ROAD,EATWATERAVESFESSAVE,LANE CONTROL,2020-02-01 14:44:00
BLOOMINGTON PD,BLOOMINGTON,2,0.0,0.0,0.0,0,,,,W 3RD ST (N),S PATTERSON ST,,,,39.16441,-86.55196,LOCAL/CITY ROAD,Y,URBAN,N,N,N,,DARK (LIGHTED),CLEAR,DRY,,FOUR-WAY INTERSECTION,STRAIGHT/GRADE,ASPHALT,UNSAFE LANE MOVEMENT,REAR END,PATTERSONSTW3RDST,TRAFFIC CONTROL SIGNAL,2020-02-01 20:20:00
BLOOMINGTON PD,BLOOMINGTON,1,0.0,0.0,0.0,0,,,,N WASHINGTON ST,ALLEY,,,,39.16664,-86.5324,LOCAL/CITY ROAD,N,URBAN,N,N,N,,DARK (LIGHTED),CLEAR,DRY,,FOUR-WAY INTERSECTION,STRAIGHT/LEVEL,ASPHALT,IMPROPER TURNING,OTHER - EXPLAIN IN NARRATIVE,KIRKWOODAVEWASHINGTONST,NONE,2020-02-02 00:08:00
INDIANA UNIV BLOOMINGTON PD,BLOOMINGTON,2,0.0,0.0,0.0,0,,,,E 3RD ST,S ROSE AVE,,,,39.16426,-86.51092,LOCAL/CITY ROAD,N,URBAN,N,N,N,,DARK (LIGHTED),CLEAR,DRY,,FOUR-WAY INTERSECTION,STRAIGHT/LEVEL,ASPHALT,DRIVER DISTRACTED - EXPLAIN IN NARRATIVE,REAR END,ROSEAVETHIRDST,NONE,2020-02-02 00:27:00
BLOOMINGTON PD,BLOOMINGTON,2,0.0,0.0,0.0,0,,,,W 3RD ST,S KIMBLE DR,,75.0,E,39.16464,-86.568,LOCAL/CITY ROAD,N,URBAN,N,N,N,,DAYLIGHT,CLEAR,DRY,,NO JUNCTION INVOLVED,STRAIGHT/LEVEL,ASPHALT,FOLLOWING TOO CLOSELY,REAR END,SKIMBLEDRW3RDST,LANE CONTROL,2020-02-02 09:09:00
MONROE SD,BLOOMINGTON,1,0.0,0.0,0.0,0,,,,S LEONARD SPRINGS RD,,,,,0.0,0.0,STATE ROAD,N,RURAL,N,N,N,,DAYLIGHT,CLEAR,DRY,,T-INTERSECTION,CURVE/HILLCREST,ASPHALT,IMPROPER TURNING,RAN OFF ROAD,SCAVERDSR48W,NONE,2020-02-02 09:18:00
MONROE SD,BLOOMINGTON,1,0.0,0.0,0.0,0,,,,S DERBY DR,S CARBERRY CT,,60.0,S,39.10962321,-86.52039,COUNTY ROAD,N,URBAN,N,N,N,,DARK (NOT LIGHTED),CLEAR,DRY,,T-INTERSECTION,CURVE/LEVEL,ASPHALT,RAN OFF ROAD RIGHT,RAN OFF ROAD,CALLOWAYSTDERBYDR,NONE,2020-02-02 10:55:00
BLOOMINGTON PD,BLOOMINGTON,2,0.0,0.0,0.0,0,,,,W 3RD ST,S FRANKLIN RD,,,,39.164688,-86.5712,LOCAL/CITY ROAD,N,URBAN,N,N,N,,DAYLIGHT,CLEAR,DRY,,FOUR-WAY INTERSECTION,STRAIGHT/GRADE,ASPHALT,BRAKE FAILURE OR DEFECTIVE,REAR END,FRANKLINRDTHIRDST,TRAFFIC CONTROL SIGNAL,2020-02-02 11:25:00