Agency,City,Vehicles Involved,Trailers Involved,Number Injured,Number Dead,Number Deer,House Number,Roadway Interchange,Roadway Ramp,Roadway Id,Intersecting Road,Interchange,Feet From,Direction,Latitude,Longitude,Roadway Class,Hit and Run?,Locality,School Zone?,Rumble Strips?,Construction?,Construction Type,Light Condition,Weather Conditions,Surface Condition,Type of Median,Roadway Junction Type,Road Character,Roadway Surface,Primary Factor,Manner of Collision,Unique Location Id,Traffic Control,DateTime
BLOOMINGTON PD,BLOOMINGTON,2,0.0,0.0,0.0,0,,,,W ARLINGTON RD,W 17TH ST,,,,39.179248,-86.547104,LOCAL/CITY ROAD,N,URBAN,N,N,N,,DAYLIGHT,CLOUDY,DRY,,INTERCHANGE,CURVE/HILLCREST,ASPHALT,UNSAFE SPEED,REAR END,W17THSTWARLINGTONRD,ROUNDABOUT INTERSECTION,2020-02-18 14:15:00
BLOOMINGTON PD,BLOOMINGTON,2,0.0,1.0,0.0,0,,,,W 3RD ST,S WYNNEDALE DR,,,,39.16456,-86.57019,LOCAL/CITY ROAD,N,URBAN,N,N,N,,DAYLIGHT,CLOUDY,DRY,,FOUR-WAY INTERSECTION,STRAIGHT/GRADE,ASPHALT,FOLLOWING TOO CLOSELY,REAR END,SWYNNEDALEDRW3RDST,TRAFFIC CONTROL SIGNAL,2020-02-18 14:39:00
BLOOMINGTON PD,BLOOMINGTON,2,0.0,0.0,0.0,0,,,,E NORTH DR,S HENDERSON ST,,,,39.144848,-86.526848,LOCAL/CITY ROAD,N,URBAN,Y,N,N,,DAYLIGHT,CLOUDY,DRY,,FOUR-WAY INTERSECTION,STRAIGHT/GRADE,ASPHALT,FAILURE TO YIELD RIGHT OF WAY,RIGHT TURN,ENORTHDRSHENDERSONST,STOP SIGN,2020-02-18 15:00:00
INDIANA UNIV BLOOMINGTON PD,BLOOMINGTON,1,0.0,1.0,0.0,0,,,,N FEE LN,E 13TH ST,,,,39.175125,-86.519805,LOCAL/CITY ROAD,N,URBAN,N,N,N,,DAYLIGHT,CLOUDY,DRY,,T-INTERSECTION,STRAIGHT/GRADE,ASPHALT,FAILURE TO YIELD RIGHT OF WAY,RIGHT TURN,FEELNTHIRTEENTHST,STOP SIGN,2020-02-18 15:20:00
BLOOMINGTON PD,BLOOMINGTON,1,0.0,0.0,0.0,0,,,,S LAURELWOOD DR,E WYLIE FARM RD,,,,39.1411,-86.52256,LOCAL/CITY ROAD,N,URBAN,N,N,N,,DAYLIGHT,CLEAR,DRY,,T-INTERSECTION,STRAIGHT/LEVEL,ASPHALT,DRIVER DISTRACTED - EXPLAIN IN NARRATIVE,RAN OFF ROAD,SLAURELWOODDRWYLEFARMRD,NONE,2020-02-18 15:30:00
INDIANA UNIV BLOOMINGTON PD,BLOOMINGTON,2,0.0,0.0,0.0,0,,,,E 3RD ST,S INDIANA AVE,,,,39.16431,-86.526775,LOCAL/CITY ROAD,N,URBAN,N,N,N,,DARK (NOT LIGHTED),CLEAR,DRY,,INTERCHANGE,STRAIGHT/LEVEL,ASPHALT,FOLLOWING TOO CLOSELY,REAR END,INDIANAAVETHIRDST,TRAFFIC CONTROL SIGNAL,2020-02-18 19:30:00
BLOOMINGTON PD,BLOOMINGTON,2,0.0,0.0,0.0,0,,,,W TAPP RD,S ROCKPORT RD,,,,39.136448,-86.548704,LOCAL/CITY ROAD,N,URBAN,N,N,N,,DAYLIGHT,CLEAR,DRY,,FOUR-WAY INTERSECTION,STRAIGHT/GRADE,ASPHALT,FAILURE TO YIELD RIGHT OF WAY,LEFT TURN,ROCKPORTRDTAPPRD,TRAFFIC CONTROL SIGNAL,2020-02-19 07:55:00
ELLETTSVILLE PD,ELLETTSVILLE,2,0.0,0.0,0.0,0,,,,N SALE ST,W VINE ST,,,,39.234384,-86.624064,LOCAL/CITY ROAD,N,URBAN,N,N,N,,DAYLIGHT,CLEAR,DRY,,NO JUNCTION INVOLVED,STRAIGHT/LEVEL,ASPHALT,OTHER (DRIVER) - EXPLAIN IN NARRATIVE,BACKING CRASH,SALESTVINEST,STOP SIGN,2020-02-19 15:35:00
BLOOMINGTON PD,BLOOMINGTON,1,0.0,0.0,0.0,0,,,,S LEONARD SPRINGS RD,W TAPP RD,,,,39.13683,-86.58261,LOCAL/CITY ROAD,N,URBAN,N,N,N,,DAWN/DUSK,CLEAR,DRY,,T-INTERSECTION,STRAIGHT/LEVEL,ASPHALT,OVERCORRECTING/OVERSTEERING,RAN OFF ROAD,LEONARDSPRINGSRDTAPPRD,STOP SIGN,2020-02-19 18:05:00
BLOOMINGTON PD,BLOOMINGTON,1,0.0,1.0,0.0,0,,,,S INDIANA AVE,W 4TH ST,,,,39.165648,-86.526848,LOCAL/CITY ROAD,N,URBAN,N,N,N,,DARK (LIGHTED),CLEAR,DRY,,FOUR-WAY INTERSECTION,STRAIGHT/GRADE,ASPHALT,IMPROPER TURNING,LEFT TURN,SINDIANAAVEW4THST,STOP SIGN,2020-02-19 20:00:00
BLOOMINGTON PD,BLOOMINGTON,2,0.0,0.0,0.0,0,,,,S COLLEGE AVE,W 3RD ST,,100.0,N,39.16464,-86.534816,LOCAL/CITY ROAD,Y,URBAN,N,N,N,,DARK (LIGHTED),CLEAR,DRY,,NO JUNCTION INVOLVED,STRAIGHT/LEVEL,ASPHALT,UNSAFE BACKING,BACKING CRASH,SCOLLEGEAVEW3RDST,NONE,2020-02-20 09:50:00
BLOOMINGTON PD,BLOOMINGTON,1,0.0,1.0,0.0,0,,,,N WALNUT ST,,,100.0,S,39.16864,-86.533568,LOCAL/CITY ROAD,Y,URBAN,N,N,N,,,CLEAR,DRY,,FOUR-WAY INTERSECTION,STRAIGHT/LEVEL,ASPHALT,IMPROPER LANE USAGE,,E7THSTNWALNUTST,TRAFFIC CONTROL SIGNAL,2020-02-20 14:47:00
BLOOMINGTON PD,BLOOMINGTON,3,0.0,1.0,0.0,0,,,,W 2ND ST,S ROGERS ST,,,,0.0,0.0,LOCAL/CITY ROAD,N,URBAN,N,N,N,,DAYLIGHT,CLEAR,DRY,,FOUR-WAY INTERSECTION,STRAIGHT/GRADE,ASPHALT,FOLLOWING TOO CLOSELY,REAR END,E2NDSTROGERSST,TRAFFIC CONTROL SIGNAL,2020-02-20 15:25:00
MONROE SD,BLOOMINGTON,2,0.0,0.0,0.0,0,4037.0,,,SR 45,,,2000.0,W,39.13972791,-86.58896743,STATE ROAD,Y,RURAL,N,N,N,,DAYLIGHT,CLEAR,DRY,,NO JUNCTION INVOLVED,CURVE/LEVEL,ASPHALT,FAILURE TO YIELD RIGHT OF WAY,REAR END,SCURRYPIKESR45W,NO PASSING ZONE,2020-02-20 15:38:00
INDIANA UNIV BLOOMINGTON PD,BLOOMINGTON,2,0.0,0.0,0.0,0,1100.0,,,N FOSTER DR,,,,,39.17612549,-86.51898236,LOCAL/CITY ROAD,N,URBAN,N,N,N,,DAYLIGHT,CLEAR,DRY,,NO JUNCTION INVOLVED,STRAIGHT/LEVEL,ASPHALT,UNSAFE BACKING,BACKING CRASH,NFEELN,NONE,2020-02-20 16:45:00
INDIANA UNIV BLOOMINGTON PD,BLOOMINGTON,2,0.0,0.0,0.0,0,,,,N INDIANA AVE,E KIRKWOOD AVE,,50.0,N,39.17181748,-86.52693,LOCAL/CITY ROAD,N,URBAN,N,N,N,,DAYLIGHT,CLOUDY,DRY,,NO JUNCTION INVOLVED,STRAIGHT/LEVEL,ASPHALT,IMPROPER LANE USAGE,SAME DIRECTION SIDESWIPE,INDIANAAVEKIRKWOODAVE,NONE,2020-02-20 18:00:00
BLOOMINGTON PD,BLOOMINGTON,2,0.0,0.0,0.0,0,,,,N WASHINGTON ST,E 17TH ST,,,,39.17904,-86.532096,LOCAL/CITY ROAD,Y,URBAN,N,,N,,DARK (LIGHTED),CLEAR,DRY,,FOUR-WAY INTERSECTION,STRAIGHT/LEVEL,ASPHALT,HEADLIGHT DEFECTIVE OR NOT ON,RIGHT ANGLE,E17THSTNWASHINGTONST,STOP SIGN,2020-02-20 20:02:00
MONROE SD,BLOOMINGTON,2,0.0,0.0,0.0,0,,,,W FULLERTON PIKE,I-69 S,,,,0.0,0.0,LOCAL/CITY ROAD,N,RURAL,N,N,N,,DARK (LIGHTED),CLEAR,DRY,,TRAFFIC CIRCLE/ROUNDABOUT,CURVE/LEVEL,CONCRETE,FAILURE TO YIELD RIGHT OF WAY,RIGHT ANGLE,I69SWFULLERTONPIKE,ROUNDABOUT INTERSECTION,2020-02-20 21:35:00
BLOOMINGTON PD,BLOOMINGTON,2,0.0,0.0,0.0,0,,,,S SPICEWOOD LN,E POPLAR DR,,,,39.1364,-86.500992,LOCAL/CITY ROAD,N,URBAN,N,N,N,,DAYLIGHT,CLEAR,DRY,,T-INTERSECTION,STRAIGHT/LEVEL,ASPHALT,FAILURE TO YIELD RIGHT OF WAY,RIGHT ANGLE,POPLARDRSPICEWOODLN,STOP SIGN,2020-02-21 08:10:00
ISP BLOOMINGTON 33,BLOOMINGTON,1,,1.0,0.0,0,,,,SR 37,I-69 S,,0.0,S,39.10735661,-86.55366845,STATE ROAD,,RURAL,N,N,N,,DAYLIGHT,CLEAR,DRY,,RAMP,,ASPHALT,DRIVER ASLEEP OR FATIGUED,RAN OFF ROAD,STATERD37,,2020-02-21 09:05:00
BLOOMINGTON PD,BLOOMINGTON,2,0.0,0.0,0.0,0,,,,W 2ND ST,S COLLEGE AVE,,,,39.16144,-86.534848,LOCAL/CITY ROAD,N,URBAN,N,N,N,,DAYLIGHT,CLEAR,DRY,,FOUR-WAY INTERSECTION,STRAIGHT/LEVEL,ASPHALT,OTHER (DRIVER) - EXPLAIN IN NARRATIVE,REAR END,E2NDSTSCOLLEGEAVE,TRAFFIC CONTROL SIGNAL,2020-02-21 13:10:00
MONROE SD,BLOOMINGTON,1,0.0,0.0,0.0,0,,,,SR 48,,,1000.0,E,39.16712199,-86.65801411,STATE ROAD,N,RURAL,N,N,N,,DAYLIGHT,CLEAR,DRY,,T-INTERSECTION,CURVE/LEVEL,ASPHALT,RAN OFF ROAD RIGHT,RAN OFF ROAD,SR48WWVERNALPIKEPIKE,NONE,2020-02-21 13:48:00
INDIANA UNIV BLOOMINGTON PD,BLOOMINGTON,1,0.0,0.0,0.0,0,,,,E 3RD ST,S FACULTY AVE,,,,39.164352,-86.521088,LOCAL/CITY ROAD,N,URBAN,N,N,N,,DAYLIGHT,CLEAR,DRY,,NO JUNCTION INVOLVED,STRAIGHT/LEVEL,ASPHALT,UNSAFE BACKING,BACKING CRASH,E3RDSTSFACULTYAVE,LANE CONTROL,2020-02-21 15:20:00
MONROE SD,BLOOMINGTON,2,0.0,0.0,0.0,0,,,,S WALNUT ST,E EMPIRE MILL RD,,,,39.08624,-86.542,COUNTY ROAD,N,RURAL,N,N,N,,DAYLIGHT,CLEAR,DRY,,T-INTERSECTION,CURVE/LEVEL,ASPHALT,FOLLOWING TOO CLOSELY,REAR END,EMPIREMILLRDSOUTHOLDSTATE37RD,TRAFFIC CONTROL SIGNAL,2020-02-21 17:21:00
INDIANA UNIV BLOOMINGTON PD,BLOOMINGTON,2,0.0,0.0,0.0,0,,,,E 10TH ST,N FESS AVE,,,,39.17166,-86.5258,LOCAL/CITY ROAD,N,URBAN,N,N,N,,DAWN/DUSK,CLEAR,DRY,,FOUR-WAY INTERSECTION,STRAIGHT/GRADE,ASPHALT,FAILURE TO YIELD RIGHT OF WAY,RIGHT ANGLE,FESSAVETENTHST,STOP SIGN,2020-02-21 18:15:00
BLOOMINGTON PD,BLOOMINGTON,2,0.0,0.0,0.0,0,,,,E 1ST ST,S PARK AVE,,,,39.159344,-86.523696,LOCAL/CITY ROAD,N,URBAN,N,N,N,,DAWN/DUSK,CLEAR,DRY,,NO JUNCTION INVOLVED,STRAIGHT/GRADE,ASPHALT,LEFT OF CENTER,OPPOSITE DIRECTION SIDESWIPE,E1STSTSPARKAVE,STOP SIGN,2020-02-21 18:29:00
INDIANA UNIV BLOOMINGTON PD,BLOOMINGTON,2,0.0,1.0,0.0,0,,,,E 17TH ST,N FEE LN,,,,39.178928,-86.518992,LOCAL/CITY ROAD,N,URBAN,N,N,N,,DARK (LIGHTED),CLEAR,DRY,,NO JUNCTION INVOLVED,STRAIGHT/LEVEL,ASPHALT,FOLLOWING TOO CLOSELY,REAR END,EAST17THSTFEELN,NONE,2020-02-21 20:08:00
MONROE SD,BLOOMINGTON,1,0.0,0.0,0.0,0,,,,S OLD SR 37,,,600.0,S,38.93356528,-86.5459,COUNTY ROAD,N,RURAL,N,N,N,,DAYLIGHT,CLEAR,DRY,,NO JUNCTION INVOLVED,STRAIGHT/GRADE,ASPHALT,RAN OFF ROAD RIGHT,RAN OFF ROAD,SOUTHOLDSTATEROAD37RDWESTINGRAMRD,NONE,2020-02-22 07:42:00
ELLETTSVILLE PD,ELLETTSVILLE,2,0.0,0.0,0.0,0,,,,S 1ST ST,W OAK ST,,50.0,S,39.230128,-86.622784,LOCAL/CITY ROAD,N,URBAN,N,N,N,,DAYLIGHT,CLEAR,DRY,,NO JUNCTION INVOLVED,STRAIGHT/GRADE,ASPHALT,FAILURE TO YIELD RIGHT OF WAY,LEFT TURN,1STOAKST,LANE CONTROL,2020-02-22 09:05:00
BLOOMINGTON PD,BLOOMINGTON,2,0.0,0.0,0.0,0,,,,W BLOOMFIELD RD,S CORY LN,,,,,,LOCAL/CITY ROAD,N,URBAN,N,N,N,,DAYLIGHT,CLEAR,DRY,,T-INTERSECTION,STRAIGHT/LEVEL,ASPHALT,FAILURE TO YIELD RIGHT OF WAY,RIGHT ANGLE,BLOOMFIELDRDCORYLN,STOP SIGN,2020-02-22 11:15:00
BLOOMINGTON PD,BLOOMINGTON,2,0.0,0.0,0.0,0,,,,S PATTERSON DR,W ISAACS DR,,,,39.16441,-86.55196,LOCAL/CITY ROAD,N,URBAN,Y,N,N,,DAYLIGHT,CLEAR,DRY,,FOUR-WAY INTERSECTION,STRAIGHT/LEVEL,ASPHALT,FAILURE TO YIELD RIGHT OF WAY,RIGHT ANGLE,PATTERSONDRTHIRDST,STOP SIGN,2020-02-22 12:50:00
BLOOMINGTON PD,BLOOMINGTON,3,0.0,0.0,0.0,0,,,,SR 46,E 7TH ST,,,,39.167648,-86.500096,STATE ROAD,N,URBAN,N,N,N,,DAYLIGHT,CLEAR,DRY,,T-INTERSECTION,STRAIGHT/GRADE,ASPHALT,FOLLOWING TOO CLOSELY,REAR TO REAR,E7THSTSR46N,NONE,2020-02-22 14:15:00
MONROE SD,BLOOMINGTON,2,0.0,0.0,0.0,0,,,,SR 37,,,1000.0,N,39.02275305,-86.53550942,STATE ROAD,N,RURAL,N,N,N,,DAYLIGHT,CLEAR,DRY,,INTERCHANGE,CURVE/LEVEL,ASPHALT,FOLLOWING TOO CLOSELY,SAME DIRECTION SIDESWIPE,MONROEDAMRDSR37S,NONE,2020-02-22 14:34:00
MONROE SD,BLOOMINGTON,2,0.0,0.0,0.0,0,,,,SR 37,,,1000.0,N,39.02275305,-86.53550942,STATE ROAD,N,RURAL,N,N,N,,DAYLIGHT,CLEAR,DRY,,NO JUNCTION INVOLVED,STRAIGHT/GRADE,ASPHALT,UNSAFE SPEED,REAR END,MONROEDAMRDSR37N,NONE,2020-02-22 15:35:00
INDIANA UNIV BLOOMINGTON PD,BLOOMINGTON,2,0.0,2.0,0.0,0,,,,N INDIANA AVE,ALLEY,,150.0,N,39.18239244,-86.52693,LOCAL/CITY ROAD,N,URBAN,N,N,N,,DARK (LIGHTED),CLEAR,DRY,,NO JUNCTION INVOLVED,STRAIGHT/LEVEL,ASPHALT,UNSAFE LANE MOVEMENT,LEFT TURN,INDIANAAVEKIRKWOODAVE,LANE CONTROL,2020-02-22 22:00:00
INDIANA UNIV BLOOMINGTON PD,BLOOMINGTON,2,0.0,0.0,0.0,0,,,,S HIGHLAND AVE,E 3RD ST,,,,39.16427,-86.51772,LOCAL/CITY ROAD,N,URBAN,N,N,N,,DARK (LIGHTED),CLEAR,DRY,,NO JUNCTION INVOLVED,STRAIGHT/LEVEL,ASPHALT,UNSAFE LANE MOVEMENT,SAME DIRECTION SIDESWIPE,HIGHLANDAVETHIRDST,LANE CONTROL,2020-02-22 22:30:00
INDIANA UNIV BLOOMINGTON PD,BLOOMINGTON,2,0.0,0.0,0.0,0,,,,N FEE LN,E 17TH ST,,,,39.17882,-86.51114974,LOCAL/CITY ROAD,N,URBAN,N,N,N,,DARK (LIGHTED),CLEAR,DRY,,FOUR-WAY INTERSECTION,STRAIGHT/LEVEL,ASPHALT,UNSAFE LANE MOVEMENT,SAME DIRECTION SIDESWIPE,EAST17THSTFEELN,TRAFFIC CONTROL SIGNAL,2020-02-22 23:39:00
BLOOMINGTON PD,BLOOMINGTON,3,0.0,3.0,0.0,0,,,,W 2ND ST,S MAPLE ST,,,,39.161568,-86.542096,LOCAL/CITY ROAD,N,URBAN,N,N,N,,DAYLIGHT,CLEAR,DRY,,NO JUNCTION INVOLVED,STRAIGHT/GRADE,CONCRETE,FOLLOWING TOO CLOSELY,REAR END,SMAPLESTW2NDST,NONE,2020-02-23 14:25:00
MONROE SD,BLOOMINGTON,1,0.0,0.0,0.0,1,,,,SR 46,,,1500.0,W,39.15753383,-86.40905922,STATE ROAD,N,RURAL,N,N,N,,DARK (NOT LIGHTED),CLEAR,DRY,,NO JUNCTION INVOLVED,CURVE/LEVEL,ASPHALT,ANIMAL/OBJECT IN ROADWAY,COLLISION WITH DEER,SFRIENDSHIPRDSR46E,NO PASSING ZONE,2020-02-23 19:27:00
INDIANA UNIV BLOOMINGTON PD,BLOOMINGTON,2,0.0,0.0,0.0,0,,,,N JORDAN AVE,E LAW LN,,,,39.17343,-86.51545,LOCAL/CITY ROAD,N,URBAN,N,N,N,,DARK (LIGHTED),CLEAR,DRY,,FOUR-WAY INTERSECTION,STRAIGHT/GRADE,ASPHALT,FOLLOWING TOO CLOSELY,REAR END,ELAWLNNJORDANAVE,TRAFFIC CONTROL SIGNAL,2020-02-23 21:55:00
BLOOMINGTON PD,BLOOMINGTON,1,0.0,0.0,0.0,0,,,,S WALNUT ST,E HILLSIDE DR,,,,39.15052,-86.53367,LOCAL/CITY ROAD,N,URBAN,N,N,N,,DARK (LIGHTED),CLEAR,DRY,,FOUR-WAY INTERSECTION,STRAIGHT/LEVEL,ASPHALT,RAN OFF ROAD RIGHT,OTHER - EXPLAIN IN NARRATIVE,EHILLSIDEDRSWALNUTST,TRAFFIC CONTROL SIGNAL,2020-02-24 03:00:00
MONROE SD,BLOOMINGTON,1,0.0,0.0,0.0,0,,,,N MT TABOR RD,,,1000.0,N,39.41732019,-86.63336,COUNTY ROAD,N,RURAL,N,N,N,,DAYLIGHT,CLEAR,DRY,,NO JUNCTION INVOLVED,STRAIGHT/HILLCREST,ASPHALT,RAN OFF ROAD RIGHT,RAN OFF ROAD,BRIGHTONRDMOUNTTABORRD,NONE,2020-02-24 08:12:00
INDIANA UNIV BLOOMINGTON PD,BLOOMINGTON,1,0.0,0.0,0.0,0,355.0,,,STADIUM DR,,,,,39.169981,-86.517332,LOCAL/CITY ROAD,Y,URBAN,N,N,N,,DAYLIGHT,RAIN,WET,,NO JUNCTION INVOLVED,CURVE/LEVEL,ASPHALT,UNSAFE BACKING,,NJORDANAVE,NONE,2020-02-24 08:55:00
MONROE SD,BLOOMINGTON,2,0.0,0.0,0.0,0,,,,SR 46,W ARLINGTON RD,,,,39.209808,-86.582672,STATE ROAD,Y,RURAL,N,N,N,,DAYLIGHT,RAIN,WET,,FOUR-WAY INTERSECTION,STRAIGHT/LEVEL,ASPHALT,OTHER (DRIVER) - EXPLAIN IN NARRATIVE,REAR END,ARLINGTONRDSR46W,TRAFFIC CONTROL SIGNAL,2020-02-24 09:38:00
BLOOMINGTON PD,BLOOMINGTON,3,0.0,0.0,0.0,0,,,,W COUNTRY CLUB DR,ENTRANCE TO WALNUT PARK SHOPPINIG CENTER,,100.0,W,39.13597,-86.53110134,LOCAL/CITY ROAD,N,URBAN,N,N,N,,DAYLIGHT,RAIN,WET,,FOUR-WAY INTERSECTION,STRAIGHT/LEVEL,ASPHALT,FAILURE TO YIELD RIGHT OF WAY,RIGHT ANGLE,SWALNUTSTWCOUNTRYCLUBDR,LANE CONTROL,2020-02-24 13:12:00
INDIANA UNIV BLOOMINGTON PD,BLOOMINGTON,3,0.0,0.0,0.0,0,,,,S INDIANA AVE,E 3RD ST,,,,39.16408667,-86.52713166,LOCAL/CITY ROAD,N,URBAN,N,N,N,,DAYLIGHT,RAIN,WET,,FOUR-WAY INTERSECTION,STRAIGHT/GRADE,ASPHALT,FOLLOWING TOO CLOSELY,REAR END,HENDERSONSTTHIRDST,TRAFFIC CONTROL SIGNAL,2020-02-24 16:47:00
MONROE SD,BLOOMINGTON,1,0.0,0.0,0.0,0,,,,SR 48,,,2640.0,E,0.0,0.0,STATE ROAD,N,RURAL,N,N,N,,DAYLIGHT,RAIN,WET,,NO JUNCTION INVOLVED,CURVE/LEVEL,ASPHALT,ANIMAL/OBJECT IN ROADWAY,RAN OFF ROAD,SR48WVERNALPIKE,LANE CONTROL,2020-02-24 16:53:00
MONROE SD,BLOOMINGTON,2,0.0,0.0,0.0,0,,Y,,W FULLERTON PIKE,I-69 S,,,,39.1221,-86.573165,COUNTY ROAD,N,RURAL,N,N,N,,DAYLIGHT,CLEAR,DRY,,TRAFFIC CIRCLE/ROUNDABOUT,STRAIGHT/LEVEL,ASPHALT,FAILURE TO YIELD RIGHT OF WAY,SAME DIRECTION SIDESWIPE,FULLERTONPIKETIWARIBLVD,ROUNDABOUT INTERSECTION,2020-02-24 17:32:00
ELLETTSVILLE PD,ELLETTSVILLE,2,0.0,0.0,0.0,0,,,,SR 46,N 5TH ST,,,,39.23352,-86.62424,STATE ROAD,N,URBAN,N,N,N,,DAWN/DUSK,RAIN,WET,,NO JUNCTION INVOLVED,STRAIGHT/GRADE,ASPHALT,FAILURE TO YIELD RIGHT OF WAY,RIGHT ANGLE,5THSTSR46W,LANE CONTROL,2020-02-25 07:20:00
BLOOMINGTON PD,BLOOMINGTON,2,0.0,0.0,0.0,0,,,,SR 45,ENTRANCE TO TOWNHOUSES ON 10TH,,800.0,E,39.17151295,-86.49248952,LOCAL/CITY ROAD,N,URBAN,N,N,N,,DAYLIGHT,CLOUDY,WET,,NO JUNCTION INVOLVED,STRAIGHT/LEVEL,ASPHALT,FOLLOWING TOO CLOSELY,REAR END,10THSTPETEELLISDR,NONE,2020-02-25 07:44:00
BLOOMINGTON PD,BLOOMINGTON,2,0.0,0.0,0.0,0,,,,SR 45,N PETE ELLIS DR,,,,39.171504,-86.495312,LOCAL/CITY ROAD,N,URBAN,N,N,N,,DAYLIGHT,RAIN,WET,,FOUR-WAY INTERSECTION,STRAIGHT/LEVEL,ASPHALT,UNSAFE LANE MOVEMENT,SAME DIRECTION SIDESWIPE,10THSTPETEELLISDR,TRAFFIC CONTROL SIGNAL,2020-02-25 09:01:00
INDIANA UNIV BLOOMINGTON PD,BLOOMINGTON,2,0.0,0.0,0.0,0,,,,E 3RD ST,S SWAIN AVE,,,,0.0,0.0,LOCAL/CITY ROAD,Y,URBAN,N,N,N,,DAYLIGHT,RAIN,WET,,T-INTERSECTION,STRAIGHT/LEVEL,ASPHALT,FOLLOWING TOO CLOSELY,REAR END,3RDSTSWAINAVE,LANE CONTROL,2020-02-25 12:42:00
INDIANA UNIV BLOOMINGTON PD,BLOOMINGTON,2,0.0,0.0,0.0,0,,,,E 17TH ST,N INDIANA AVE,,,,39.17902,-86.52705,LOCAL/CITY ROAD,N,URBAN,N,N,N,,DAYLIGHT,RAIN,WET,,T-INTERSECTION,STRAIGHT/LEVEL,ASPHALT,DISREGARD SIGNAL/REG SIGN,RIGHT ANGLE,EAST17THSTINDIANAAVE,STOP SIGN,2020-02-25 12:58:00
BLOOMINGTON PD,BLOOMINGTON,2,0.0,0.0,0.0,0,,,,S COLLEGE MALL RD,E 2ND ST,,100.0,S,39.160944,-86.497696,LOCAL/CITY ROAD,N,URBAN,N,N,N,,DAYLIGHT,RAIN,WET,,NO JUNCTION INVOLVED,STRAIGHT/GRADE,ASPHALT,FAILURE TO YIELD RIGHT OF WAY,RIGHT TURN,E2NDSTSCOLLEGEMALLRD,NONE,2020-02-25 14:00:00
BLOOMINGTON PD,BLOOMINGTON,2,0.0,1.0,0.0,0,,,,S WALNUT ST,W HILLSIDE DR,,,,39.15052,-86.53367,LOCAL/CITY ROAD,N,URBAN,N,N,B,,DAYLIGHT,CLEAR,WET,,FOUR-WAY INTERSECTION,STRAIGHT/LEVEL,ASPHALT,FOLLOWING TOO CLOSELY,REAR END,EHILLSIDEDRSWALNUTST,TRAFFIC CONTROL SIGNAL,2020-02-25 14:07:00
BLOOMINGTON PD,BLOOMINGTON,2,0.0,2.0,0.0,0,,,,SR 46,E EASTGATE LN (N),,,,39.17024,-86.501392,LOCAL/CITY ROAD,N,URBAN,N,N,N,,DAYLIGHT,RAIN,WET,,T-INTERSECTION,STRAIGHT/LEVEL,CONCRETE,RAN OFF ROAD RIGHT,HEAD ON BETWEEN TWO MOTOR VEHICLES,EEASTGATELNSR4546BYP,TRAFFIC CONTROL SIGNAL,2020-02-25 14:42:00
INDIANA UNIV BLOOMINGTON PD,BLOOMINGTON,2,0.0,0.0,0.0,0,,,,SR 46,E EASTGATE LN (N),,509.0,S,0.0,0.0,STATE ROAD,N,URBAN,N,N,Y,LANE CLOSURE,DAYLIGHT,CLOUDY,WET,,NO JUNCTION INVOLVED,CURVE/LEVEL,ASPHALT,FOLLOWING TOO CLOSELY,REAR END,SR45SR46,NONE,2020-02-25 15:44:00
BLOOMINGTON PD,BLOOMINGTON,2,0.0,0.0,0.0,0,,,,SR 45,N WOODBRIDGE DR,,,,39.17155,-86.49087,LOCAL/CITY ROAD,N,URBAN,N,N,N,,DAYLIGHT,RAIN,WET,,FOUR-WAY INTERSECTION,STRAIGHT/LEVEL,CONCRETE,FAILURE TO YIELD RIGHT OF WAY,LEFT TURN,E10THSTNWOODBRIDGEDR,NONE,2020-02-25 17:52:00
ELLETTSVILLE PD,ELLETTSVILLE,3,0.0,0.0,0.0,0,,,,SR 46,N UNION VALLEY RD,,50.0,E,39.21513,-86.59268432,STATE ROAD,N,URBAN,N,N,N,,DAYLIGHT,RAIN,WET,,FOUR-WAY INTERSECTION,STRAIGHT/LEVEL,ASPHALT,FAILURE TO YIELD RIGHT OF WAY,LEFT TURN,SR46WUNIONVALLEYRD,NONE,2020-02-25 17:59:00
INDIANA UNIV BLOOMINGTON PD,BLOOMINGTON,2,0.0,0.0,0.0,0,,,,N JORDAN AVE,E LAW LN,,,,39.17343,-86.51545,LOCAL/CITY ROAD,N,URBAN,N,N,N,,DAWN/DUSK,RAIN,WET,,FOUR-WAY INTERSECTION,STRAIGHT/LEVEL,ASPHALT,FAILURE TO YIELD RIGHT OF WAY,LEFT TURN,JORDANAVENUELAWLANE,TRAFFIC CONTROL SIGNAL,2020-02-25 18:05:00
BLOOMINGTON PD,BLOOMINGTON,2,0.0,1.0,0.0,0,,,,SR 45,N PETE ELLIS DR,,,,39.171504,-86.495312,LOCAL/CITY ROAD,N,URBAN,N,N,N,,DARK (LIGHTED),RAIN,WET,,FOUR-WAY INTERSECTION,STRAIGHT/LEVEL,ASPHALT,FAILURE TO YIELD RIGHT OF WAY,LEFT TURN,E10THSTNPETEELLISDR,TRAFFIC CONTROL SIGNAL,2020-02-25 19:00:00
BLOOMINGTON PD,BLOOMINGTON,2,0.0,0.0,0.0,0,,,,S HIGH ST,E WIMBLETON LN,,,,39.14424,-86.508208,LOCAL/CITY ROAD,N,URBAN,N,N,N,,DARK (NOT LIGHTED),CLOUDY,WET,,FOUR-WAY INTERSECTION,STRAIGHT/GRADE,CONCRETE,OTHER (DRIVER) - EXPLAIN IN NARRATIVE,OPPOSITE DIRECTION SIDESWIPE,EWIMBLETONLNSHIGHST,NONE,2020-02-25 19:00:00