Agency,City,Vehicles Involved,Trailers Involved,Number Injured,Number Dead,Number Deer,House Number,Roadway Interchange,Roadway Ramp,Roadway Id,Intersecting Road,Interchange,Feet From,Direction,Latitude,Longitude,Roadway Class,Hit and Run?,Locality,School Zone?,Rumble Strips?,Construction?,Construction Type,Light Condition,Weather Conditions,Surface Condition,Type of Median,Roadway Junction Type,Road Character,Roadway Surface,Primary Factor,Manner of Collision,Unique Location Id,Traffic Control,DateTime
MONROE SD,BLOOMINGTON,2,0.0,0.0,0.0,0,,,,S WALNUT ST,S ORCHARD LN,,186.0,S,39.09598613,-86.53121,COUNTY ROAD,N,RURAL,N,N,N,,DARK (NOT LIGHTED),CLOUDY,WET,,NO JUNCTION INVOLVED,STRAIGHT/GRADE,ASPHALT,FOLLOWING TOO CLOSELY,REAR TO REAR,ORCHARDLNSOLD37HWY,NONE,2020-02-25 21:34:00
BLOOMINGTON PD,BLOOMINGTON,2,0.0,0.0,0.0,0,,,,E ROGERS RD,S THE STANDS DR,,,,39.1364,-86.504896,LOCAL/CITY ROAD,N,URBAN,N,N,N,,DAWN/DUSK,RAIN,WET,,FOUR-WAY INTERSECTION,STRAIGHT/GRADE,ASPHALT,FAILURE TO YIELD RIGHT OF WAY,RIGHT ANGLE,ROGERSRDTHESTANDSDR,STOP SIGN,2020-02-26 07:43:00
MONROE SD,BLOOMINGTON,1,0.0,0.0,0.0,1,,,,SR 37,,,1000.0,S,39.16424,-86.480688,STATE ROAD,N,RURAL,N,Y,N,,DAYLIGHT,RAIN,WET,,NO JUNCTION INVOLVED,STRAIGHT/LEVEL,ASPHALT,ANIMAL/OBJECT IN ROADWAY,COLLISION WITH DEER,SMITHVILLERDSR37S,LANE CONTROL,2020-02-26 08:14:00
BLOOMINGTON PD,BLOOMINGTON,2,0.0,0.0,0.0,0,,,,W 3RD ST,S JOHNSON AVE,,300.0,W,39.16464,-86.56605044,LOCAL/CITY ROAD,N,URBAN,N,N,N,,DAYLIGHT,RAIN,WET,,NO JUNCTION INVOLVED,STRAIGHT/LEVEL,ASPHALT,DRIVER DISTRACTED - EXPLAIN IN NARRATIVE,REAR END,3RDSTJOHNSONST,LANE CONTROL,2020-02-26 12:04:00
INDIANA UNIV BLOOMINGTON PD,BLOOMINGTON,2,0.0,0.0,0.0,0,,,,SR 45/46,E 10TH ST,,,,0.0,0.0,STATE ROAD,N,URBAN,N,N,N,,DAYLIGHT,SNOW,WET,,FOUR-WAY INTERSECTION,STRAIGHT/LEVEL,ASPHALT,FOLLOWING TOO CLOSELY,REAR END,SR46UNIONVILLERD,TRAFFIC CONTROL SIGNAL,2020-02-26 12:40:00
INDIANA UNIV BLOOMINGTON PD,BLOOMINGTON,2,0.0,0.0,0.0,0,,,,N WOODLAWN AVE,E 8TH ST,,,,39.16948,-86.52349,LOCAL/CITY ROAD,N,URBAN,N,N,N,,DAYLIGHT,BLOWING SAND/SOIL/SNOW,WET,,FOUR-WAY INTERSECTION,STRAIGHT/LEVEL,ASPHALT,IMPROPER TURNING,LEFT TURN,E8THSTWOODLAWNAVE,STOP SIGN,2020-02-26 13:30:00
INDIANA UNIV BLOOMINGTON PD,BLOOMINGTON,2,0.0,0.0,0.0,0,,,,SR 45/46,E 10TH ST,,,,0.0,0.0,STATE ROAD,N,URBAN,N,N,N,,DAYLIGHT,SNOW,WET,,FOUR-WAY INTERSECTION,STRAIGHT/LEVEL,ASPHALT,FOLLOWING TOO CLOSELY,REAR END,SR46UNIONVILLERD,TRAFFIC CONTROL SIGNAL,2020-02-26 13:39:00
BLOOMINGTON PD,BLOOMINGTON,2,0.0,0.0,0.0,0,220.0,,,E WINSLOW RD,S WALNUT ST PIKE,,,,39.136144,-86.528688,LOCAL/CITY ROAD,N,URBAN,N,N,N,,DAYLIGHT,BLOWING SAND/SOIL/SNOW,SNOW/SLUSH,,FOUR-WAY INTERSECTION,STRAIGHT/LEVEL,ASPHALT,FOLLOWING TOO CLOSELY,REAR END,EWINSLOWRDSWALNUTSTPIKE,NONE,2020-02-26 15:10:00
ELLETTSVILLE PD,ELLETTSVILLE,2,0.0,0.0,0.0,0,,,,W ARLINGTON RD,N SHELBURNE DR,,30.0,E,39.207601,-86.57370501,STATE ROAD,N,URBAN,N,N,N,,DAYLIGHT,SNOW,WET,,NO JUNCTION INVOLVED,STRAIGHT/LEVEL,ASPHALT,FOLLOWING TOO CLOSELY,REAR END,SR46SR46E,NONE,2020-02-26 15:44:00
INDIANA UNIV BLOOMINGTON PD,BLOOMINGTON,4,0.0,3.0,0.0,0,,,,SR 45/46,E 10TH ST,,376.0,N,0.0,0.0,STATE ROAD,N,URBAN,N,N,N,,DAYLIGHT,BLOWING SAND/SOIL/SNOW,WET,,NO JUNCTION INVOLVED,STRAIGHT/LEVEL,ASPHALT,DRIVER DISTRACTED - EXPLAIN IN NARRATIVE,REAR END,SR45SR46,NONE,2020-02-26 16:08:00
MONROE SD,BLOOMINGTON,2,0.0,0.0,0.0,0,4025.0,,,S WALNUT ST,ENTRANCE TO CLEAR CREEK CROSSING,,,,39.137088,-86.53056,UNKNOWN,N,RURAL,N,N,N,,DAYLIGHT,CLOUDY,DRY,,NO JUNCTION INVOLVED,STRAIGHT/LEVEL,ASPHALT,IMPROPER TURNING,RIGHT TURN,SOLDSTATE37RD,NONE,2020-02-26 17:04:00
BLOOMINGTON PD,BLOOMINGTON,2,0.0,0.0,0.0,0,,,,E HILLSIDE DR,S HENDERSON ST,,100.0,W,39.15064,-86.52696,LOCAL/CITY ROAD,N,URBAN,Y,N,N,,DAYLIGHT,BLOWING SAND/SOIL/SNOW,SNOW/SLUSH,,T-INTERSECTION,STRAIGHT/GRADE,ASPHALT,FAILURE TO YIELD RIGHT OF WAY,RIGHT ANGLE,EHILLSIDEDRSHENDERSONST,STOP SIGN,2020-02-26 17:05:00
INDIANA UNIV BLOOMINGTON PD,BLOOMINGTON,2,0.0,0.0,0.0,0,,,,E 10TH ST,N WOODLAWN AVE,,,,39.17164,-86.52351,LOCAL/CITY ROAD,N,URBAN,N,N,N,,DARK (LIGHTED),SNOW,WET,,FOUR-WAY INTERSECTION,STRAIGHT/LEVEL,ASPHALT,SPEED TOO FAST FOR WEATHER CONDITIONS,REAR END,TENTHSTWOODLAWNAVE,TRAFFIC CONTROL SIGNAL,2020-02-26 22:00:00
BLOOMINGTON PD,BLOOMINGTON,2,0.0,0.0,0.0,0,,,,E 2ND ST,N WOODSCREST DR,,,,39.16092,-86.50245,LOCAL/CITY ROAD,N,URBAN,N,N,N,,DARK (LIGHTED),SNOW,ICE,,NO JUNCTION INVOLVED,STRAIGHT/LEVEL,ASPHALT,UNSAFE LANE MOVEMENT,SAME DIRECTION SIDESWIPE,2NDSTWOODCRESTDR,STOP SIGN,2020-02-26 23:17:00
BLOOMINGTON PD,BLOOMINGTON,2,0.0,0.0,0.0,0,,,,E ATWATER AVE,S ROSE AVE,,,,39.1631,-86.51093,LOCAL/CITY ROAD,N,URBAN,N,N,N,,DARK (LIGHTED),CLEAR,ICE,,FOUR-WAY INTERSECTION,STRAIGHT/GRADE,ASPHALT,OTHER (DRIVER) - EXPLAIN IN NARRATIVE,REAR END,ATWATERAVEROSEAVE,NONE,2020-02-27 01:25:00
MONROE SD,BLOOMINGTON,1,0.0,0.0,0.0,1,,,,SR 37,,,800.0,S,39.09078654,-86.54541038,STATE ROAD,N,RURAL,N,Y,N,,DAWN/DUSK,CLEAR,DRY,,NO JUNCTION INVOLVED,STRAIGHT/LEVEL,ASPHALT,ANIMAL/OBJECT IN ROADWAY,COLLISION WITH DEER,SR37NWDILLMANRD,NONE,2020-02-27 07:03:00
MONROE SD,BLOOMINGTON,2,0.0,0.0,0.0,0,,,,N MAPLE GROVE RD,W ACUFF RD,,,,39.206352,-86.557696,COUNTY ROAD,N,RURAL,N,N,N,,DAYLIGHT,CLEAR,ICE,,T-INTERSECTION,CURVE/GRADE,ASPHALT,ROADWAY SURFACE CONDITION,OPPOSITE DIRECTION SIDESWIPE,ACUFFRDMAPLEGROVERD,NONE,2020-02-27 07:39:00
MONROE SD,BLOOMINGTON,2,0.0,0.0,0.0,0,,,,N PROW RD,ENTRANCE TO BLOOMINGTON HIGH SCHOOL NORTH,,2500.0,N,39.192352,-86.552592,LOCAL/CITY ROAD,N,URBAN,Y,N,N,,DAWN/DUSK,CLEAR,ICE,,NO JUNCTION INVOLVED,STRAIGHT/LEVEL,ASPHALT,FOLLOWING TOO CLOSELY,REAR END,NPROWRDWARLINGTONRD,NONE,2020-02-27 07:45:00
INDIANA UNIV BLOOMINGTON PD,BLOOMINGTON,1,0.0,1.0,0.0,0,,,,E 10TH ST,N JORDAN AVE,,,,39.17159,-86.51567,LOCAL/CITY ROAD,N,URBAN,N,N,N,,DAYLIGHT,CLEAR,DRY,,FOUR-WAY INTERSECTION,STRAIGHT/LEVEL,ASPHALT,FAILURE TO YIELD RIGHT OF WAY,LEFT TURN,JORDANAVETENTHST,TRAFFIC CONTROL SIGNAL,2020-02-27 09:05:00
BLOOMINGTON PD,BLOOMINGTON,2,0.0,0.0,0.0,0,,Y,,I-69 S,SR 48,,,,0.0,0.0,INTERSTATE,N,URBAN,N,N,N,,DAYLIGHT,CLOUDY,DRY,,RAMP,STRAIGHT/GRADE,ASPHALT,FOLLOWING TOO CLOSELY,REAR END,3RDSTI69S,LANE CONTROL,2020-02-27 11:51:00
BLOOMINGTON PD,BLOOMINGTON,2,0.0,0.0,0.0,0,,,,E WINSLOW RD,ACADIA CT,,,,39.136048,-86.518496,LOCAL/CITY ROAD,N,URBAN,N,N,N,,DAYLIGHT,CLOUDY,DRY,,T-INTERSECTION,STRAIGHT/GRADE,ASPHALT,FAILURE TO YIELD RIGHT OF WAY,RIGHT ANGLE,ACADIACTWINSLOWRD,STOP SIGN,2020-02-27 12:01:00
BLOOMINGTON PD,BLOOMINGTON,2,0.0,0.0,0.0,0,,,,E 3RD ST,S CLARK ST,,,,39.164288,-86.5048,LOCAL/CITY ROAD,Y,URBAN,N,N,N,,DAYLIGHT,CLEAR,DRY,,NO JUNCTION INVOLVED,STRAIGHT/GRADE,ASPHALT,FOLLOWING TOO CLOSELY,REAR END,E3RDSTSCLARKST,NONE,2020-02-27 17:39:00
MONROE SD,BLOOMINGTON,1,0.0,0.0,0.0,1,,,,S VICTOR PIKE,,,540.0,S,39.093088,-86.559312,LOCAL/CITY ROAD,N,RURAL,N,N,N,,DARK (NOT LIGHTED),CLOUDY,DRY,,NO JUNCTION INVOLVED,STRAIGHT/GRADE,CONCRETE,ANIMAL/OBJECT IN ROADWAY,COLLISION WITH DEER,SVICTORPIKEWDILLMANRD,NONE,2020-02-27 19:18:00
MONROE SD,BLOOMINGTON,1,0.0,0.0,0.0,0,,,,W THRASHER RD,,,800.0,W,39.016256,-86.562496,LOCAL/CITY ROAD,N,RURAL,N,N,N,,DARK (NOT LIGHTED),CLEAR,DRY,,NO JUNCTION INVOLVED,STRAIGHT/GRADE,ASPHALT,RAN OFF ROAD RIGHT,RAN OFF ROAD,SKETCHAMRDWTHRASHERRD,NONE,2020-02-27 19:42:00
BLOOMINGTON PD,BLOOMINGTON,2,0.0,0.0,0.0,0,,,,S HENDERSON ST,E BRENDA LN,,,,39.151952,-86.526976,LOCAL/CITY ROAD,Y,URBAN,Y,N,N,,DARK (LIGHTED),CLEAR,DRY,,T-INTERSECTION,STRAIGHT/GRADE,ASPHALT,LEFT OF CENTER,OPPOSITE DIRECTION SIDESWIPE,EBRENDALNSHENDERSONST,LANE CONTROL,2020-02-27 20:00:00
BLOOMINGTON PD,BLOOMINGTON,2,0.0,1.0,0.0,0,,,,S WALNUT ST,E WINSLOW RD,,100.0,S,39.136144,-86.528688,LOCAL/CITY ROAD,N,URBAN,N,N,N,,DARK (LIGHTED),CLEAR,DRY,,NO JUNCTION INVOLVED,CURVE/GRADE,ASPHALT,LEFT OF CENTER,HEAD ON BETWEEN TWO MOTOR VEHICLES,EWINSLOWRDSWALNUTST,NONE,2020-02-27 20:04:00
INDIANA UNIV BLOOMINGTON PD,BLOOMINGTON,2,0.0,0.0,0.0,0,,,,S INDIANA AVE,E 3RD ST,,,,39.16408667,-86.52713166,LOCAL/CITY ROAD,Y,URBAN,N,N,N,,DARK (LIGHTED),CLOUDY,DRY,,NO JUNCTION INVOLVED,STRAIGHT/GRADE,ASPHALT,UNSAFE LANE MOVEMENT,SAME DIRECTION SIDESWIPE,HENDERSONSTTHIRDST,LANE CONTROL,2020-02-27 20:10:00
INDIANA UNIV BLOOMINGTON PD,BLOOMINGTON,2,0.0,0.0,0.0,0,,,,N INDIANA AVE,E 10TH ST,,,,39.17167,-86.527,LOCAL/CITY ROAD,Y,URBAN,N,N,N,,DARK (LIGHTED),CLOUDY,DRY,,FOUR-WAY INTERSECTION,STRAIGHT/LEVEL,ASPHALT,OTHER (DRIVER) - EXPLAIN IN NARRATIVE,REAR END,INDIANAAVETENTHST,TRAFFIC CONTROL SIGNAL,2020-02-27 20:15:00
INDIANA UNIV BLOOMINGTON PD,BLOOMINGTON,1,0.0,1.0,0.0,0,,,,N PETE ELLIS DR,SR 45,,,,0.0,0.0,LOCAL/CITY ROAD,N,URBAN,N,N,N,,DARK (LIGHTED),CLEAR,DRY,,FOUR-WAY INTERSECTION,STRAIGHT/GRADE,ASPHALT,FAILURE TO YIELD RIGHT OF WAY,RIGHT ANGLE,PETEELLISDRSR45,TRAFFIC CONTROL SIGNAL,2020-02-27 21:00:00
MONROE SD,BLOOMINGTON,1,0.0,0.0,0.0,0,375.0,,,N HARTSTRAIT RD,,,1660.0,N,0.0,0.0,LOCAL/CITY ROAD,N,RURAL,N,N,N,,DARK (NOT LIGHTED),BLOWING SAND/SOIL/SNOW,WET,,NO JUNCTION INVOLVED,STRAIGHT/GRADE,ASPHALT,SPEED TOO FAST FOR WEATHER CONDITIONS,RAN OFF ROAD,NHARTSTRAITRDSR48W,LANE CONTROL,2020-02-28 00:05:00
MONROE SD,BLOOMINGTON,1,0.0,0.0,0.0,1,,,,N BOTTOM RD,,,2700.0,S,39.24744,-86.547792,LOCAL/CITY ROAD,N,RURAL,N,N,N,,DAYLIGHT,SNOW,WET,,NO JUNCTION INVOLVED,CURVE/LEVEL,ASPHALT,ANIMAL/OBJECT IN ROADWAY,COLLISION WITH DEER,NBOTTOMRDWMAPLEGROVERD,NONE,2020-02-28 06:18:00
BLOOMINGTON PD,BLOOMINGTON,2,0.0,0.0,0.0,0,,,,S PATTERSON DR,W 3RD ST (N),,,,39.16441,-86.55196,LOCAL/CITY ROAD,N,URBAN,N,N,N,,DAYLIGHT,CLOUDY,WET,,FOUR-WAY INTERSECTION,STRAIGHT/GRADE,ASPHALT,UNSAFE BACKING,BACKING CRASH,PATTERSONDRTHIRDST,TRAFFIC CONTROL SIGNAL,2020-02-28 07:27:00
BLOOMINGTON PD,BLOOMINGTON,2,0.0,0.0,0.0,0,,,,S COLLEGE MALL RD,E 2ND ST,,,,39.16094,-86.4977,LOCAL/CITY ROAD,N,URBAN,N,N,N,,DAYLIGHT,CLEAR,DRY,,FOUR-WAY INTERSECTION,STRAIGHT/LEVEL,ASPHALT,FAILURE TO YIELD RIGHT OF WAY,SAME DIRECTION SIDESWIPE,E2NDSTSCOLLEGEMALLRD,TRAFFIC CONTROL SIGNAL,2020-02-28 07:28:00
BLOOMINGTON PD,BLOOMINGTON,2,0.0,0.0,0.0,0,,,,W 14TH ST,N WALNUT ST,,,,39.175952,-86.53344,LOCAL/CITY ROAD,N,URBAN,N,N,N,,DAYLIGHT,CLOUDY,DRY,,FOUR-WAY INTERSECTION,STRAIGHT/GRADE,ASPHALT,FAILURE TO YIELD RIGHT OF WAY,RIGHT ANGLE,14THSTNWALNUTST,STOP SIGN,2020-02-28 11:30:00
INDIANA UNIV BLOOMINGTON PD,BLOOMINGTON,2,0.0,0.0,0.0,0,,,,E 10TH ST,N FEE LN,,,,39.17161,-86.51902,LOCAL/CITY ROAD,N,URBAN,N,N,N,,DAYLIGHT,CLEAR,DRY,,T-INTERSECTION,STRAIGHT/LEVEL,ASPHALT,UNSAFE BACKING,BACKING CRASH,FEELNTENTHST,TRAFFIC CONTROL SIGNAL,2020-02-28 12:00:00
ELLETTSVILLE PD,ELLETTSVILLE,2,0.0,0.0,0.0,0,,,,W RATLIFF RD,,,2000.0,W,39.213825,-86.61057577,COUNTY ROAD,N,RURAL,N,N,N,,DAYLIGHT,CLEAR,DRY,,NO JUNCTION INVOLVED,STRAIGHT/HILLCREST,ASPHALT,BRAKE FAILURE OR DEFECTIVE,SAME DIRECTION SIDESWIPE,4100HARTSTRAITRDRATLIFFRD,LANE CONTROL,2020-02-28 12:35:00
BLOOMINGTON PD,BLOOMINGTON,2,0.0,0.0,0.0,0,,,,SR 46,S PETE ELLIS DR,,,,39.16424,-86.495088,LOCAL/CITY ROAD,N,URBAN,N,N,N,,DAYLIGHT,CLOUDY,WET,,FOUR-WAY INTERSECTION,STRAIGHT/LEVEL,ASPHALT,FAILURE TO YIELD RIGHT OF WAY,LEFT TURN,E3RDSTSPETEELLISDR,TRAFFIC CONTROL SIGNAL,2020-02-28 15:21:00
ELLETTSVILLE PD,ELLETTSVILLE,3,0.0,0.0,0.0,0,,,,SR 46,,,600.0,W,39.25398661,-86.65466312,STATE ROAD,N,RURAL,N,N,N,,DAYLIGHT,SNOW,WET,,NO JUNCTION INVOLVED,STRAIGHT/LEVEL,ASPHALT,FOLLOWING TOO CLOSELY,REAR END,FLATWOODSRDSR46E,NONE,2020-02-28 15:44:00
INDIANA UNIV BLOOMINGTON PD,BLOOMINGTON,2,0.0,0.0,0.0,0,,,,E 3RD ST,N UNION ST,,,,0.0,0.0,LOCAL/CITY ROAD,N,URBAN,N,N,N,,DARK (LIGHTED),SNOW,WET,,T-INTERSECTION,STRAIGHT/LEVEL,ASPHALT,FAILURE TO YIELD RIGHT OF WAY,HEAD ON BETWEEN TWO MOTOR VEHICLES,THIRDSTUNIONST,STOP SIGN,2020-02-28 18:40:00
BLOOMINGTON PD,BLOOMINGTON,2,0.0,0.0,0.0,0,,,,SR 46,E 7TH ST,,,,39.167648,-86.500096,STATE ROAD,N,URBAN,N,N,N,,DARK (NOT LIGHTED),CLOUDY,WET,,T-INTERSECTION,STRAIGHT/GRADE,ASPHALT,FOLLOWING TOO CLOSELY,REAR END,E7THSTSR4546E,STOP SIGN,2020-02-28 19:21:00
INDIANA UNIV BLOOMINGTON PD,BLOOMINGTON,2,0.0,0.0,0.0,0,,,,S WOODLAWN AVE,E 3RD ST,,,,39.16425,-86.52262,LOCAL/CITY ROAD,N,URBAN,N,N,N,,DARK (LIGHTED),SNOW,WET,,T-INTERSECTION,STRAIGHT/LEVEL,ASPHALT,DISREGARD SIGNAL/REG SIGN,SAME DIRECTION SIDESWIPE,THIRDSTWOODLAWNAVE,TRAFFIC CONTROL SIGNAL,2020-02-28 21:34:00
INDIANA UNIV BLOOMINGTON PD,BLOOMINGTON,2,0.0,0.0,0.0,0,,,,E LINGELBACH LN,N UNION ST,,,,0.0,0.0,LOCAL/CITY ROAD,Y,URBAN,N,N,Y,WORK ON SHOULDER,UNKNOWN,CLEAR,DRY,,NO JUNCTION INVOLVED,CURVE/GRADE,ASPHALT,OTHER (VEHICLE) - EXPLAIN IN NARRATIVE,OTHER - EXPLAIN IN NARRATIVE,ELINGELBACHLNNUNIONST,NONE,2020-02-29 08:00:00
BLOOMINGTON PD,BLOOMINGTON,3,0.0,0.0,0.0,0,,,,SR 46,E EASTGATE LN (N),,,,39.17013,-86.50155,LOCAL/CITY ROAD,N,URBAN,N,N,N,,DAYLIGHT,CLEAR,DRY,,T-INTERSECTION,STRAIGHT/LEVEL,ASPHALT,FOLLOWING TOO CLOSELY,REAR END,EEASTGATELNSR46HWY,NONE,2020-02-29 13:24:00
MONROE SD,BLOOMINGTON,1,0.0,0.0,0.0,0,,,,W TAPP RD,S DANLYN RD,,,,39.1368,-86.57612,LOCAL/CITY ROAD,N,URBAN,N,N,N,,DAYLIGHT,CLEAR,DRY,,TRAFFIC CIRCLE/ROUNDABOUT,CURVE/GRADE,ASPHALT,OVERCORRECTING/OVERSTEERING,OTHER - EXPLAIN IN NARRATIVE,SDANLYNRDWTAPPRD,ROUNDABOUT INTERSECTION,2020-02-29 15:04:00
MONROE SD,BLOOMINGTON,1,0.0,2.0,0.0,0,,,,N WAYPORT RD,,,1478.0,N,0.0,0.0,LOCAL/CITY ROAD,N,RURAL,N,N,N,,DAYLIGHT,CLEAR,DRY,,NO JUNCTION INVOLVED,CURVE/LEVEL,ASPHALT,LEFT OF CENTER,RAN OFF ROAD,ESAMPLERDNWAYPORTRD,NONE,2020-02-29 18:32:00
MONROE SD,BLOOMINGTON,1,0.0,0.0,0.0,0,,,,W REEVES RD,,,1000.0,W,39.231344,-86.640096,COUNTY ROAD,Y,RURAL,N,N,N,,UNKNOWN,CLEAR,DRY,,NO JUNCTION INVOLVED,STRAIGHT/LEVEL,ASPHALT,RAN OFF ROAD RIGHT,RAN OFF ROAD,LOUDENRDWREEEVESRD,LANE CONTROL,2020-03-01 07:23:00
INDIANA UNIV BLOOMINGTON PD,BLOOMINGTON,2,0.0,0.0,0.0,0,,,,SR 45/46,E 10TH ST,,,,0.0,0.0,STATE ROAD,N,URBAN,N,N,N,,DAYLIGHT,CLEAR,DRY,,FOUR-WAY INTERSECTION,STRAIGHT/LEVEL,ASPHALT,FOLLOWING TOO CLOSELY,REAR END,SR4610THSTREET,TRAFFIC CONTROL SIGNAL,2020-03-01 12:42:00
INDIANA UNIV BLOOMINGTON PD,BLOOMINGTON,2,0.0,0.0,0.0,0,,,,SR 45/46,E 10TH ST,,,,39.171648,-86.502096,STATE ROAD,N,URBAN,N,N,N,,DAYLIGHT,CLEAR,DRY,,FOUR-WAY INTERSECTION,STRAIGHT/LEVEL,ASPHALT,FOLLOWING TOO CLOSELY,REAR END,SR4610THSTREET,TRAFFIC CONTROL SIGNAL,2020-03-01 12:42:00
BLOOMINGTON PD,BLOOMINGTON,2,0.0,1.0,0.0,0,,,,W COUNTRY CLUB DR,B-LINE TRAIL,,600.0,E,39.136048,-86.536992,LOCAL/CITY ROAD,N,URBAN,N,N,N,,DAYLIGHT,CLEAR,DRY,,FOUR-WAY INTERSECTION,STRAIGHT/GRADE,ASPHALT,FOLLOWING TOO CLOSELY,REAR END,SMADISONSTWCOUNTRYCLUBDR,NONE,2020-03-01 13:45:00
BLOOMINGTON PD,BLOOMINGTON,2,0.0,0.0,0.0,0,,,,SR 48,ENTRANCE TO KROGER FUEL CENTER,,250.0,W,39.16461,-86.57910835,LOCAL/CITY ROAD,N,URBAN,N,N,N,,DAYLIGHT,CLEAR,DRY,,T-INTERSECTION,STRAIGHT/GRADE,ASPHALT,FAILURE TO YIELD RIGHT OF WAY,RIGHT ANGLE,SLIBERTYDRW3RDST,STOP SIGN,2020-03-01 16:40:00
BLOOMINGTON PD,BLOOMINGTON,1,0.0,0.0,0.0,0,,37,4,I-69 N,SR 45/46,,,,0.0,0.0,INTERSTATE,N,RURAL,N,N,N,,DAYLIGHT,CLOUDY,LOOSE MATERIAL ON ROAD,,RAMP,CURVE/GRADE,ASPHALT,RAN OFF ROAD RIGHT,RAN OFF ROAD,I69N,NONE,2020-03-01 17:00:00
BLOOMINGTON PD,BLOOMINGTON,1,0.0,0.0,0.0,1,,,,W TAPP RD,,,200.0,E,39.16567114,-86.55020711,LOCAL/CITY ROAD,N,URBAN,N,N,N,,DARK (NOT LIGHTED),CLEAR,DRY,,NO JUNCTION INVOLVED,STRAIGHT/LEVEL,ASPHALT,ANIMAL/OBJECT IN ROADWAY,COLLISION WITH DEER,SADAMSSTTAPPRD,ROUNDABOUT INTERSECTION,2020-03-01 19:05:00
MONROE SD,BLOOMINGTON,2,0.0,0.0,0.0,0,,,,W OLD SR 37,,,2000.0,N,39.222544,-86.5172,COUNTY ROAD,N,RURAL,N,N,N,,DARK (NOT LIGHTED),RAIN,WET,,NO JUNCTION INVOLVED,STRAIGHT/GRADE,ASPHALT,FAILURE TO YIELD RIGHT OF WAY,HEAD ON BETWEEN TWO MOTOR VEHICLES,NOLDSTATEROAD37HWYWHISNANDRD,NONE,2020-03-02 03:29:00
ELLETTSVILLE PD,ELLETTSVILLE,2,0.0,0.0,0.0,0,,,,SR 46,N HARTSTRAIT RD,,,,39.22766,-86.61594,STATE ROAD,N,URBAN,N,N,N,,DAWN/DUSK,RAIN,WET,,FOUR-WAY INTERSECTION,STRAIGHT/LEVEL,ASPHALT,FOLLOWING TOO CLOSELY,REAR END,HARTSTRAITRDSR46W,TRAFFIC CONTROL SIGNAL,2020-03-02 07:17:00
MONROE SD,BLOOMINGTON,1,0.0,0.0,0.0,0,,,,SR 46,N STINESVILLE RD,,,,39.2668,-86.66569,STATE ROAD,N,RURAL,N,N,N,,DAYLIGHT,RAIN,WET,,T-INTERSECTION,STRAIGHT/LEVEL,ASPHALT,ANIMAL/OBJECT IN ROADWAY,COLLISION WITH ANIMAL OTHER,SR46WSTINESVILLERD,NONE,2020-03-02 08:06:00
INDIANA UNIV BLOOMINGTON PD,BLOOMINGTON,2,0.0,0.0,0.0,0,,,,SR 45/46,E DISCOVERY PKWY,,,,39.16500353,-86.42988849,STATE ROAD,N,URBAN,N,N,Y,LANE CLOSURE,DAYLIGHT,RAIN,WET,,NO JUNCTION INVOLVED,STRAIGHT/LEVEL,ASPHALT,FOLLOWING TOO CLOSELY,REAR END,SR46DISCOVERYPARKWAY,OFFICER/CROSSING GUARD/FLAGMAN,2020-03-02 12:30:00
INDIANA UNIV BLOOMINGTON PD,BLOOMINGTON,2,0.0,0.0,0.0,0,,,,SR 45/46,E DISCOVERY PKWY,,,,39.16500353,-86.42988849,STATE ROAD,N,URBAN,N,N,Y,LANE CLOSURE,DAYLIGHT,RAIN,WET,,NO JUNCTION INVOLVED,STRAIGHT/LEVEL,ASPHALT,FOLLOWING TOO CLOSELY,REAR END,SR46DISCOVERYPARKWAY,OFFICER/CROSSING GUARD/FLAGMAN,2020-03-02 12:30:00
INDIANA UNIV BLOOMINGTON PD,BLOOMINGTON,2,0.0,0.0,0.0,0,,,,SR 45/46,E 10TH ST,,73.0,S,0.0,0.0,STATE ROAD,N,URBAN,N,N,N,,DAYLIGHT,CLOUDY,WET,,NO JUNCTION INVOLVED,STRAIGHT/LEVEL,ASPHALT,FOLLOWING TOO CLOSELY,REAR END,SR45SR46,NONE,2020-03-02 14:50:00
BLOOMINGTON PD,BLOOMINGTON,2,0.0,0.0,0.0,0,,,,S WALNUT ST,E RIDGEVIEW DR,,,,39.13197,-86.53144,LOCAL/CITY ROAD,N,URBAN,N,N,N,,DAYLIGHT,CLOUDY,WET,,NO JUNCTION INVOLVED,STRAIGHT/LEVEL,ASPHALT,FOLLOWING TOO CLOSELY,REAR END,ERIDGEVIEWDRSWALNUTST,NONE,2020-03-02 16:23:00
MONROE SD,BLOOMINGTON,2,0.0,0.0,0.0,0,,,,W TAPP RD,S RAYLE PL,,,,39.13704,-86.577504,LOCAL/CITY ROAD,N,URBAN,N,N,N,,DAYLIGHT,CLOUDY,DRY,,T-INTERSECTION,STRAIGHT/LEVEL,ASPHALT,FAILURE TO YIELD RIGHT OF WAY,RIGHT ANGLE,SRAYLEPLWTAPPRD,STOP SIGN,2020-03-02 17:22:00