Agency,City,Vehicles Involved,Trailers Involved,Number Injured,Number Dead,Number Deer,House Number,Roadway Interchange,Roadway Ramp,Roadway Id,Intersecting Road,Interchange,Feet From,Direction,Latitude,Longitude,Roadway Class,Hit and Run?,Locality,School Zone?,Rumble Strips?,Construction?,Construction Type,Light Condition,Weather Conditions,Surface Condition,Type of Median,Roadway Junction Type,Road Character,Roadway Surface,Primary Factor,Manner of Collision,Unique Location Id,Traffic Control,DateTime
BLOOMINGTON PD,BLOOMINGTON,2,0.0,1.0,0.0,0,,,,W COUNTRY CLUB DR,S ROGERS ST,,,,39.13608,-86.538096,LOCAL/CITY ROAD,N,URBAN,N,N,N,,DAYLIGHT,RAIN,WET,,FOUR-WAY INTERSECTION,STRAIGHT/GRADE,ASPHALT,FOLLOWING TOO CLOSELY,REAR END,COUNTRYCLUBDRROGERSRD,TRAFFIC CONTROL SIGNAL,2020-03-18 12:38:00
MONROE SD,BLOOMINGTON,1,0.0,0.0,0.0,0,4625.0,,,W GIFFORD RD,,,100.0,E,39.151344,-86.5964,LOCAL/CITY ROAD,Y,URBAN,N,N,N,,DAYLIGHT,RAIN,WET,,NO JUNCTION INVOLVED,CURVE/LEVEL,ASPHALT,RAN OFF ROAD RIGHT,RAN OFF ROAD,SOUTHENDWRIGHTRDWESTGIFFORDRD,NONE,2020-03-18 15:17:00
MONROE SD,BLOOMINGTON,1,0.0,0.0,0.0,0,,,,S KIRBY RD,W GIFFORD RD,,,,39.15144,-86.610496,LOCAL/CITY ROAD,N,RURAL,N,N,N,,DAYLIGHT,RAIN,WET,,T-INTERSECTION,STRAIGHT/GRADE,ASPHALT,RAN OFF ROAD RIGHT,RAN OFF ROAD,SKIRBYRDWGIFFORDRD,STOP SIGN,2020-03-18 15:23:00
INDIANA UNIV BLOOMINGTON PD,BLOOMINGTON,2,0.0,0.0,0.0,0,,,,N ROSE AVE,E 7TH ST,,,,,,LOCAL/CITY ROAD,N,URBAN,N,N,N,,DAYLIGHT,RAIN,WET,,NO JUNCTION INVOLVED,STRAIGHT/GRADE,ASPHALT,FAILURE TO YIELD RIGHT OF WAY,SAME DIRECTION SIDESWIPE,E7THSTNROSEAVE,NONE,2020-03-18 16:13:00
BLOOMINGTON PD,BLOOMINGTON,2,0.0,2.0,0.0,0,,,,N COLLEGE AVE,W 7TH ST,,,,39.168656,-86.534784,LOCAL/CITY ROAD,N,URBAN,N,N,N,,DAYLIGHT,RAIN,WET,,FOUR-WAY INTERSECTION,STRAIGHT/LEVEL,ASPHALT,DISREGARD SIGNAL/REG SIGN,RIGHT ANGLE,NCOLLEGEAVEW7THST,TRAFFIC CONTROL SIGNAL,2020-03-18 17:35:00
ISP BLOOMINGTON 33,BLOOMINGTON,1,,0.0,0.0,0,,Y,115,I-69 S,W FULLERTON PIKE,,1003.0,E,39.12850824,-86.57317889,INTERSTATE,,URBAN,N,Y,N,,DAYLIGHT,RAIN,WET,,NO JUNCTION INVOLVED,,ASPHALT,OTHER (VEHICLE) - EXPLAIN IN NARRATIVE,COLLISION WITH OBJECT IN ROAD,I-69WOODHAVENDR,,2020-03-19 12:45:00
MONROE SD,BLOOMINGTON,1,0.0,0.0,0.0,0,,,,N LOW GAP RD,,,500.0,S,0.0,0.0,COUNTY ROAD,N,RURAL,N,N,N,,DAYLIGHT,RAIN,WET,,NO JUNCTION INVOLVED,CURVE/GRADE,ASPHALT,RAN OFF ROAD RIGHT,RAN OFF ROAD,NORTHLOWGAPRDTULIPTREECT,NONE,2020-03-19 13:51:00
ELLETTSVILLE PD,ELLETTSVILLE,2,0.0,2.0,0.0,0,,,,SR 46,N UNION VALLEY RD,,,,,,STATE ROAD,N,URBAN,N,N,N,,DAYLIGHT,RAIN,WET,,FOUR-WAY INTERSECTION,STRAIGHT/LEVEL,ASPHALT,DISREGARD SIGNAL/REG SIGN,LEFT TURN,SR46WUNIONVALLEYRD,TRAFFIC CONTROL SIGNAL,2020-03-19 13:58:00
BLOOMINGTON PD,BLOOMINGTON,2,0.0,0.0,0.0,0,,,,S LANDMARK AVE,W ARCH HAVEN AVE,,300.0,N,,,LOCAL/CITY ROAD,N,URBAN,N,N,N,,DAYLIGHT,RAIN,WET,,NO JUNCTION INVOLVED,STRAIGHT/GRADE,ASPHALT,FAILURE TO YIELD RIGHT OF WAY,LEFT TURN,SLANDMARKAVEWBLOOMFIELDRD,NONE,2020-03-19 14:40:00
INDIANA UNIV BLOOMINGTON PD,BLOOMINGTON,2,0.0,0.0,0.0,0,,,,SR 45/46,E 10TH ST,,,,39.176848,-86.478192,STATE ROAD,N,URBAN,N,N,N,,DAYLIGHT,RAIN,WET,,FOUR-WAY INTERSECTION,STRAIGHT/LEVEL,ASPHALT,FOLLOWING TOO CLOSELY,REAR END,10THSTSR45S,TRAFFIC CONTROL SIGNAL,2020-03-19 17:05:00
INDIANA UNIV BLOOMINGTON PD,BLOOMINGTON,1,0.0,0.0,0.0,0,,,,SR 45/46,E 17TH ST,,500.0,W,39.18077171,-86.50838423,STATE ROAD,N,URBAN,N,N,Y,LANE CLOSURE,DAYLIGHT,RAIN,WET,,NO JUNCTION INVOLVED,STRAIGHT/LEVEL,ASPHALT,OTHER (DRIVER) - EXPLAIN IN NARRATIVE,RAN OFF ROAD,17THSTSR45E,LANE CONTROL,2020-03-19 17:30:00
BLOOMINGTON PD,BLOOMINGTON,1,0.0,0.0,0.0,0,,,,N INDIANA AVE,E 6TH ST,,,,39.167744,-86.526928,LOCAL/CITY ROAD,N,URBAN,N,N,N,,DARK (NOT LIGHTED),RAIN,WATER (STANDING OR MOVING),,FOUR-WAY INTERSECTION,STRAIGHT/GRADE,ASPHALT,OTHER (ENVIRONMENTAL) - EXPLAIN IN NARR,NON-COLLISION,6THSTINDIANAAVE,NONE,2020-03-20 02:15:00
MONROE SD,BLOOMINGTON,1,0.0,0.0,0.0,0,,,,S ROGERS ST,,,450.0,N,39.099408,-86.537904,LOCAL/CITY ROAD,N,RURAL,N,N,N,,DARK (NOT LIGHTED),RAIN,WATER (STANDING OR MOVING),,NO JUNCTION INVOLVED,STRAIGHT/LEVEL,ASPHALT,ROADWAY SURFACE CONDITION,RAN OFF ROAD,SOLDSTATEROAD37RDSROGERSST,NO PASSING ZONE,2020-03-20 04:00:00
ELLETTSVILLE PD,ELLETTSVILLE,2,0.0,0.0,0.0,0,,,,SR 46,N CHANDLER DR,,125.0,E,39.25576788,-86.6561567,STATE ROAD,N,URBAN,N,N,N,,DAYLIGHT,CLEAR,DRY,,NO JUNCTION INVOLVED,STRAIGHT/LEVEL,ASPHALT,UNSAFE LANE MOVEMENT,SAME DIRECTION SIDESWIPE,CHANDLERDRSR46W,LANE CONTROL,2020-03-20 11:09:00
BLOOMINGTON PD,BLOOMINGTON,3,0.0,1.0,0.0,0,,,,SR 45,S LIBERTY DR,,,,0.0,0.0,LOCAL/CITY ROAD,N,URBAN,N,N,N,,DAYLIGHT,CLEAR,DRY,,FOUR-WAY INTERSECTION,STRAIGHT/LEVEL,CONCRETE,FAILURE TO YIELD RIGHT OF WAY,LEFT TURN,SOUTHLIBERTYDRWESTSR45RD,TRAFFIC CONTROL SIGNAL,2020-03-20 13:15:00
BLOOMINGTON PD,BLOOMINGTON,2,0.0,0.0,0.0,0,,,,E MOORES PIKE,S SARE RD,,,,39.150448,-86.4992,LOCAL/CITY ROAD,Y,URBAN,N,N,N,,DAYLIGHT,CLOUDY,DRY,,FOUR-WAY INTERSECTION,STRAIGHT/GRADE,ASPHALT,FOLLOWING TOO CLOSELY,REAR END,EMOORESPIKESSARERD,TRAFFIC CONTROL SIGNAL,2020-03-20 15:54:00
MONROE SD,BLOOMINGTON,1,0.0,0.0,0.0,0,4053.0,,,W BARGE LN,,,,,39.135306,-86.58713285,COUNTY ROAD,N,RURAL,N,N,N,,DAWN/DUSK,CLOUDY,DRY,,NO JUNCTION INVOLVED,STRAIGHT/LEVEL,ASPHALT,DRIVER ILLNESS,OTHER - EXPLAIN IN NARRATIVE,BARGELN,NONE,2020-03-20 19:54:00
BLOOMINGTON PD,BLOOMINGTON,1,1.0,0.0,0.0,0,,,,I-69 N,W 3RD ST,,100.0,N,0.0,0.0,INTERSTATE,N,URBAN,N,N,N,,DARK (LIGHTED),CLEAR,DRY,,INTERCHANGE,STRAIGHT/LEVEL,ASPHALT,RAN OFF ROAD RIGHT,RAN OFF ROAD,I69N117,LANE CONTROL,2020-03-21 00:32:00
ISP BLOOMINGTON 33,ELLETTSVILLE,1,,0.0,0.0,0,8807.0,,,SR 46,,,0.0,S,39.26377457,-86.66285232,STATE ROAD,,RURAL,N,N,N,,DAYLIGHT,CLOUDY,DRY,,NO JUNCTION INVOLVED,,ASPHALT,OVERCORRECTING/OVERSTEERING,RAN OFF ROAD,SR46EastofStinesvilleRd,,2020-03-21 10:55:00
ISP BLOOMINGTON 33,HARRODSBURG,1,,0.0,0.0,0,,,,S OLD SR 37,,,1320.0,N,39.00281553,-86.54392711,COUNTY ROAD,,URBAN,N,N,N,,DAYLIGHT,CLEAR,DRY,,NO JUNCTION INVOLVED,,ASPHALT,,RAN OFF ROAD,SHARRODSBURGRDSOLDSTATEROAD37,,2020-03-21 12:00:00
ELLETTSVILLE PD,ELLETTSVILLE,2,0.0,0.0,0.0,0,,,,SR 46,S 1ST ST,,250.0,W,39.23036734,-86.61978755,STATE ROAD,N,URBAN,N,N,N,,DAYLIGHT,CLEAR,DRY,,NO JUNCTION INVOLVED,STRAIGHT/LEVEL,ASPHALT,FAILURE TO YIELD RIGHT OF WAY,SAME DIRECTION SIDESWIPE,PAULSTSR46W,LANE CONTROL,2020-03-22 11:54:00
ISP BLOOMINGTON 33,BLOOMINGTON,2,,1.0,0.0,0,,,,SR 45,E MARTIN DR,,370.0,S,39.20414423,-86.4633453,STATE ROAD,,RURAL,N,N,N,,DAYLIGHT,SLEET/HAIL/FREEZING RAIN,WET,,NO JUNCTION INVOLVED,,CONCRETE,SPEED TOO FAST FOR WEATHER CONDITIONS,RIGHT ANGLE,NMARTINDRSTATERD45,,2020-03-22 15:55:00
BLOOMINGTON PD,BLOOMINGTON,1,0.0,1.0,0.0,0,221.0,,,W 2ND ST,ENTRANCE TO KROGER (E),,,,39.16144727,-86.53510982,UNKNOWN,N,URBAN,N,N,N,,DARK (LIGHTED),CLOUDY,WET,,NO JUNCTION INVOLVED,STRAIGHT/LEVEL,ASPHALT,SPEED TOO FAST FOR WEATHER CONDITIONS,RAN OFF ROAD,W2NDST,NONE,2020-03-23 06:07:00
MONROE SD,BLOOMINGTON,1,0.0,0.0,0.0,1,,,,SR 48,,,1300.0,W,39.16897798,-86.66561095,STATE ROAD,N,URBAN,N,N,N,,DAYLIGHT,CLOUDY,DRY,,NO JUNCTION INVOLVED,CURVE/GRADE,ASPHALT,ANIMAL/OBJECT IN ROADWAY,COLLISION WITH DEER,SR48WWESTVERNALPIKE,NONE,2020-03-23 07:47:00
ELLETTSVILLE PD,ELLETTSVILLE,2,0.0,0.0,0.0,0,,,,SR 46,N DEER PARK DR,,,,39.212048,-86.5872,STATE ROAD,N,URBAN,N,N,N,,DAYLIGHT,CLEAR,DRY,,NO JUNCTION INVOLVED,STRAIGHT/LEVEL,ASPHALT,FAILURE TO YIELD RIGHT OF WAY,LEFT TURN,NORTHDEERPARKDRSR46W,LANE CONTROL,2020-03-23 19:09:00
ISP BLOOMINGTON 33,BLOOMINGTON,1,,0.0,0.0,0,,,,I-69 N,,,0.0,W,39.33394053,-86.51248445,INTERSTATE,,RURAL,N,N,N,,DAYLIGHT,CLOUDY,DRY,,NO JUNCTION INVOLVED,,ASPHALT,OVERCORRECTING/OVERSTEERING,RIGHT ANGLE,,,2020-03-24 17:06:00
MONROE SD,BLOOMINGTON,1,0.0,0.0,0.0,0,8825.0,,,SR 45,W HINDS RD,,2640.0,W,39.09504071,-86.65914521,STATE ROAD,N,RURAL,N,N,N,,DARK (NOT LIGHTED),CLEAR,DRY,,NO JUNCTION INVOLVED,CURVE/GRADE,ASPHALT,RAN OFF ROAD RIGHT,RAN OFF ROAD,SR45WWHINDSRD,NO PASSING ZONE,2020-03-25 04:20:00
MONROE SD,BLOOMINGTON,2,0.0,0.0,0.0,0,5105.0,,,S PRODUCTION DR,ENTRANCE TO ALLROAD MOTORSPORTS,,,,39.102902,-86.549923,LOCAL/CITY ROAD,N,RURAL,N,N,N,,DAYLIGHT,CLEAR,DRY,,NO JUNCTION INVOLVED,NON-ROADWAY CRASH,ASPHALT,UNSAFE BACKING,BACKING CRASH,SPRODUCTIONDR,NONE,2020-03-25 15:08:00
BLOOMINGTON PD,BLOOMINGTON,2,0.0,1.0,0.0,0,,,,S COLLEGE MALL RD,E MOORES PIKE,,,,39.15048,-86.49824,LOCAL/CITY ROAD,N,URBAN,N,N,N,,DAYLIGHT,CLEAR,DRY,,FOUR-WAY INTERSECTION,STRAIGHT/GRADE,ASPHALT,DISREGARD SIGNAL/REG SIGN,RIGHT ANGLE,EMOORESPIKESCOLLEGEMALLRD,TRAFFIC CONTROL SIGNAL,2020-03-25 18:15:00
MONROE SD,BLOOMINGTON,1,1.0,0.0,0.0,0,,,,SR 46,N STINESVILLE RD,,500.0,W,39.26779516,-86.66674898,STATE ROAD,N,RURAL,N,N,N,,DAYLIGHT,CLEAR,DRY,,NO JUNCTION INVOLVED,STRAIGHT/GRADE,ASPHALT,RAN OFF ROAD RIGHT,RAN OFF ROAD,SR46WSTINESVILLERD,NONE,2020-03-25 19:00:00
BLOOMINGTON PD,BLOOMINGTON,2,0.0,0.0,0.0,0,,,,S COLLEGE MALL RD,ENTRANCE TO AMC CLASSIC THEATER,,,,39.15157,-86.49767,LOCAL/CITY ROAD,N,URBAN,N,N,N,,DAYLIGHT,CLEAR,DRY,,T-INTERSECTION,STRAIGHT/LEVEL,ASPHALT,IMPROPER TURNING,SAME DIRECTION SIDESWIPE,EKERASOTESDRSCOLLEGEMALLRD,NONE,2020-03-26 15:14:00
ELLETTSVILLE PD,ELLETTSVILLE,1,0.0,1.0,0.0,0,,,,W REEVES RD,W GILMORE RD,,,,39.231648,-86.671296,LOCAL/CITY ROAD,N,RURAL,N,N,N,,DAYLIGHT,CLOUDY,DRY,,NO JUNCTION INVOLVED,CURVE/HILLCREST,ASPHALT,UNSAFE SPEED,RAN OFF ROAD,WESTGILMORERDWESTREEVESRD,NONE,2020-03-26 17:21:00
BLOOMINGTON PD,BLOOMINGTON,1,1.0,0.0,0.0,0,,,,W 3RD ST,S FRANKLIN RD,,200.0,W,39.1647117,-86.57190497,LOCAL/CITY ROAD,N,URBAN,N,N,N,,DAYLIGHT,CLOUDY,WET,,FOUR-WAY INTERSECTION,STRAIGHT/GRADE,ASPHALT,FOLLOWING TOO CLOSELY,NON-COLLISION,3RDSTFRANKLINRD,NONE,2020-03-27 10:05:00
BLOOMINGTON PD,BLOOMINGTON,2,0.0,0.0,0.0,0,,,,E 3RD ST,SR 46,,,,39.16424,-86.473296,LOCAL/CITY ROAD,N,URBAN,N,N,N,,DAYLIGHT,CLOUDY,DRY,,FOUR-WAY INTERSECTION,STRAIGHT/LEVEL,ASPHALT,FOLLOWING TOO CLOSELY,REAR END,E3RDSTSR46ST,TRAFFIC CONTROL SIGNAL,2020-03-27 16:55:00
MONROE SD,BLOOMINGTON,2,0.0,0.0,0.0,0,,,,W 7TH ST,,,200.0,W,39.168656,-86.534784,LOCAL/CITY ROAD,Y,URBAN,N,N,N,,DAYLIGHT,CLEAR,DRY,,NO JUNCTION INVOLVED,STRAIGHT/GRADE,ASPHALT,OTHER (DRIVER) - EXPLAIN IN NARRATIVE,SAME DIRECTION SIDESWIPE,NCOLLEGEAVEW7THST,NONE,2020-03-28 01:23:00
MONROE SD,BLOOMINGTON,1,0.0,1.0,0.0,0,,,,S ROGERS ST,W CHURCH LN (N),,,,39.107456,-86.540064,LOCAL/CITY ROAD,N,URBAN,Y,N,N,,DARK (LIGHTED),CLEAR,DRY,,NO JUNCTION INVOLVED,STRAIGHT/GRADE,ASPHALT,RAN OFF ROAD RIGHT,RAN OFF ROAD,SROGERSSTWCHURCHLN,STOP SIGN,2020-03-28 04:18:00
MONROE SD,ELLETTSVILLE,1,0.0,0.0,0.0,0,,,,W WOODLAND RD,,,500.0,E,39.28109,-86.6072933,COUNTY ROAD,N,RURAL,N,N,N,,DAYLIGHT,CLEAR,DRY,,NO JUNCTION INVOLVED,STRAIGHT/GRADE,ASPHALT,RAN OFF ROAD RIGHT,RAN OFF ROAD,NBARRRDWWOODLANDRD,NONE,2020-03-28 07:59:00
BLOOMINGTON PD,BLOOMINGTON,2,0.0,0.0,0.0,0,1211.0,,,W 13TH ST,,,100.0,W,39.175152,-86.548048,LOCAL/CITY ROAD,Y,URBAN,N,N,N,,DARK (LIGHTED),CLEAR,DRY,,NO JUNCTION INVOLVED,STRAIGHT/LEVEL,ASPHALT,RAN OFF ROAD RIGHT,,NSUMMITSTW13THST,NONE,2020-03-28 12:30:00
BLOOMINGTON PD,BLOOMINGTON,2,0.0,0.0,0.0,0,,,,W COUNTRY CLUB DR,S ROGERS ST,,,,39.13604,-86.53827,LOCAL/CITY ROAD,N,URBAN,N,N,N,,DAYLIGHT,RAIN,WET,,FOUR-WAY INTERSECTION,STRAIGHT/LEVEL,ASPHALT,SPEED TOO FAST FOR WEATHER CONDITIONS,REAR END,SROGERSSTWCOUNTRYCLUBDR,TRAFFIC CONTROL SIGNAL,2020-03-28 17:25:00
BLOOMINGTON PD,BLOOMINGTON,1,0.0,1.0,0.0,0,,,,W 3RD ST,S WESTPLEX AVE,,200.0,W,39.16441,-86.55388268,LOCAL/CITY ROAD,N,URBAN,N,N,N,,DARK (NOT LIGHTED),RAIN,WET,,T-INTERSECTION,STRAIGHT/GRADE,ASPHALT,RAN OFF ROAD RIGHT,RAN OFF ROAD,3RDSTWESTPLEXAVE,NONE,2020-03-28 22:15:00
INDIANA UNIV BLOOMINGTON PD,BLOOMINGTON,2,0.0,0.0,0.0,0,,,,E 12TH ST,N INDIANA AVE,,,,39.17435,-86.52699,LOCAL/CITY ROAD,N,URBAN,N,N,N,,DARK (LIGHTED),CLEAR,WET,,FOUR-WAY INTERSECTION,STRAIGHT/LEVEL,ASPHALT,FAILURE TO YIELD RIGHT OF WAY,RIGHT ANGLE,INDIANAAVETWELVETHST,STOP SIGN,2020-03-29 00:25:00
BLOOMINGTON PD,BLOOMINGTON,2,0.0,0.0,0.0,0,,,,E ROGERS RD,S HIGH ST,,,,39.13642,-86.50808,LOCAL/CITY ROAD,Y,URBAN,N,N,N,,DAYLIGHT,CLEAR,DRY,,FOUR-WAY INTERSECTION,STRAIGHT/LEVEL,CONCRETE,FAILURE TO YIELD RIGHT OF WAY,SAME DIRECTION SIDESWIPE,EASTROGERSRDSOUTHHIGHST,ROUNDABOUT INTERSECTION,2020-03-29 18:10:00
INDIANA UNIV BLOOMINGTON PD,BLOOMINGTON,2,0.0,0.0,0.0,0,,,,N CAMPBELL ST,E 10TH ST,,,,39.17159,-86.51394,LOCAL/CITY ROAD,N,URBAN,N,N,N,,DAYLIGHT,CLEAR,DRY,,NO JUNCTION INVOLVED,STRAIGHT/GRADE,ASPHALT,UNSAFE BACKING,BACKING CRASH,10THSTCAMPBELLST,NONE,2020-03-30 12:05:00
MONROE SD,BLOOMINGTON,2,0.0,0.0,0.0,0,,,,SR 37,S OLD SR 37,,,,0.0,0.0,STATE ROAD,N,RURAL,N,N,N,,DAYLIGHT,CLEAR,DRY,,FOUR-WAY INTERSECTION,CURVE/LEVEL,ASPHALT,FOLLOWING TOO CLOSELY,REAR END,OLDST37RDSR37S,TRAFFIC CONTROL SIGNAL,2020-03-30 13:23:00
BLOOMINGTON PD,BLOOMINGTON,2,0.0,1.0,0.0,0,,,,S WALNUT ST,E ALLEN ST,,,,39.1556,-86.53368,LOCAL/CITY ROAD,N,URBAN,N,N,N,,DAYLIGHT,CLEAR,DRY,,NO JUNCTION INVOLVED,STRAIGHT/LEVEL,ASPHALT,FOLLOWING TOO CLOSELY,REAR END,EALLENSTSWALNUTST,OTHER,2020-03-30 15:16:00
BLOOMINGTON PD,BLOOMINGTON,1,0.0,0.0,0.0,0,110.0,,,ALLEY,ALLEY,,,,39.167648,-86.53370645,UNKNOWN,N,URBAN,N,N,N,,DAYLIGHT,CLEAR,DRY,,NO JUNCTION INVOLVED,STRAIGHT/LEVEL,ASPHALT,ANIMAL/OBJECT IN ROADWAY,COLLISION WITH OBJECT IN ROAD,W6THST,NONE,2020-03-30 16:05:00
INDIANA UNIV BLOOMINGTON PD,BLOOMINGTON,2,0.0,0.0,0.0,0,,,,N UNION CT,,,200.0,E,39.16778,-86.5094773,LOCAL/CITY ROAD,Y,URBAN,N,N,N,,DAYLIGHT,CLEAR,DRY,,NO JUNCTION INVOLVED,CURVE/LEVEL,ASPHALT,,,NUNIONCTNUNIONST,NONE,2020-03-30 17:30:00
MONROE SD,BLOOMINGTON,2,0.0,0.0,0.0,0,,,,W SAMPLE RD,N CANYON CT,,,,39.2665,-86.52749,COUNTY ROAD,N,RURAL,N,N,N,,DAYLIGHT,CLEAR,DRY,,T-INTERSECTION,CURVE/LEVEL,ASPHALT,IMPROPER LANE USAGE,RIGHT TURN,CANYONCTSAMPLERD,NONE,2020-03-30 19:11:00
MONROE SD,BLOOMINGTON,1,0.0,0.0,0.0,0,,,,W FULLERTON PIKE,W REDDY WAY,,,,0.0,0.0,COUNTY ROAD,Y,URBAN,N,N,N,,DAYLIGHT,CLOUDY,DRY,,NO JUNCTION INVOLVED,STRAIGHT/LEVEL,ASPHALT,FOLLOWING TOO CLOSELY,OTHER - EXPLAIN IN NARRATIVE,FULLERTONPIKEREDDYWAY,NONE,2020-03-31 07:24:00
BLOOMINGTON PD,BLOOMINGTON,2,0.0,0.0,0.0,0,2313.0,,,E WOODBINE DR,S WOODBINE CT,,300.0,E,39.156443,-86.50237895,LOCAL/CITY ROAD,Y,URBAN,N,N,N,,DAYLIGHT,CLOUDY,DRY,,NO JUNCTION INVOLVED,STRAIGHT/LEVEL,ASPHALT,OTHER (DRIVER) - EXPLAIN IN NARRATIVE,REAR END,2313EWOODBINEAVENOTADR,NONE,2020-03-31 13:39:00
BLOOMINGTON PD,BLOOMINGTON,2,0.0,0.0,0.0,0,,,,S COLLEGE AVE,W 6TH ST,,,,39.167648,-86.534784,LOCAL/CITY ROAD,N,URBAN,N,N,N,,DAYLIGHT,CLOUDY,DRY,,FOUR-WAY INTERSECTION,STRAIGHT/LEVEL,ASPHALT,UNSAFE LANE MOVEMENT,SAME DIRECTION SIDESWIPE,SCOLLEGEAVEW6THST,TRAFFIC CONTROL SIGNAL,2020-03-31 14:20:00
BLOOMINGTON PD,BLOOMINGTON,2,0.0,0.0,0.0,0,,,,S WALNUT ST,E GRIMES LN,,50.0,N,39.1586357,-86.53371,LOCAL/CITY ROAD,N,URBAN,N,N,N,,DAYLIGHT,CLOUDY,DRY,,NO JUNCTION INVOLVED,STRAIGHT/LEVEL,ASPHALT,FAILURE TO YIELD RIGHT OF WAY,SAME DIRECTION SIDESWIPE,EGRIMESLNSWALNUTST,NONE,2020-03-31 17:41:00
BLOOMINGTON PD,BLOOMINGTON,2,0.0,0.0,0.0,0,,,,SR 48,S LIBERTY DR,,,,39.16461,-86.57913,LOCAL/CITY ROAD,N,URBAN,N,N,N,,DAYLIGHT,CLOUDY,DRY,,T-INTERSECTION,STRAIGHT/LEVEL,ASPHALT,FAILURE TO YIELD RIGHT OF WAY,LEFT TURN,SLIBERTYDRW3RDST,STOP SIGN,2020-03-31 18:21:00
BLOOMINGTON PD,BLOOMINGTON,2,0.0,2.0,0.0,0,,,,S WALNUT ST,W GORDON PIKE,,,,39.12146,-86.53135,LOCAL/CITY ROAD,N,URBAN,N,N,N,,DARK (LIGHTED),CLOUDY,DRY,,FOUR-WAY INTERSECTION,STRAIGHT/HILLCREST,ASPHALT,DISREGARD SIGNAL/REG SIGN,RIGHT ANGLE,SWALNUTSTWGORDONPIKE,TRAFFIC CONTROL SIGNAL,2020-03-31 19:17:00
INDIANA UNIV BLOOMINGTON PD,BLOOMINGTON,1,0.0,0.0,0.0,0,101.0,,,MUSICAL ARTS CENTER CIRCLE,,,,,39.167455,-86.516706,UNKNOWN,N,URBAN,N,N,N,,DAYLIGHT,CLEAR,DRY,,NO JUNCTION INVOLVED,STRAIGHT/LEVEL,ASPHALT,OTHER (DRIVER) - EXPLAIN IN NARRATIVE,OTHER - EXPLAIN IN NARRATIVE,NJORDANAVE,NONE,2020-04-01 14:10:00
BLOOMINGTON PD,BLOOMINGTON,2,0.0,0.0,0.0,0,,,,W TAPP RD,S ROCKPORT RD,,,,39.136448,-86.548704,LOCAL/CITY ROAD,N,URBAN,N,N,N,,DAYLIGHT,CLOUDY,DRY,,FOUR-WAY INTERSECTION,STRAIGHT/GRADE,ASPHALT,FOLLOWING TOO CLOSELY,REAR END,SROCKPORTRDWTAPPRD,TRAFFIC CONTROL SIGNAL,2020-04-01 18:18:00
BLOOMINGTON PD,BLOOMINGTON,2,0.0,0.0,0.0,0,1596.0,,,S OAKDALE DR,,,,,39.14638,-86.5721,UNKNOWN,N,URBAN,N,N,N,,DAYLIGHT,CLEAR,DRY,,NO JUNCTION INVOLVED,STRAIGHT/LEVEL,ASPHALT,FAILURE TO YIELD RIGHT OF WAY,BACKING CRASH,SOAKDALEDR,NONE,2020-04-01 18:53:00
MONROE SD,BLOOMINGTON,1,0.0,0.0,0.0,0,,,,I-69 S,,,200.0,S,39.20092007,-86.5495,INTERSTATE,N,RURAL,N,Y,N,,DAYLIGHT,CLOUDY,DRY,,NO JUNCTION INVOLVED,STRAIGHT/LEVEL,ASPHALT,RAN OFF ROAD RIGHT,RAN OFF ROAD,I122SI69S,LANE CONTROL,2020-04-01 19:16:00
MONROE SD,ELLETTSVILLE,1,0.0,0.0,0.0,0,,,,N LIBERTY HOLLOW RD,,,300.0,N,39.319424,-86.59912,COUNTY ROAD,N,RURAL,N,N,N,,DARK (NOT LIGHTED),CLEAR,DRY,,T-INTERSECTION,CURVE/LEVEL,ASPHALT,UNSAFE SPEED,RAN OFF ROAD,NBOWMANRDNLIBERTYHOLLOWRD,NONE,2020-04-01 21:31:00
BLOOMINGTON PD,BLOOMINGTON,3,0.0,0.0,0.0,0,,,,N WALNUT ST,W 16TH ST,,,,39.17784,-86.533408,LOCAL/CITY ROAD,N,URBAN,N,N,N,,DARK (LIGHTED),CLEAR,DRY,,NO JUNCTION INVOLVED,STRAIGHT/LEVEL,ASPHALT,IMPROPER LANE USAGE,SAME DIRECTION SIDESWIPE,16THSTWALNUTST,NONE,2020-04-02 02:18:00
BLOOMINGTON PD,BLOOMINGTON,2,0.0,0.0,0.0,0,,,,SR 48,S GATES DR,,,,39.16459,-86.5762,LOCAL/CITY ROAD,N,URBAN,N,N,N,,DAYLIGHT,CLEAR,DRY,,FOUR-WAY INTERSECTION,STRAIGHT/LEVEL,ASPHALT,FAILURE TO YIELD RIGHT OF WAY,HEAD ON BETWEEN TWO MOTOR VEHICLES,SGATESDRW3RDST,TRAFFIC CONTROL SIGNAL,2020-04-02 09:27:00
BLOOMINGTON PD,BLOOMINGTON,2,0.0,0.0,0.0,0,,,,S SARE RD,E RHORER RD,,,,39.12145,-86.51158,LOCAL/CITY ROAD,N,URBAN,N,N,N,,DAYLIGHT,CLEAR,DRY,,T-INTERSECTION,STRAIGHT/LEVEL,ASPHALT,FOLLOWING TOO CLOSELY,REAR END,ERHORERRDSSARERD,STOP SIGN,2020-04-02 13:25:00