Agency,City,Vehicles Involved,Trailers Involved,Number Injured,Number Dead,Number Deer,House Number,Roadway Interchange,Roadway Ramp,Roadway Id,Intersecting Road,Interchange,Feet From,Direction,Latitude,Longitude,Roadway Class,Hit and Run?,Locality,School Zone?,Rumble Strips?,Construction?,Construction Type,Light Condition,Weather Conditions,Surface Condition,Type of Median,Roadway Junction Type,Road Character,Roadway Surface,Primary Factor,Manner of Collision,Unique Location Id,Traffic Control,DateTime
MONROE SD,BLOOMINGTON,2,0.0,0.0,0.0,0,,,,SR 37,S OLD SR 37,,750.0,S,39.08391909,-86.54083579,STATE ROAD,N,RURAL,N,N,Y,LANE CLOSURE,DAYLIGHT,CLEAR,DRY,,NO JUNCTION INVOLVED,STRAIGHT/GRADE,ASPHALT,FOLLOWING TOO CLOSELY,REAR END,SOUTHOLDSTATEROAD37RDSR37S,NONE,2020-04-03 10:08:00
BLOOMINGTON PD,BLOOMINGTON,1,0.0,0.0,0.0,0,1003.0,,,W COTTAGE GROVE AVE,,,180.0,W,39.17261,-86.54492134,LOCAL/CITY ROAD,Y,URBAN,N,N,N,,DAYLIGHT,CLEAR,DRY,,NO JUNCTION INVOLVED,STRAIGHT/LEVEL,ASPHALT,RAN OFF ROAD RIGHT,RAN OFF ROAD,NORRISDRWCOTTAGEGROVERD,NONE,2020-04-03 15:10:00
BLOOMINGTON PD,BLOOMINGTON,1,0.0,0.0,0.0,0,,,,N MONROE ST,W 11TH ST,,,,39.173344,-86.547104,LOCAL/CITY ROAD,Y,URBAN,N,N,N,,DAYLIGHT,CLEAR,DRY,,NO JUNCTION INVOLVED,STRAIGHT/LEVEL,ASPHALT,OTHER (DRIVER) - EXPLAIN IN NARRATIVE,RAN OFF ROAD,NMONROESTW11THST,STOP SIGN,2020-04-03 15:13:00
BLOOMINGTON PD,BLOOMINGTON,1,0.0,1.0,0.0,0,,,,N MAPLE GROVE RD,,,1000.0,N,39.32006831,-86.56154,LOCAL/CITY ROAD,Y,RURAL,N,N,N,,DAYLIGHT,CLEAR,DRY,,NO JUNCTION INVOLVED,CURVE/HILLCREST,ASPHALT,UNSAFE SPEED,RAN OFF ROAD,MAPLEGROVERDWSTANTONCT,NONE,2020-04-03 15:17:00
BLOOMINGTON PD,BLOOMINGTON,1,0.0,0.0,0.0,0,,,,W GOURLEY PIKE,N KINSER PIKE,,,,39.185392,-86.537856,LOCAL/CITY ROAD,N,URBAN,N,N,N,,DARK (NOT LIGHTED),CLEAR,DRY,,NO JUNCTION INVOLVED,CURVE/GRADE,ASPHALT,BRAKE FAILURE OR DEFECTIVE,RAN OFF ROAD,NKINSERPIKEWGOURLEYPIKE,NONE,2020-04-04 06:30:00
BLOOMINGTON PD,BLOOMINGTON,2,0.0,0.0,0.0,0,,,,W 11TH ST,N COLLEGE AVE,,,,39.173232,-86.534752,LOCAL/CITY ROAD,N,URBAN,N,N,N,,DAYLIGHT,CLOUDY,DRY,,FOUR-WAY INTERSECTION,STRAIGHT/GRADE,ASPHALT,DISREGARD SIGNAL/REG SIGN,RIGHT ANGLE,11THSTCOLLEGEAVE,TRAFFIC CONTROL SIGNAL,2020-04-04 12:16:00
MONROE SD,BLOOMINGTON,1,0.0,0.0,0.0,0,,,,S WALNUT ST PIKE,,,2000.0,N,39.31836883,-86.52648,COUNTY ROAD,N,RURAL,N,N,N,,DAYLIGHT,CLEAR,DRY,,NO JUNCTION INVOLVED,STRAIGHT/GRADE,ASPHALT,ANIMAL/OBJECT IN ROADWAY,COLLISION WITH DEER,FAIRFAXRDWALNUTSTREETPIKE,NONE,2020-04-04 16:08:00
BLOOMINGTON PD,BLOOMINGTON,2,0.0,0.0,0.0,0,,,,E 3RD ST,S COLLEGE MALL RD,,,,39.16424,-86.4984,LOCAL/CITY ROAD,N,URBAN,N,N,N,,DAYLIGHT,CLOUDY,DRY,,FOUR-WAY INTERSECTION,STRAIGHT/LEVEL,ASPHALT,FAILURE TO YIELD RIGHT OF WAY,RIGHT ANGLE,3RDSTCOLLEGEMALLRD,LANE CONTROL,2020-04-05 12:44:00
MONROE SD,BLOOMINGTON,1,0.0,0.0,0.0,0,,,,SR 45,N RUSSELL RD (N),,1900.0,S,39.19513632,-86.46778315,STATE ROAD,N,RURAL,N,N,N,,DAWN/DUSK,CLEAR,DRY,,NO JUNCTION INVOLVED,STRAIGHT/HILLCREST,ASPHALT,RAN OFF ROAD RIGHT,RAN OFF ROAD,NRUSSELLRDSR45E,NONE,2020-04-06 06:57:00
ISP BLOOMINGTON 33,BLOOMINGTON,2,,0.0,0.0,0,,,,SR 46,S SMITH RD,,0.0,S,39.164233,-86.481195,STATE ROAD,,URBAN,N,N,N,,DAYLIGHT,CLEAR,DRY,,FOUR-WAY INTERSECTION,,ASPHALT,FOLLOWING TOO CLOSELY,REAR END,SMITHROADSR46,,2020-04-06 08:47:00
BLOOMINGTON PD,BLOOMINGTON,1,0.0,0.0,0.0,0,,,,W KIRKWOOD AVE,N HOPEWELL ST,,,,39.16685,-86.5523,LOCAL/CITY ROAD,N,URBAN,N,N,N,,DARK (LIGHTED),CLEAR,DRY,,T-INTERSECTION,STRAIGHT/LEVEL,ASPHALT,RAN OFF ROAD RIGHT,RAN OFF ROAD,NHOPEWELLSTWKIRKWOODAVE,NONE,2020-04-06 23:30:00
BLOOMINGTON PD,BLOOMINGTON,2,0.0,0.0,0.0,0,3011.0,,,S LEONARD SPRINGS RD,ENTRANCE TO WOODLAND SPRINGS APARTMENTS (MIDDLE),,200.0,N,0.0,0.0,LOCAL/CITY ROAD,N,URBAN,N,N,N,,DAYLIGHT,CLEAR,DRY,,T-INTERSECTION,STRAIGHT/LEVEL,CONCRETE,FOLLOWING TOO CLOSELY,REAR END,SOUTHLEONARDSPRINGSRDWESTMAYBURYMALL,NONE,2020-04-07 15:10:00
BLOOMINGTON PD,BLOOMINGTON,2,0.0,0.0,0.0,0,,,,S COLLEGE AVE,W 2ND ST,,,,39.16138,-86.53493,LOCAL/CITY ROAD,N,URBAN,N,N,N,,DAYLIGHT,CLEAR,DRY,,FOUR-WAY INTERSECTION,STRAIGHT/LEVEL,CONCRETE,DISREGARD SIGNAL/REG SIGN,HEAD ON BETWEEN TWO MOTOR VEHICLES,SCOLLEGEAVEW2NDST,TRAFFIC CONTROL SIGNAL,2020-04-07 15:15:00
BLOOMINGTON PD,BLOOMINGTON,2,0.0,0.0,0.0,0,,,Y,SR 45/46,I-69 S,,,,0.0,0.0,LOCAL/CITY ROAD,Y,URBAN,N,N,N,,DAYLIGHT,CLEAR,DRY,,RAMP,CURVE/GRADE,ASPHALT,UNSAFE LANE MOVEMENT,SAME DIRECTION SIDESWIPE,4546BYPASSANDI69SBRAMP,NONE,2020-04-07 15:27:00
ELLETTSVILLE PD,ELLETTSVILLE,2,1.0,0.0,0.0,0,8273.0,,,SR 46,ENTRANCE TO RICHARD'S SMALL ENGINE INC,,500.0,W,39.25241,-86.65397667,STATE ROAD,N,RURAL,N,N,N,,DAYLIGHT,CLEAR,DRY,,NO JUNCTION INVOLVED,CURVE/LEVEL,ASPHALT,IMPROPER PASSING,SAME DIRECTION SIDESWIPE,SR46WWESTFLASTWOODSRD,LANE CONTROL,2020-04-07 16:49:00
BLOOMINGTON PD,BLOOMINGTON,1,0.0,0.0,0.0,0,,,,N KINSER PIKE,SR 45/46,,,,39.20640071,-86.57129307,LOCAL/CITY ROAD,N,URBAN,N,N,N,,DAYLIGHT,CLEAR,DRY,,FOUR-WAY INTERSECTION,STRAIGHT/LEVEL,ASPHALT,DRIVER DISTRACTED - EXPLAIN IN NARRATIVE,RAN OFF ROAD,NKINSERPIKESTATEROAD46RD,TRAFFIC CONTROL SIGNAL,2020-04-07 17:30:00
BLOOMINGTON PD,BLOOMINGTON,2,0.0,0.0,0.0,0,3016.0,,,E AMY LN,,,,,39.16936,-86.497952,LOCAL/CITY ROAD,Y,URBAN,N,N,N,,DAYLIGHT,CLEAR,DRY,,NO JUNCTION INVOLVED,STRAIGHT/LEVEL,ASPHALT,UNSAFE BACKING,BACKING CRASH,EAMYLN,NONE,2020-04-07 18:38:00
ISP BLOOMINGTON 33,BLOOMINGTON,1,,1.0,0.0,0,,,,I-69 S,,,0.0,S,39.17869365,-86.55962658,INTERSTATE,,URBAN,N,N,N,,DAYLIGHT,CLEAR,DRY,,NO JUNCTION INVOLVED,,ASPHALT,OTHER (VEHICLE) - EXPLAIN IN NARRATIVE,OTHER - EXPLAIN IN NARRATIVE,119.5I-69,,2020-04-08 08:54:00
ELLETTSVILLE PD,ELLETTSVILLE,2,0.0,0.0,0.0,0,,,,SR 46,S 1ST ST,,,,0.0,0.0,LOCAL/CITY ROAD,N,URBAN,N,N,N,,DAYLIGHT,CLEAR,DRY,,NO JUNCTION INVOLVED,STRAIGHT/LEVEL,ASPHALT,OTHER (DRIVER) - EXPLAIN IN NARRATIVE,SAME DIRECTION SIDESWIPE,FIRSTSTTEMPERANCEST,LANE CONTROL,2020-04-08 10:05:00
ISP BLOOMINGTON 33,BLOOMINGTON,1,,0.0,0.0,1,,,,I-69 N,,,0.0,S,39.29209483,-86.51760977,INTERSTATE,,RURAL,N,Y,N,,DARK (NOT LIGHTED),RAIN,WET,,NO JUNCTION INVOLVED,,CONCRETE,ANIMAL/OBJECT IN ROADWAY,COLLISION WITH ANIMAL OTHER,,,2020-04-08 21:33:00
BLOOMINGTON PD,BLOOMINGTON,2,0.0,0.0,0.0,0,,,,W ARLINGTON VALLEY DR,N BITTERSWEET DR,,,,39.1828,-86.544416,LOCAL/CITY ROAD,N,URBAN,N,N,N,,DARK (LIGHTED),CLOUDY,WET,,T-INTERSECTION,STRAIGHT/GRADE,ASPHALT,IMPROPER TURNING,REAR END,ARLINGTONVALLEYDRBITTERSWEETDR,NONE,2020-04-08 23:25:00
MONROE SD,BLOOMINGTON,2,0.0,0.0,0.0,0,,,,N MT GILEAD RD,,,1500.0,W,39.189552,-86.441296,LOCAL/CITY ROAD,N,RURAL,N,N,N,,DAYLIGHT,CLEAR,DRY,,NO JUNCTION INVOLVED,CURVE/LEVEL,ASPHALT,LEFT OF CENTER,OPPOSITE DIRECTION SIDESWIPE,ECOLLINSLNNMTGILEADRD,NONE,2020-04-09 13:03:00
MONROE SD,BLOOMINGTON,2,0.0,0.0,0.0,0,7401.0,,,S WALNUT ST,HAZEL ST,,,,39.06956,-86.50617,LOCAL/CITY ROAD,N,RURAL,N,N,N,,DARK (NOT LIGHTED),CLEAR,DRY,,NO JUNCTION INVOLVED,NON-ROADWAY CRASH,GRAVEL,HEADLIGHT DEFECTIVE OR NOT ON,SAME DIRECTION SIDESWIPE,SWANUTST,NONE,2020-04-10 05:08:00
MONROE SD,BLOOMINGTON,2,0.0,0.0,0.0,0,,,,SR 45,N MT GILEAD RD (SW),,1000.0,E,39.18552,-86.46895646,STATE ROAD,N,RURAL,N,N,N,,DAYLIGHT,CLEAR,DRY,,NO JUNCTION INVOLVED,STRAIGHT/LEVEL,ASPHALT,INSECURE/LEAKY LOAD,OTHER - EXPLAIN IN NARRATIVE,MTGILEADRDSR45E,NONE,2020-04-10 17:11:00
ISP BLOOMINGTON 33,BLOOMINGTON,1,,0.0,0.0,1,7299.0,,,I-69 S,,,158.0,W,39.06892656,-86.67311866,INTERSTATE,,RURAL,N,N,N,,DAYLIGHT,CLEAR,DRY,,NO JUNCTION INVOLVED,,ASPHALT,ANIMAL/OBJECT IN ROADWAY,RIGHT ANGLE,,,2020-04-10 19:45:00
MONROE SD,ELLETTSVILLE,1,0.0,1.0,0.0,0,,,,N MATTHEWS DR,W MAPLE GROVE RD,,,,39.245408,-86.6204,LOCAL/CITY ROAD,N,RURAL,N,N,N,,DAYLIGHT,CLEAR,DRY,,FOUR-WAY INTERSECTION,STRAIGHT/LEVEL,ASPHALT,UNSAFE SPEED,NON-COLLISION,MATTHEWSDRWMAPLEGROVERD,NONE,2020-04-11 12:43:00
INDIANA UNIV BLOOMINGTON PD,BLOOMINGTON,2,0.0,0.0,0.0,0,,,,S SWAIN AVE,E 3RD ST,,,,39.16425,-86.51526,LOCAL/CITY ROAD,N,URBAN,N,N,N,,DAYLIGHT,CLEAR,DRY,,T-INTERSECTION,STRAIGHT/LEVEL,ASPHALT,IMPROPER TURNING,LEFT TURN,SWAINAVETHIRDST,LANE CONTROL,2020-04-11 17:36:00
MONROE SD,BLOOMINGTON,2,0.0,0.0,0.0,0,4111.0,,,GARDEN HILL MOBILE HOME PARK,,,,,39.179248,-86.58292,UNKNOWN,N,RURAL,N,N,N,,DAYLIGHT,CLEAR,DRY,,NO JUNCTION INVOLVED,STRAIGHT/LEVEL,ASPHALT,IMPROPER LANE USAGE,SAME DIRECTION SIDESWIPE,WVERNALPIKE,NONE,2020-04-11 19:58:00
MONROE SD,BLOOMINGTON,1,0.0,0.0,0.0,0,,,,SR 46,,,1000.0,E,39.16355934,-86.42589328,STATE ROAD,N,RURAL,N,N,N,,DAYLIGHT,RAIN,WET,,NO JUNCTION INVOLVED,CURVE/GRADE,ASPHALT,SPEED TOO FAST FOR WEATHER CONDITIONS,RAN OFF ROAD,SR46ETRAILWAYDR,NONE,2020-04-12 05:57:00
ELLETTSVILLE PD,ELLETTSVILLE,1,0.0,0.0,0.0,0,,,,E CHESTER DR,E TECUMSEH DR,,,,39.22426,-86.62109,LOCAL/CITY ROAD,N,URBAN,N,N,N,,DAYLIGHT,CLEAR,DRY,,NO JUNCTION INVOLVED,CURVE/LEVEL,ASPHALT,SPEED TOO FAST FOR WEATHER CONDITIONS,RAN OFF ROAD,CHESTERDRTECUMSEHST,LANE CONTROL,2020-04-12 12:11:00
BLOOMINGTON PD,BLOOMINGTON,2,0.0,0.0,0.0,0,,,,N MONROE ST,W 11TH ST,,,,39.173344,-86.547104,LOCAL/CITY ROAD,Y,URBAN,N,N,N,,DAYLIGHT,CLOUDY,DRY,,FOUR-WAY INTERSECTION,STRAIGHT/LEVEL,ASPHALT,RAN OFF ROAD RIGHT,OPPOSITE DIRECTION SIDESWIPE,NMONROESTW11THST,STOP SIGN,2020-04-12 14:15:00
MONROE SD,BLOOMINGTON,1,0.0,0.0,0.0,0,,,,S STRAIN RIDGE RD,S ANNE AVE,,180.0,E,39.04934,-86.51105557,LOCAL/CITY ROAD,N,RURAL,N,N,N,,DAYLIGHT,CLOUDY,WET,,NO JUNCTION INVOLVED,CURVE/LEVEL,ASPHALT,SPEED TOO FAST FOR WEATHER CONDITIONS,RAN OFF ROAD,SANNEAVESSTRAINRIDGERD,NONE,2020-04-12 16:41:00
BLOOMINGTON PD,BLOOMINGTON,2,0.0,0.0,0.0,0,,,,S ALLENDALE DR,E BRADSHIRE ST,,100.0,S,39.12543328,-86.51592,LOCAL/CITY ROAD,N,URBAN,N,N,N,,DARK (NOT LIGHTED),CLOUDY,WET,,T-INTERSECTION,STRAIGHT/LEVEL,ASPHALT,UNSAFE BACKING,BACKING CRASH,EWINSLOWRDSALLENDALEDR,NONE,2020-04-13 01:00:00
BLOOMINGTON PD,BLOOMINGTON,2,0.0,1.0,0.0,0,,,,S LIBERTY DR,ENTRANCE TO WHITEHALL PLAZA (S),,100.0,S,39.15403556,-86.57913,LOCAL/CITY ROAD,N,URBAN,N,N,N,,DAYLIGHT,CLEAR,DRY,,INTERCHANGE,STRAIGHT/GRADE,ASPHALT,DISREGARD SIGNAL/REG SIGN,RIGHT ANGLE,SLIBERTYDRW3RDST,STOP SIGN,2020-04-13 16:20:00
MONROE SD,BLOOMINGTON,2,0.0,0.0,0.0,0,,,,E MOFFETT LN,,,200.0,E,39.09984,-86.5176,COUNTY ROAD,N,RURAL,N,N,N,,DAYLIGHT,CLEAR,DRY,,T-INTERSECTION,STRAIGHT/GRADE,ASPHALT,IMPROPER LANE USAGE,SAME DIRECTION SIDESWIPE,FAIRFAXRDMOFFETTLN,NONE,2020-04-13 17:27:00
BLOOMINGTON PD,BLOOMINGTON,1,0.0,0.0,0.0,0,,,,W JONATHAN DR,N GATES DR,,,,39.16876,-86.57642,LOCAL/CITY ROAD,N,URBAN,N,N,N,,DAYLIGHT,CLEAR,DRY,,FOUR-WAY INTERSECTION,STRAIGHT/LEVEL,ASPHALT,RAN OFF ROAD RIGHT,OTHER - EXPLAIN IN NARRATIVE,NGATESDRWALEXANDERST,STOP SIGN,2020-04-14 10:37:00
ISP BLOOMINGTON 33,BLOOMINGTON,2,,1.0,0.0,0,,,,SR 45/46,,,950.0,W,39.18696141,-86.54877331,STATE ROAD,,URBAN,N,N,N,,DAYLIGHT,CLEAR,DRY,,NO JUNCTION INVOLVED,,CONCRETE,UNSAFE SPEED,REAR END,,,2020-04-14 12:40:00
INDIANA UNIV BLOOMINGTON PD,BLOOMINGTON,2,0.0,0.0,0.0,0,,,,E 12TH ST,,,140.0,W,39.17428,-86.52353788,UNKNOWN,N,URBAN,N,N,N,,DAYLIGHT,CLEAR,DRY,,NO JUNCTION INVOLVED,STRAIGHT/LEVEL,ASPHALT,UNSAFE BACKING,BACKING CRASH,TWELVETHSTWOODLAWNAVE,NONE,2020-04-14 15:50:00
BLOOMINGTON PD,BLOOMINGTON,1,0.0,0.0,0.0,0,,,,W COUNTRY CLUB DR,BLOOMINGTON RAIL TRAIL (ENTRANCE TO BLOOMINGTON RAIL TRAIL PARKING LOT),,,,0.0,0.0,LOCAL/CITY ROAD,N,URBAN,N,N,N,,DAYLIGHT,CLEAR,DRY,,NO JUNCTION INVOLVED,STRAIGHT/GRADE,ASPHALT,FOLLOWING TOO CLOSELY,RAN OFF ROAD,300WCOUNTRYCLUBRDBLINETRL,NONE,2020-04-14 16:05:00
MONROE SD,BLOOMINGTON,2,0.0,1.0,1.0,0,,,,N CURRY PIKE,W WOODYARD RD,,100.0,S,39.190672,-86.582992,LOCAL/CITY ROAD,N,URBAN,N,N,N,,DAYLIGHT,CLOUDY,DRY,,NO JUNCTION INVOLVED,CURVE/GRADE,ASPHALT,LEFT OF CENTER,HEAD ON BETWEEN TWO MOTOR VEHICLES,NCURRYPIKEWWOODYARDRD,NONE,2020-04-14 16:47:00
BLOOMINGTON PD,BLOOMINGTON,2,0.0,0.0,0.0,0,,,,N MADISON ST,W 17TH ST,,,,39.178992,-86.537792,LOCAL/CITY ROAD,N,URBAN,N,N,N,,DAYLIGHT,CLEAR,DRY,,FOUR-WAY INTERSECTION,STRAIGHT/GRADE,ASPHALT,DISREGARD SIGNAL/REG SIGN,RIGHT ANGLE,NMADISONSTW17THST,TRAFFIC CONTROL SIGNAL,2020-04-15 08:45:00
BLOOMINGTON PD,BLOOMINGTON,2,0.0,2.0,0.0,0,,,,W 3RD ST,S WALNUT ST,,,,39.16464,-86.5336,LOCAL/CITY ROAD,N,URBAN,N,N,N,,DAYLIGHT,CLEAR,DRY,,FOUR-WAY INTERSECTION,STRAIGHT/LEVEL,ASPHALT,DISREGARD SIGNAL/REG SIGN,RIGHT ANGLE,SWALNUTSTW3RDST,TRAFFIC CONTROL SIGNAL,2020-04-15 09:54:00
MONROE SD,BLOOMINGTON,2,0.0,0.0,0.0,0,2054.0,,,E WATERS EDGE DR,,,,,0.0,0.0,UNKNOWN,N,RURAL,N,N,N,,DAYLIGHT,CLEAR,DRY,,NO JUNCTION INVOLVED,CURVE/GRADE,CONCRETE,DRIVER ASLEEP OR FATIGUED,SAME DIRECTION SIDESWIPE,EWATERSEDGEDR,NONE,2020-04-15 13:00:00
MONROE SD,BLOOMINGTON,2,1.0,0.0,0.0,0,,,,SR 46,N LOWER BIRDIE GALYAN RD,,,,0.0,0.0,STATE ROAD,N,RURAL,N,N,N,,DAYLIGHT,CLEAR,DRY,,T-INTERSECTION,CURVE/GRADE,ASPHALT,FOLLOWING TOO CLOSELY,REAR END,NLOWERBIRDIEGALYANRDSR46E,NONE,2020-04-15 13:40:00
ISP BLOOMINGTON 33,BLOOMINGTON,1,,1.0,0.0,0,,,,SR 45,E MARTIN DR,,422.0,S,39.20405521,-86.4634747,STATE ROAD,,RURAL,N,N,N,,DAYLIGHT,CLEAR,DRY,,NO JUNCTION INVOLVED,,ASPHALT,UNSAFE SPEED,RAN OFF ROAD,,,2020-04-15 17:15:00
BLOOMINGTON PD,BLOOMINGTON,2,1.0,1.0,0.0,0,,,,I-69 S,SR 45,,,,39.1474,-86.57324,INTERSTATE,N,URBAN,N,N,N,,DAYLIGHT,CLEAR,DRY,,RAMP,CURVE/LEVEL,ASPHALT,FOLLOWING TOO CLOSELY,REAR END,I69SWBLOOMFIELDRD,NONE,2020-04-15 17:50:00
ISP BLOOMINGTON 33,BLOOMINGTON,1,,0.0,0.0,0,,,,I-69 S,,,0.0,S,39.07181808,-86.60620853,INTERSTATE,,RURAL,N,Y,N,,DARK (NOT LIGHTED),CLEAR,DRY,,NO JUNCTION INVOLVED,,ASPHALT,ANIMAL/OBJECT IN ROADWAY,COLLISION WITH ANIMAL OTHER,,,2020-04-15 23:00:00
MONROE SD,BLOOMINGTON,2,0.0,0.0,0.0,0,,,,S FAIRFAX RD,,,2000.0,S,0.0,0.0,LOCAL/CITY ROAD,Y,RURAL,N,N,N,,DARK (NOT LIGHTED),CLEAR,DRY,,NO JUNCTION INVOLVED,CURVE/LEVEL,ASPHALT,RAN OFF ROAD RIGHT,RAN OFF ROAD,EASTCLEVEBUTCHERRDSOUTHFAIRFAXRD,NONE,2020-04-15 23:05:00
MONROE SD,BLOOMINGTON,1,0.0,0.0,0.0,0,,,,S FAIRFAX RD,E HARBOR DR,,30.0,N,0.0,0.0,COUNTY ROAD,N,URBAN,N,N,N,,DAYLIGHT,CLEAR,DRY,,NO JUNCTION INVOLVED,STRAIGHT/GRADE,ASPHALT,RAN OFF ROAD RIGHT,RAN OFF ROAD,EASTHARBORRDSOUTHFAIRFAXRD,NONE,2020-04-16 08:46:00
MONROE SD,BLOOMINGTON,2,0.0,0.0,0.0,0,,,,W WOODYARD RD,N CURRY PIKE,,,,,,COUNTY ROAD,N,RURAL,N,N,N,,DAYLIGHT,CLOUDY,DRY,,FOUR-WAY INTERSECTION,STRAIGHT/LEVEL,ASPHALT,DRIVER DISTRACTED - EXPLAIN IN NARRATIVE,REAR END,CURRYPIKEWOODYARDRD,TRAFFIC CONTROL SIGNAL,2020-04-16 11:32:00
MONROE SD,BLOOMINGTON,2,0.0,1.0,0.0,0,,,,SR 46,N CURRY PIKE,,200.0,W,0.0,0.0,STATE ROAD,N,RURAL,N,Y,N,,DAYLIGHT,CLEAR,DRY,,NO JUNCTION INVOLVED,STRAIGHT/LEVEL,ASPHALT,FOLLOWING TOO CLOSELY,REAR END,NCURRYPIKESR46W,TRAFFIC CONTROL SIGNAL,2020-04-16 15:39:00
ISP BLOOMINGTON 33,BLOOMINGTON,1,,0.0,0.0,0,,,,SR 46,E BENDER RD,,739.0,E,39.16385217,-86.43659705,STATE ROAD,,RURAL,N,N,N,,DAYLIGHT,CLOUDY,DRY,,FOUR-WAY INTERSECTION,,ASPHALT,OVERCORRECTING/OVERSTEERING,RAN OFF ROAD,,,2020-04-16 17:45:00
BLOOMINGTON PD,BLOOMINGTON,3,0.0,2.0,0.0,0,,,,S PATTERSON DR,W 3RD ST (N),,,,,,LOCAL/CITY ROAD,N,URBAN,N,N,N,,DAYLIGHT,RAIN,WET,,T-INTERSECTION,STRAIGHT/GRADE,ASPHALT,BRAKE FAILURE OR DEFECTIVE,REAR END,PATTERSONDRW3RDST,TRAFFIC CONTROL SIGNAL,2020-04-17 10:32:00
ISP BLOOMINGTON 33,BLOOMINGTON,2,,2.0,0.0,0,,,,SR 45,S DUNLAP RD,,375.0,W,39.11916194,-86.61952562,STATE ROAD,,RURAL,N,N,N,,DAYLIGHT,RAIN,WET,,NO JUNCTION INVOLVED,,ASPHALT,LEFT OF CENTER,OPPOSITE DIRECTION SIDESWIPE,,,2020-04-17 13:40:00
ISP BLOOMINGTON 33,BLOOMINGTON,2,,0.0,0.0,0,,,,I-69 N,,,475.0,N,39.28851657,-86.51884074,INTERSTATE,,RURAL,N,N,N,,DARK (NOT LIGHTED),RAIN,WET,,NO JUNCTION INVOLVED,,ASPHALT,UNSAFE SPEED,SAME DIRECTION SIDESWIPE,,,2020-04-17 21:05:00
MONROE SD,BLOOMINGTON,2,0.0,0.0,0.0,0,,,,W THAT RD,S VICTOR PIKE,,,,39.11464,-86.5464,COUNTY ROAD,N,RURAL,Y,N,N,,DAYLIGHT,CLEAR,DRY,,FOUR-WAY INTERSECTION,STRAIGHT/GRADE,ASPHALT,FOLLOWING TOO CLOSELY,REAR END,THATRDVICTORPIKE,STOP SIGN,2020-04-18 14:50:00
BLOOMINGTON PD,BLOOMINGTON,2,0.0,0.0,0.0,0,4312.0,,,W CHERRY ORCHARD CT,,,,,,,UNKNOWN,Y,URBAN,N,N,N,,UNKNOWN,CLEAR,DRY,,NO JUNCTION INVOLVED,STRAIGHT/LEVEL,ASPHALT,UNSAFE BACKING,BACKING CRASH,WCHERRYORCHARDCT,NONE,2020-04-18 17:01:00
MONROE SD,BLOOMINGTON,1,0.0,1.0,0.0,0,,,,SR 46,N LOWER BIRDIE GALYAN RD,,,,0.0,0.0,STATE ROAD,N,RURAL,N,N,N,,DARK (NOT LIGHTED),CLEAR,DRY,,T-INTERSECTION,CURVE/GRADE,ASPHALT,DRIVER ASLEEP OR FATIGUED,RAN OFF ROAD,NLOWERBIRDIEGALYANRDSR46E,NONE,2020-04-19 06:36:00
BLOOMINGTON PD,BLOOMINGTON,2,0.0,0.0,0.0,0,,,,SR 46,E MORNINGSIDE DR,,200.0,W,39.197648,-86.558304,LOCAL/CITY ROAD,N,URBAN,N,N,N,,DAYLIGHT,CLOUDY,DRY,,T-INTERSECTION,STRAIGHT/LEVEL,ASPHALT,FOLLOWING TOO CLOSELY,REAR END,E46STATERDS446STATERD,NONE,2020-04-20 17:06:00
MONROE SD,BLOOMINGTON,2,0.0,0.0,0.0,0,,,,W ARLINGTON RD,N MAPLE GROVE RD,,,,39.19968,-86.55968,LOCAL/CITY ROAD,N,RURAL,N,N,N,,DAYLIGHT,CLEAR,DRY,,T-INTERSECTION,STRAIGHT/GRADE,CONCRETE,DRIVER DISTRACTED - EXPLAIN IN NARRATIVE,RAN OFF ROAD,NMAPLEGROVERDWARLINGTONRD,NONE,2020-04-20 17:52:00
BLOOMINGTON PD,BLOOMINGTON,2,0.0,0.0,0.0,0,,,,S MADISON ST,,,200.0,N,,,LOCAL/CITY ROAD,N,URBAN,N,N,N,,DARK (NOT LIGHTED),CLEAR,DRY,,NO JUNCTION INVOLVED,STRAIGHT/GRADE,ASPHALT,OTHER (DRIVER) - EXPLAIN IN NARRATIVE,OTHER - EXPLAIN IN NARRATIVE,MADISONSTWILSONST,NONE,2020-04-21 05:10:00
ISP BLOOMINGTON 33,BLOOMINGTON,2,,0.0,0.0,0,,,,SR 37,E SMITHVILLE RD,,0.0,W,39.0709131,-86.53609282,STATE ROAD,,RURAL,N,N,N,,DAYLIGHT,CLEAR,DRY,,FOUR-WAY INTERSECTION,,ASPHALT,FAILURE TO YIELD RIGHT OF WAY,RIGHT ANGLE,,,2020-04-21 11:05:00
MONROE SD,BLOOMINGTON,2,0.0,0.0,0.0,0,,,,N OLD SR 37,,,1000.0,N,39.41425192,-86.48317,LOCAL/CITY ROAD,N,RURAL,N,N,N,,DAYLIGHT,CLEAR,DRY,,T-INTERSECTION,CURVE/GRADE,ASPHALT,LEFT OF CENTER,OPPOSITE DIRECTION SIDESWIPE,FARRRDNOLD37HWY,NONE,2020-04-21 11:35:00
BLOOMINGTON PD,BLOOMINGTON,2,0.0,0.0,0.0,0,,,,SR 46,KINGSTON DR S,,,,39.16424,-86.492944,LOCAL/CITY ROAD,Y,URBAN,N,N,N,,DAYLIGHT,CLEAR,DRY,,FOUR-WAY INTERSECTION,STRAIGHT/LEVEL,CONCRETE,OTHER (DRIVER) - EXPLAIN IN NARRATIVE,REAR END,SKINGSTONDRW3RDST,NONE,2020-04-22 19:57:00