Agency,City,Vehicles Involved,Trailers Involved,Number Injured,Number Dead,Number Deer,House Number,Roadway Interchange,Roadway Ramp,Roadway Id,Intersecting Road,Interchange,Feet From,Direction,Latitude,Longitude,Roadway Class,Hit and Run?,Locality,School Zone?,Rumble Strips?,Construction?,Construction Type,Light Condition,Weather Conditions,Surface Condition,Type of Median,Roadway Junction Type,Road Character,Roadway Surface,Primary Factor,Manner of Collision,Unique Location Id,Traffic Control,DateTime
BLOOMINGTON PD,BLOOMINGTON,2,0.0,0.0,0.0,0,,,,E 2ND ST,S DUNN ST,,,,39.16137,-86.52841,LOCAL/CITY ROAD,Y,URBAN,N,N,N,,DARK (NOT LIGHTED),RAIN,WET,,NO JUNCTION INVOLVED,STRAIGHT/LEVEL,ASPHALT,IMPROPER TURNING,SAME DIRECTION SIDESWIPE,EAST2NDSTSOUTHDUNNST,NONE,2020-04-22 23:45:00
ELLETTSVILLE PD,ELLETTSVILLE,3,0.0,0.0,0.0,0,,,,SR 46,N LOVE LN,,200.0,E,39.21881944,-86.60174195,STATE ROAD,N,URBAN,N,N,Y,LANE CLOSURE,DAYLIGHT,CLEAR,DRY,,NO JUNCTION INVOLVED,STRAIGHT/LEVEL,ASPHALT,FOLLOWING TOO CLOSELY,REAR END,LOVELNSR46W,LANE CONTROL,2020-04-24 13:12:00
MONROE SD,BLOOMINGTON,3,0.0,0.0,0.0,0,,,,S CARBERRY CT,,,250.0,S,39.08888718,-86.52055,LOCAL/CITY ROAD,N,RURAL,N,N,N,,DAYLIGHT,CLEAR,DRY,,NO JUNCTION INVOLVED,STRAIGHT/GRADE,ASPHALT,OTHER (VEHICLE) - EXPLAIN IN NARRATIVE,OTHER - EXPLAIN IN NARRATIVE,SCARBERRYCTSDERBYDR,NONE,2020-04-24 19:21:00
BLOOMINGTON PD,BLOOMINGTON,4,0.0,0.0,0.0,0,,,,N COLLEGE AVE,,,250.0,S,39.171744,-86.534768,LOCAL/CITY ROAD,N,URBAN,N,N,N,,DAWN/DUSK,CLEAR,DRY,,FOUR-WAY INTERSECTION,STRAIGHT/LEVEL,ASPHALT,UNSAFE LANE MOVEMENT,SAME DIRECTION SIDESWIPE,NCOLLEGEAVEW10THST,TRAFFIC CONTROL SIGNAL,2020-04-24 20:30:00
MONROE SD,BLOOMINGTON,1,0.0,1.0,0.0,0,,,,SR 446,,,450.0,N,39.18342008,-86.45682,STATE ROAD,N,RURAL,N,N,N,,DARK (NOT LIGHTED),CLEAR,DRY,,NO JUNCTION INVOLVED,CURVE/GRADE,ASPHALT,RAN OFF ROAD RIGHT,RAN OFF ROAD,KNIGHTRIDGERDSR446S,LANE CONTROL,2020-04-25 04:19:00
MONROE SD,BLOOMINGTON,2,0.0,0.0,0.0,0,,,,S GARRISON CHAPEL RD,SR 45,,,,39.111024,-86.638304,COUNTY ROAD,N,URBAN,N,N,N,,DAYLIGHT,CLOUDY,WET,,FOUR-WAY INTERSECTION,STRAIGHT/GRADE,ASPHALT,FOLLOWING TOO CLOSELY,REAR END,SOUTHGARRISONCHAPELRDWESTSTATEROAD45RD,STOP SIGN,2020-04-25 13:28:00
MONROE SD,BLOOMINGTON,2,0.0,0.0,0.0,0,5337.0,,,S WALNUT ST,S FAIRFAX RD,,185.0,N,39.12672404,-86.52648,COUNTY ROAD,N,RURAL,N,N,N,,DAYLIGHT,CLOUDY,WET,,NO JUNCTION INVOLVED,STRAIGHT/LEVEL,ASPHALT,FAILURE TO YIELD RIGHT OF WAY,RIGHT ANGLE,FAIRFAXRDWALNUTST,NONE,2020-04-25 15:37:00
INDIANA UNIV BLOOMINGTON PD,BLOOMINGTON,1,0.0,0.0,0.0,0,,,,SR 45/46,N FEE LN,,175.0,E,39.1863,-86.53164514,STATE ROAD,Y,URBAN,N,N,N,,DAYLIGHT,CLOUDY,DRY,,NO JUNCTION INVOLVED,STRAIGHT/LEVEL,ASPHALT,RAN OFF ROAD RIGHT,RAN OFF ROAD,MATLOCKRDSR46,NONE,2020-04-25 17:07:00
ISP BLOOMINGTON 33,BLOOMINGTON,1,,0.0,0.0,0,,,123C,I-69 S,N SR 37 BUSINESS,,845.0,S,39.23172739,-86.5407826,INTERSTATE,,RURAL,N,N,N,,DAYLIGHT,CLOUDY,WET,,RAMP,,ASPHALT,SPEED TOO FAST FOR WEATHER CONDITIONS,RIGHT ANGLE,,,2020-04-25 17:30:00
BLOOMINGTON PD,BLOOMINGTON,2,0.0,0.0,0.0,0,,,,N KINSER PIKE,SR 45/46,,,,39.186544,-86.537888,LOCAL/CITY ROAD,N,URBAN,N,N,N,,DAYLIGHT,RAIN,WET,,FOUR-WAY INTERSECTION,STRAIGHT/LEVEL,ASPHALT,UNSAFE BACKING,BACKING CRASH,BYPASS4546RDSNKINSERPIKE,TRAFFIC CONTROL SIGNAL,2020-04-26 09:25:00
BLOOMINGTON PD,BLOOMINGTON,2,0.0,3.0,0.0,0,,,,S COLLEGE AVE,W 3RD ST,,,,39.16464,-86.534816,LOCAL/CITY ROAD,N,URBAN,N,N,N,,DAYLIGHT,CLEAR,DRY,,FOUR-WAY INTERSECTION,STRAIGHT/LEVEL,ASPHALT,DISREGARD SIGNAL/REG SIGN,RIGHT ANGLE,SCOLLEGEAVEW3RDST,TRAFFIC CONTROL SIGNAL,2020-04-26 16:01:00
BLOOMINGTON PD,BLOOMINGTON,1,0.0,0.0,0.0,0,,,,W 2ND ST,S WALNUT ST,,,,39.16607,-86.53339,LOCAL/CITY ROAD,Y,URBAN,N,N,N,,DAYLIGHT,CLEAR,DRY,,FOUR-WAY INTERSECTION,STRAIGHT/LEVEL,ASPHALT,RAN OFF ROAD RIGHT,RAN OFF ROAD,101W2NDSTSOUTHWALNUTST,TRAFFIC CONTROL SIGNAL,2020-04-26 18:06:00
MONROE SD,BLOOMINGTON,1,0.0,0.0,0.0,0,4406.0,,,W TANGLEWOOD RD,,,,,39.232972,-86.586744,UNKNOWN,N,RURAL,N,N,N,,DARK (LIGHTED),CLEAR,DRY,,NO JUNCTION INVOLVED,STRAIGHT/GRADE,ASPHALT,RAN OFF ROAD RIGHT,RAN OFF ROAD,TANGLEWOODRD,NONE,2020-04-26 21:58:00
MONROE SD,BLOOMINGTON,1,0.0,0.0,0.0,0,2323.0,,,W ARLINGTON RD,,,,,39.209952,-86.582896,LOCAL/CITY ROAD,Y,URBAN,N,N,N,,DAWN/DUSK,CLEAR,DRY,,NO JUNCTION INVOLVED,STRAIGHT/LEVEL,ASPHALT,RAN OFF ROAD RIGHT,RAN OFF ROAD,NARLINGTONRD,NONE,2020-04-27 08:22:00
BLOOMINGTON PD,BLOOMINGTON,2,0.0,0.0,0.0,0,,,,N WALNUT ST,E BLUE RIDGE DR,,,,39.196848,-86.5344,LOCAL/CITY ROAD,N,URBAN,N,N,N,,DAYLIGHT,CLEAR,DRY,,T-INTERSECTION,STRAIGHT/LEVEL,ASPHALT,FOLLOWING TOO CLOSELY,REAR END,EASTBLUERIDGEDRNORTHWALNUTST,NONE,2020-04-27 13:05:00
MONROE SD,ELLETTSVILLE,1,0.0,0.0,0.0,0,,,,SR 46,N UNION VALLEY RD,,,,39.21513,-86.59268,STATE ROAD,N,URBAN,N,N,N,,DARK (LIGHTED),CLEAR,DRY,,NO JUNCTION INVOLVED,STRAIGHT/LEVEL,ASPHALT,ANIMAL/OBJECT IN ROADWAY,COLLISION WITH ANIMAL OTHER,SR46WUNIONVALLEYRD,TRAFFIC CONTROL SIGNAL,2020-04-28 01:39:00
MONROE SD,BLOOMINGTON,2,0.0,1.0,0.0,0,,,,SR 45,S CURRY PIKE,,2000.0,W,39.13972791,-86.58896743,STATE ROAD,N,URBAN,N,N,N,,DAYLIGHT,CLOUDY,DRY,,T-INTERSECTION,STRAIGHT/LEVEL,ASPHALT,FOLLOWING TOO CLOSELY,REAR END,SCURRYPIKESR45W,NONE,2020-04-28 08:12:00
BLOOMINGTON PD,BLOOMINGTON,1,0.0,0.0,0.0,1,,,,S THE STANDS DR,E OAKMONT DR,,,,39.13316,-86.50609,LOCAL/CITY ROAD,N,URBAN,N,N,N,,DARK (NOT LIGHTED),CLEAR,WET,,T-INTERSECTION,CURVE/LEVEL,ASPHALT,ANIMAL/OBJECT IN ROADWAY,COLLISION WITH ANIMAL OTHER,OAKMONTDRTHESTANDSDR,NONE,2020-04-29 03:06:00
MONROE SD,BLOOMINGTON,1,0.0,0.0,0.0,0,,,,I-69 S,,,500.0,S,39.16915017,-86.5495,INTERSTATE,N,URBAN,N,N,N,,DAWN/DUSK,CLOUDY,WET,,NO JUNCTION INVOLVED,STRAIGHT/HILLCREST,ASPHALT,ANIMAL/OBJECT IN ROADWAY,RAN OFF ROAD,I69SKINSERPIKE,NONE,2020-04-29 06:35:00
INDIANA UNIV BLOOMINGTON PD,BLOOMINGTON,1,0.0,0.0,0.0,0,,,,N JEFFERSON ST,E 10TH ST,,70.0,E,0.0,0.0,LOCAL/CITY ROAD,N,URBAN,N,N,N,,DAYLIGHT,RAIN,WET,,NO JUNCTION INVOLVED,CURVE/LEVEL,ASPHALT,OTHER (VEHICLE) - EXPLAIN IN NARRATIVE,OTHER - EXPLAIN IN NARRATIVE,10THSTJEFFERSONST,NONE,2020-04-29 07:00:00
BLOOMINGTON PD,BLOOMINGTON,2,0.0,3.0,0.0,0,,,,S WALNUT ST,ENTRANCE TO STARBUCKS,,200.0,N,39.146944,-86.532544,LOCAL/CITY ROAD,N,URBAN,N,N,N,,DAYLIGHT,CLOUDY,WET,,NO JUNCTION INVOLVED,STRAIGHT/LEVEL,ASPHALT,FAILURE TO YIELD RIGHT OF WAY,HEAD ON BETWEEN TWO MOTOR VEHICLES,EMILLERDRSWALNUTST,NONE,2020-04-29 15:37:00
MONROE SD,BLOOMINGTON,1,0.0,0.0,0.0,0,,,,N OLD SR 37,MAIN FOREST RD,,3700.0,N,39.71975553,-86.47272,STATE ROAD,N,RURAL,N,N,N,,DARK (NOT LIGHTED),CLOUDY,WET,,NO JUNCTION INVOLVED,CURVE/LEVEL,CONCRETE,ANIMAL/OBJECT IN ROADWAY,RAN OFF ROAD,EMAINFORRESTRDSR37N,NONE,2020-04-29 20:33:00
ELLETTSVILLE PD,ELLETTSVILLE,2,0.0,0.0,0.0,0,,,,SR 46,N 5TH ST,,,,39.23384,-86.624704,STATE ROAD,N,URBAN,N,N,N,,DARK (LIGHTED),CLOUDY,WET,,FOUR-WAY INTERSECTION,STRAIGHT/LEVEL,ASPHALT,FAILURE TO YIELD RIGHT OF WAY,RIGHT ANGLE,SALESTSR46W,NONE,2020-04-29 21:26:00
MONROE SD,BLOOMINGTON,1,0.0,0.0,0.0,0,6675.0,,,W VERNAL PIKE,,,,,39.18728327,-86.63557845,LOCAL/CITY ROAD,Y,RURAL,N,N,N,,DARK (NOT LIGHTED),RAIN,WET,,NO JUNCTION INVOLVED,CURVE/LEVEL,ASPHALT,RAN OFF ROAD RIGHT,RAN OFF ROAD,WVERNALPIKE,NONE,2020-04-30 05:01:00
BLOOMINGTON PD,BLOOMINGTON,2,0.0,0.0,0.0,0,519.0,,,W 1ST ST,ENTRANCE TO IU HEALTH BLOOMINGTON HOSPITAL,,,,39.159344,-86.52822659,UNKNOWN,N,URBAN,N,N,N,,DAYLIGHT,CLEAR,DRY,,NO JUNCTION INVOLVED,STRAIGHT/GRADE,ASPHALT,UNSAFE BACKING,BACKING CRASH,1STST,NONE,2020-05-01 10:01:00
BLOOMINGTON PD,BLOOMINGTON,2,0.0,0.0,0.0,0,,,,SR 45,W INDUSTRIAL BLVD,,,,0.0,0.0,LOCAL/CITY ROAD,N,URBAN,N,N,N,,DAYLIGHT,CLEAR,DRY,,FOUR-WAY INTERSECTION,STRAIGHT/LEVEL,ASPHALT,FAILURE TO YIELD RIGHT OF WAY,RIGHT ANGLE,SINDUSTRIALBLVDWBLOOMFIELDRD,TRAFFIC CONTROL SIGNAL,2020-05-01 10:50:00
BLOOMINGTON PD,BLOOMINGTON,3,0.0,1.0,0.0,0,,,Y,SR 48,I-69 S,,,,39.16453,-86.57328,LOCAL/CITY ROAD,N,URBAN,N,N,N,,DAYLIGHT,CLEAR,DRY,,FOUR-WAY INTERSECTION,STRAIGHT/LEVEL,ASPHALT,FOLLOWING TOO CLOSELY,REAR END,SOUTHI69RAMPWEST3RDST,TRAFFIC CONTROL SIGNAL,2020-05-01 11:39:00
ISP BLOOMINGTON 33,BLOOMINGTON,1,,0.0,0.0,0,,,,I-69 N,N KINSER PIKE OVERPASS,,370.0,N,39.22184443,-86.54932684,INTERSTATE,,RURAL,N,N,N,,DAYLIGHT,CLEAR,DRY,,NO JUNCTION INVOLVED,,ASPHALT,OTHER (VEHICLE) - EXPLAIN IN NARRATIVE,OTHER - EXPLAIN IN NARRATIVE,,,2020-05-01 15:05:00
ISP BLOOMINGTON 33,BLOOMINGTON,1,,0.0,0.0,0,,,,I-69 N,N KINSER PIKE OVERPASS,,422.0,N,39.22190515,-86.5492821,INTERSTATE,,RURAL,N,N,N,,DAYLIGHT,CLEAR,DRY,,NO JUNCTION INVOLVED,,ASPHALT,ANIMAL/OBJECT IN ROADWAY,COLLISION WITH OBJECT IN ROAD,,,2020-05-01 15:15:00
BLOOMINGTON PD,BLOOMINGTON,2,0.0,0.0,0.0,0,,,,W 3RD ST,S KIMBLE DR,,,,39.16464,-86.568,LOCAL/CITY ROAD,N,URBAN,N,N,N,,DAYLIGHT,CLEAR,DRY,,FOUR-WAY INTERSECTION,STRAIGHT/LEVEL,ASPHALT,BRAKE FAILURE OR DEFECTIVE,REAR END,SKIMBLEDRW3RDST,TRAFFIC CONTROL SIGNAL,2020-05-01 16:47:00
MONROE SD,BLOOMINGTON,1,0.0,1.0,0.0,0,,,,SR 48,,,3000.0,W,39.1675301,-86.65896484,STATE ROAD,N,RURAL,N,N,N,,DAYLIGHT,CLEAR,DRY,,NO JUNCTION INVOLVED,STRAIGHT/GRADE,ASPHALT,RAN OFF ROAD RIGHT,RAN OFF ROAD,GARRISONCHAPELRDSR48W,NONE,2020-05-02 12:25:00
BLOOMINGTON PD,BLOOMINGTON,2,0.0,0.0,0.0,0,500.0,,,W HAYS CT,,,,,39.143132,-86.539615,UNKNOWN,N,URBAN,N,N,N,,DAYLIGHT,CLEAR,DRY,,NO JUNCTION INVOLVED,STRAIGHT/LEVEL,ASPHALT,UNSAFE BACKING,BACKING CRASH,WHAYSCT,NONE,2020-05-02 13:09:00
MONROE SD,BLOOMINGTON,1,0.0,1.0,0.0,0,,,,SR 37,S ZIKES RD,,,,39.04941,-86.54102,STATE ROAD,N,RURAL,N,Y,N,,DAYLIGHT,CLEAR,DRY,,T-INTERSECTION,STRAIGHT/LEVEL,ASPHALT,PEDESTRIAN ACTION,COLLISION WITH OBJECT IN ROAD,SR37SZIKESRD,LANE CONTROL,2020-05-02 14:52:00
BLOOMINGTON PD,BLOOMINGTON,1,0.0,1.0,0.0,0,1511.0,,,S HUNTINGTON DR,,,,,39.14987633,-86.52072333,UNKNOWN,Y,URBAN,N,N,N,,DARK (NOT LIGHTED),CLEAR,DRY,,NO JUNCTION INVOLVED,STRAIGHT/LEVEL,ASPHALT,IMPROPER LANE USAGE,OTHER - EXPLAIN IN NARRATIVE,SHUNTINGTONDR,NONE,2020-05-02 21:30:00
INDIANA UNIV BLOOMINGTON PD,BLOOMINGTON,2,0.0,0.0,0.0,0,,,,E 3RD ST,S JORDAN AVE,,158.0,W,39.16425,-86.51524633,LOCAL/CITY ROAD,N,URBAN,N,N,N,,DAYLIGHT,CLOUDY,WET,,NO JUNCTION INVOLVED,STRAIGHT/LEVEL,ASPHALT,IMPROPER TURNING,LEFT TURN,SWAINAVETHIRDST,NONE,2020-05-03 12:05:00
ISP BLOOMINGTON 33,BLOOMINGTON,2,,0.0,0.0,0,,,,S LEONARD SPRINGS RD,W LEONARD SPRINGS RD,,0.0,S,39.122348,-86.591702,COUNTY ROAD,,RURAL,N,N,N,,DAYLIGHT,CLOUDY,DRY,,T-INTERSECTION,,ASPHALT,UNSAFE BACKING,BACKING CRASH,,,2020-05-03 12:35:00
ISP BLOOMINGTON 33,BLOOMINGTON,1,,2.0,0.0,0,,,,SR 45,W AIRPORT RD,,317.0,W,39.13601214,-86.59494946,,,RURAL,N,N,N,,DAYLIGHT,CLEAR,DRY,,NO JUNCTION INVOLVED,,ASPHALT,,,,,2020-05-03 14:05:00
ISP BLOOMINGTON 33,BLOOMINGTON,2,,0.0,0.0,0,,,,S WALNUT ST,W DILLMAN RD,,0.0,S,39.092981,-86.544167,COUNTY ROAD,,RURAL,N,N,N,,DAYLIGHT,CLOUDY,DRY,,FOUR-WAY INTERSECTION,,ASPHALT,FAILURE TO YIELD RIGHT OF WAY,RIGHT ANGLE,,,2020-05-03 16:52:00
MONROE SD,BLOOMINGTON,1,0.0,1.0,0.0,0,,,,SR 45,N BENT PINE RD,,185.0,S,0.0,0.0,STATE ROAD,N,RURAL,N,N,N,,DAYLIGHT,CLOUDY,WET,,NO JUNCTION INVOLVED,STRAIGHT/LEVEL,ASPHALT,SPEED TOO FAST FOR WEATHER CONDITIONS,RAN OFF ROAD,BENTPINEDRSR45,NONE,2020-05-03 18:19:00
MONROE SD,BLOOMINGTON,1,0.0,0.0,0.0,1,,,,SR 45,S DUNCAN RD,,750.0,W,39.13365949,-86.59815513,STATE ROAD,N,RURAL,N,N,N,,DARK (NOT LIGHTED),CLEAR,DRY,,NO JUNCTION INVOLVED,STRAIGHT/GRADE,ASPHALT,ANIMAL/OBJECT IN ROADWAY,COLLISION WITH DEER,DUNCANRDSR45W,LANE CONTROL,2020-05-04 04:08:00
ELLETTSVILLE PD,ELLETTSVILLE,2,0.0,0.0,0.0,0,,,,SR 46,S SALE ST,,,,39.23384,-86.624704,LOCAL/CITY ROAD,N,URBAN,N,N,N,,DAYLIGHT,CLEAR,DRY,,NO JUNCTION INVOLVED,STRAIGHT/LEVEL,ASPHALT,FAILURE TO YIELD RIGHT OF WAY,RIGHT ANGLE,SALESTTEMPERANCEST,TRAFFIC CONTROL SIGNAL,2020-05-04 09:09:00
MONROE SD,BLOOMINGTON,1,0.0,0.0,0.0,0,,,,SR 48,,,1000.0,E,39.16339763,-86.64617348,STATE ROAD,N,RURAL,N,N,N,,DAWN/DUSK,CLOUDY,DRY,,NO JUNCTION INVOLVED,CURVE/GRADE,ASPHALT,RAN OFF ROAD RIGHT,RAN OFF ROAD,GARRISONCHAPELRDSR48W,NONE,2020-05-04 19:50:00
ISP BLOOMINGTON 33,BLOOMINGTON,1,,0.0,0.0,0,,,,SR 37,,,739.0,N,39.02139301,-86.53629151,STATE ROAD,,RURAL,N,N,N,,DARK (LIGHTED),CLEAR,DRY,,NO JUNCTION INVOLVED,,ASPHALT,OTHER (DRIVER) - EXPLAIN IN NARRATIVE,RAN OFF ROAD,,,2020-05-04 22:15:00
INDIANA UNIV BLOOMINGTON PD,BLOOMINGTON,2,0.0,0.0,0.0,0,,,,SR 46,E 10TH ST,,,,0.0,0.0,STATE ROAD,N,URBAN,N,N,N,,DAYLIGHT,RAIN,WET,,NO JUNCTION INVOLVED,STRAIGHT/GRADE,ASPHALT,FOLLOWING TOO CLOSELY,REAR END,SR46UNIONVILLERD,LANE CONTROL,2020-05-05 12:35:00
BLOOMINGTON PD,BLOOMINGTON,2,0.0,1.0,0.0,0,,,,SR 45,S LIBERTY DR,,,,0.0,0.0,LOCAL/CITY ROAD,N,URBAN,N,N,N,,DAYLIGHT,CLOUDY,WET,,FOUR-WAY INTERSECTION,STRAIGHT/LEVEL,ASPHALT,FAILURE TO YIELD RIGHT OF WAY,LEFT TURN,SLIBERTYDRWBLOOMFIELDRD,TRAFFIC CONTROL SIGNAL,2020-05-05 13:34:00
BLOOMINGTON PD,BLOOMINGTON,2,0.0,0.0,0.0,0,,,Y,SR 45,I-69 S,,,,39.14753,-86.57295,LOCAL/CITY ROAD,N,URBAN,N,N,N,,DAYLIGHT,CLOUDY,WET,,FOUR-WAY INTERSECTION,STRAIGHT/LEVEL,ASPHALT,DISREGARD SIGNAL/REG SIGN,LEFT TURN,I69SRPWBLOOMFIELDRD,TRAFFIC CONTROL SIGNAL,2020-05-05 15:21:00
BLOOMINGTON PD,BLOOMINGTON,1,0.0,0.0,0.0,0,522.0,,,SR 45/46,N KINSER PIKE,,,,39.18517355,-86.53802122,LOCAL/CITY ROAD,N,URBAN,N,N,N,,DAYLIGHT,CLOUDY,DRY,,NO JUNCTION INVOLVED,NON-ROADWAY CRASH,OTHER - EXPLAIN IN NARRATIVE,OTHER (DRIVER) - EXPLAIN IN NARRATIVE,RAN OFF ROAD,WGOURLEYPIKE,NONE,2020-05-05 17:28:00
BLOOMINGTON PD,BLOOMINGTON,2,0.0,0.0,0.0,0,,,,W BLOOMFIELD RD,S WEIMER RD,,,,39.16141195,-86.54638032,LOCAL/CITY ROAD,Y,URBAN,N,N,N,,DAWN/DUSK,CLOUDY,WET,,T-INTERSECTION,CURVE/GRADE,ASPHALT,FAILURE TO YIELD RIGHT OF WAY,RIGHT TURN,SWEIMERRDWBLOOMFIELDRD,STOP SIGN,2020-05-05 19:38:00
INDIANA UNIV BLOOMINGTON PD,BLOOMINGTON,3,0.0,1.0,0.0,0,,,,SR 45/46,E 10TH ST,,150.0,N,0.0,0.0,STATE ROAD,N,URBAN,N,N,N,,DAYLIGHT,CLEAR,DRY,,NO JUNCTION INVOLVED,STRAIGHT/LEVEL,ASPHALT,DRIVER DISTRACTED - EXPLAIN IN NARRATIVE,REAR END,10THSTSR4546S,TRAFFIC CONTROL SIGNAL,2020-05-06 17:00:00
BLOOMINGTON PD,BLOOMINGTON,2,0.0,0.0,0.0,0,,,,E 8TH ST,N WASHINGTON ST,,100.0,E,39.169552,-86.5324,LOCAL/CITY ROAD,Y,URBAN,N,N,N,,UNKNOWN,,DRY,,NO JUNCTION INVOLVED,STRAIGHT/LEVEL,ASPHALT,UNSAFE SPEED,SAME DIRECTION SIDESWIPE,E8THSTNWASHINGTONST,NONE,2020-05-06 19:00:00
MONROE SD,BLOOMINGTON,2,0.0,0.0,0.0,0,,,,W LEONARD SPRINGS RD,S ISON RD,,,,39.12231,-86.60577,COUNTY ROAD,N,RURAL,N,N,N,,DARK (NOT LIGHTED),CLEAR,DRY,,FOUR-WAY INTERSECTION,STRAIGHT/LEVEL,ASPHALT,FOLLOWING TOO CLOSELY,REAR END,SISONRDWLEONARDSPRINGSRD,STOP SIGN,2020-05-06 20:50:00
BLOOMINGTON PD,BLOOMINGTON,2,0.0,1.0,0.0,0,,,,SR 48,S WESTERN DR,,,,39.164848,-86.586592,STATE ROAD,N,URBAN,N,N,N,,DAYLIGHT,CLEAR,DRY,,INTERCHANGE,STRAIGHT/LEVEL,ASPHALT,FAILURE TO YIELD RIGHT OF WAY,LEFT TURN,SR48WWESTERNDR,STOP SIGN,2020-05-07 09:17:00
BLOOMINGTON PD,BLOOMINGTON,2,0.0,0.0,0.0,0,,,,N COLLEGE AVE,W 10TH ST,,,,39.17168,-86.53483,LOCAL/CITY ROAD,N,URBAN,N,N,N,,DAYLIGHT,CLEAR,DRY,,FOUR-WAY INTERSECTION,STRAIGHT/GRADE,ASPHALT,IMPROPER LANE USAGE,SAME DIRECTION SIDESWIPE,10THSTCOLLEGEAVE,TRAFFIC CONTROL SIGNAL,2020-05-07 10:15:00
BLOOMINGTON PD,BLOOMINGTON,2,0.0,2.0,0.0,0,,,,S LIBERTY DR,ENTRANCE TO WHITEHALL PLAZA (N),,40.0,S,39.16038022,-86.57913,LOCAL/CITY ROAD,N,URBAN,N,N,N,,DAYLIGHT,CLEAR,DRY,,FOUR-WAY INTERSECTION,STRAIGHT/LEVEL,ASPHALT,FAILURE TO YIELD RIGHT OF WAY,RIGHT ANGLE,3RDSTLIBERTYDR,LANE CONTROL,2020-05-07 11:55:00
INDIANA UNIV BLOOMINGTON PD,BLOOMINGTON,2,0.0,0.0,0.0,0,,,,N UNION ST,ENTRANCE TO CAMPUS VIEW APARTMENTS CIRCLE,,340.0,N,39.20830021,-86.50966,LOCAL/CITY ROAD,N,URBAN,N,N,N,,DAYLIGHT,CLEAR,DRY,,NO JUNCTION INVOLVED,STRAIGHT/LEVEL,ASPHALT,IMPROPER PASSING,LEFT TURN,ELAWLNNUNIONST,NONE,2020-05-07 14:10:00
BLOOMINGTON PD,BLOOMINGTON,2,0.0,0.0,0.0,0,,,,N WALNUT ST,W 11TH ST,,,,39.173248,-86.533488,LOCAL/CITY ROAD,N,URBAN,N,N,N,,DAYLIGHT,CLEAR,DRY,,FOUR-WAY INTERSECTION,STRAIGHT/HILLCREST,ASPHALT,FAILURE TO YIELD RIGHT OF WAY,SAME DIRECTION SIDESWIPE,NORTHWALNUTSTWEST11THST,LANE CONTROL,2020-05-07 18:15:00
MONROE SD,BLOOMINGTON,1,0.0,0.0,0.0,0,1530.0,,,S BUSHMILL DR,,,,,39.122782,-86.548824,UNKNOWN,N,RURAL,N,N,N,,DAYLIGHT,CLEAR,DRY,,NO JUNCTION INVOLVED,STRAIGHT/GRADE,ASPHALT,RAN OFF ROAD RIGHT,RAN OFF ROAD,WSHAMROCKCT,NONE,2020-05-07 20:20:00
MONROE SD,BLOOMINGTON,2,0.0,0.0,0.0,0,,,,S OLD SR 37,S KETCHAM RD,,500.0,N,39.1254882,-86.54445,STATE ROAD,N,RURAL,N,N,N,,DAWN/DUSK,CLEAR,DRY,,NO JUNCTION INVOLVED,STRAIGHT/LEVEL,ASPHALT,FOLLOWING TOO CLOSELY,REAR END,SKETCHAMRDSR37S,NONE,2020-05-07 20:41:00
MONROE SD,BLOOMINGTON,1,0.0,0.0,0.0,0,,,,S SNODDY RD,E ROGERS RD,,,,0.0,0.0,COUNTY ROAD,N,RURAL,N,N,N,,DARK (LIGHTED),CLEAR,DRY,,T-INTERSECTION,STRAIGHT/LEVEL,ASPHALT,DRIVER DISTRACTED - EXPLAIN IN NARRATIVE,RAN OFF ROAD,RODGERSRDSNOODYRD,STOP SIGN,2020-05-07 23:04:00
BLOOMINGTON PD,BLOOMINGTON,2,0.0,0.0,0.0,0,,,,W VERNAL PIKE,N CURRY PIKE,,,,39.17762,-86.57894,COUNTY ROAD,N,RURAL,N,N,N,,DAYLIGHT,CLEAR,DRY,,NO JUNCTION INVOLVED,STRAIGHT/LEVEL,ASPHALT,FOLLOWING TOO CLOSELY,REAR END,4100WVERNALPIKECURRYPIKE,LANE CONTROL,2020-05-08 13:00:00
BLOOMINGTON PD,BLOOMINGTON,2,0.0,0.0,0.0,0,,,,W COUNTRY CLUB DR,S ROGERS ST,,,,39.13604,-86.53827,LOCAL/CITY ROAD,N,URBAN,N,N,N,,UNKNOWN,CLEAR,DRY,,FOUR-WAY INTERSECTION,STRAIGHT/LEVEL,ASPHALT,FAILURE TO YIELD RIGHT OF WAY,LEFT TURN,SROGERSSTWCOUNTRYCLUBDR,TRAFFIC CONTROL SIGNAL,2020-05-08 16:12:00
MONROE SD,BLOOMINGTON,2,0.0,0.0,0.0,0,400.0,,,W TERRACE DR,COUNTRY CLUB TERRACE,,,,39.1276,-86.537776,COUNTY ROAD,N,URBAN,N,N,N,,DAYLIGHT,CLEAR,DRY,,NO JUNCTION INVOLVED,STRAIGHT/LEVEL,ASPHALT,UNSAFE BACKING,BACKING CRASH,WTERRACEDR,NONE,2020-05-08 17:25:00