Agency,City,Vehicles Involved,Trailers Involved,Number Injured,Number Dead,Number Deer,House Number,Roadway Interchange,Roadway Ramp,Roadway Id,Intersecting Road,Interchange,Feet From,Direction,Latitude,Longitude,Roadway Class,Hit and Run?,Locality,School Zone?,Rumble Strips?,Construction?,Construction Type,Light Condition,Weather Conditions,Surface Condition,Type of Median,Roadway Junction Type,Road Character,Roadway Surface,Primary Factor,Manner of Collision,Unique Location Id,Traffic Control,DateTime
BLOOMINGTON PD,BLOOMINGTON,2,0.0,2.0,0.0,0,,,,S PATTERSON DR,W ALLEN ST,,,,39.15567,-86.54332,LOCAL/CITY ROAD,N,URBAN,N,N,N,,DAYLIGHT,CLEAR,DRY,,FOUR-WAY INTERSECTION,CURVE/LEVEL,ASPHALT,UNSAFE SPEED,HEAD ON BETWEEN TWO MOTOR VEHICLES,SPATTERSONDRWALLENST,TRAFFIC CONTROL SIGNAL,2020-05-08 20:17:00
BLOOMINGTON PD,BLOOMINGTON,2,0.0,0.0,0.0,0,,,,E 3RD ST,S GRANT ST,,,,39.16464,-86.529728,LOCAL/CITY ROAD,N,URBAN,N,N,N,,DARK (LIGHTED),CLEAR,DRY,,FOUR-WAY INTERSECTION,STRAIGHT/GRADE,ASPHALT,FAILURE TO YIELD RIGHT OF WAY,RIGHT ANGLE,3RDSTGRANTSR,STOP SIGN,2020-05-08 21:35:00
MONROE SD,BLOOMINGTON,1,0.0,0.0,0.0,0,,,,E 17TH ST,N INDIANA AVE,,,,39.179024,-86.5272,LOCAL/CITY ROAD,N,URBAN,N,N,N,,DARK (LIGHTED),CLEAR,DRY,,T-INTERSECTION,STRAIGHT/LEVEL,ASPHALT,RAN OFF ROAD RIGHT,RAN OFF ROAD,EAST17THSTNORTHINDIANAAVE,NONE,2020-05-09 00:20:00
BLOOMINGTON PD,BLOOMINGTON,2,0.0,2.0,0.0,0,1655.0,,,S OAKDALE DR,W SPRUCE DR,,,,39.14586717,-86.57148167,UNKNOWN,N,URBAN,N,N,N,,DAYLIGHT,CLEAR,DRY,,NO JUNCTION INVOLVED,CURVE/LEVEL,ASPHALT,UNSAFE SPEED,REAR END,SOAKDALEDR,NONE,2020-05-09 17:08:00
BLOOMINGTON PD,BLOOMINGTON,2,0.0,0.0,0.0,0,,,,S COLLEGE MALL RD,E BUICK CADILLAC BLVD,,,,39.15811,-86.49789,LOCAL/CITY ROAD,N,URBAN,N,N,N,,DARK (LIGHTED),CLEAR,DRY,,FOUR-WAY INTERSECTION,STRAIGHT/GRADE,ASPHALT,IMPROPER LANE USAGE,SAME DIRECTION SIDESWIPE,EBUICKCADILLACBLVDSCOLLEGEMALLRD,TRAFFIC CONTROL SIGNAL,2020-05-09 20:17:00
MONROE SD,BLOOMINGTON,2,0.0,0.0,0.0,0,6875.0,,,N REDHILL RD,,,,,0.0,0.0,LOCAL/CITY ROAD,N,RURAL,N,N,N,,DAYLIGHT,CLEAR,WET,,NO JUNCTION INVOLVED,STRAIGHT/GRADE,GRAVEL,RAN OFF ROAD RIGHT,REAR END,REDHILLRD,NONE,2020-05-10 13:01:00
MONROE SD,BLOOMINGTON,1,0.0,0.0,0.0,1,,,,I-69 N,,,50.0,N,0.0,0.0,INTERSTATE,N,RURAL,N,Y,N,,DARK (NOT LIGHTED),CLEAR,DRY,,NO JUNCTION INVOLVED,STRAIGHT/LEVEL,ASPHALT,ANIMAL/OBJECT IN ROADWAY,COLLISION WITH ANIMAL OTHER,I69N11,NONE,2020-05-10 21:31:00
MONROE SD,BLOOMINGTON,3,0.0,0.0,0.0,0,4305.0,,,N TRUESDEL DR,W TRUESDEL CT,,,,39.22511,-86.58968,LOCAL/CITY ROAD,N,URBAN,N,N,N,,DAYLIGHT,CLOUDY,DRY,,NO JUNCTION INVOLVED,STRAIGHT/LEVEL,ASPHALT,DRIVER DISTRACTED - EXPLAIN IN NARRATIVE,SAME DIRECTION SIDESWIPE,NTRUESDELDRWTRUESDELCT,NONE,2020-05-11 07:43:00
ISP BLOOMINGTON 33,BLOOMINGTON,2,,1.0,0.0,0,,,,SR 48,S SHERWOOD DR,,53.0,E,39.16469397,-86.58973222,STATE ROAD,,URBAN,N,N,N,,DAYLIGHT,CLEAR,DRY,,NO JUNCTION INVOLVED,,ASPHALT,FAILURE TO YIELD RIGHT OF WAY,OTHER - EXPLAIN IN NARRATIVE,,,2020-05-11 07:52:00
BLOOMINGTON PD,BLOOMINGTON,1,0.0,1.0,0.0,0,,,,N WALNUT ST,SR 45/46,,200.0,S,39.186368,-86.5344,LOCAL/CITY ROAD,N,URBAN,N,N,N,,DAYLIGHT,CLOUDY,DRY,,NO JUNCTION INVOLVED,STRAIGHT/LEVEL,ASPHALT,IMPROPER LANE USAGE,REAR END,NWALNUTSTSR4546BYP,NONE,2020-05-11 10:34:00
BLOOMINGTON PD,BLOOMINGTON,2,0.0,1.0,0.0,0,,,,W 2ND ST,S WALKER ST,,,,39.16143,-86.54614,LOCAL/CITY ROAD,N,URBAN,N,N,N,,DAYLIGHT,CLOUDY,DRY,,FOUR-WAY INTERSECTION,CURVE/GRADE,ASPHALT,DISREGARD SIGNAL/REG SIGN,RIGHT ANGLE,2NDSTWALKERST,TRAFFIC CONTROL SIGNAL,2020-05-11 12:56:00
BLOOMINGTON PD,BLOOMINGTON,1,0.0,1.0,0.0,0,1600.0,,,E ELLISTON DR,,,,,39.129568,-86.513723,LOCAL/CITY ROAD,Y,URBAN,N,N,N,,DAYLIGHT,CLEAR,DRY,,NO JUNCTION INVOLVED,STRAIGHT/LEVEL,CONCRETE,UNSAFE BACKING,BACKING CRASH,EELLISTONDR,NONE,2020-05-11 13:25:00
BLOOMINGTON PD,BLOOMINGTON,2,0.0,0.0,0.0,0,,,,S WALNUT ST,ENTRANCE TO SOUTH PARK SHOPPING CENTER,,150.0,N,39.13730419,-86.53135,LOCAL/CITY ROAD,N,URBAN,N,N,N,,DAYLIGHT,CLOUDY,DRY,,FOUR-WAY INTERSECTION,STRAIGHT/GRADE,ASPHALT,IMPROPER TURNING,LEFT TURN,SWALNUTSTWESTGORDONPIKE,NONE,2020-05-11 15:15:00
ISP BLOOMINGTON 33,BLOOMINGTON,2,,5.0,0.0,0,,,,SR 446,S OLD BEND RD,,739.0,S,39.02077137,-86.40488769,STATE ROAD,,RURAL,N,N,N,,DAYLIGHT,CLOUDY,DRY,,NO JUNCTION INVOLVED,,ASPHALT,LEFT OF CENTER,HEAD ON BETWEEN TWO MOTOR VEHICLES,SR446SOFCHAPELHILLROADOLDBENDRD,,2020-05-11 16:10:00
INDIANA UNIV BLOOMINGTON PD,BLOOMINGTON,2,1.0,1.0,0.0,0,,,,SR 45/46,N KINSER PIKE,,,,39.18721,-86.55525,STATE ROAD,N,URBAN,N,N,N,,DAYLIGHT,CLEAR,DRY,,FOUR-WAY INTERSECTION,STRAIGHT/GRADE,ASPHALT,DRIVER DISTRACTED - EXPLAIN IN NARRATIVE,REAR END,SR45SR46,TRAFFIC CONTROL SIGNAL,2020-05-12 10:55:00
INDIANA UNIV BLOOMINGTON PD,BLOOMINGTON,2,0.0,0.0,0.0,0,,,,SR 45/46,N WALNUT ST,,,,38.7206725,-86.66946967,STATE ROAD,N,URBAN,N,N,N,,DAYLIGHT,CLEAR,DRY,,FOUR-WAY INTERSECTION,STRAIGHT/GRADE,ASPHALT,UNSAFE LANE MOVEMENT,REAR END,SR45WALNUTST,NONE,2020-05-12 11:52:00
INDIANA UNIV BLOOMINGTON PD,BLOOMINGTON,2,0.0,0.0,0.0,0,,,,SR 45/46,E DISCOVERY PKWY,,,,0.0,0.0,LOCAL/CITY ROAD,N,URBAN,N,N,N,,DAYLIGHT,CLEAR,DRY,,FOUR-WAY INTERSECTION,STRAIGHT/LEVEL,ASPHALT,DISREGARD SIGNAL/REG SIGN,OTHER - EXPLAIN IN NARRATIVE,PETEELLISDRSR45,TRAFFIC CONTROL SIGNAL,2020-05-12 12:18:00
ISP BLOOMINGTON 33,BLOOMINGTON,1,,0.0,0.0,1,,,,I-69 S,,,0.0,S,39.07353992,-86.63835886,INTERSTATE,,RURAL,N,Y,N,,DAWN/DUSK,CLOUDY,WET,,NO JUNCTION INVOLVED,,ASPHALT,ANIMAL/OBJECT IN ROADWAY,COLLISION WITH DEER,,,2020-05-13 07:55:00
BLOOMINGTON PD,BLOOMINGTON,2,0.0,0.0,0.0,0,,,,SR 45/46,N FEE LN,,150.0,W,39.18609869,-86.5203624,STATE ROAD,Y,URBAN,N,N,N,,DAYLIGHT,CLEAR,DRY,,NO JUNCTION INVOLVED,CURVE/GRADE,ASPHALT,UNSAFE LANE MOVEMENT,SAME DIRECTION SIDESWIPE,FEELNSR46N,LANE CONTROL,2020-05-13 11:19:00
BLOOMINGTON PD,BLOOMINGTON,1,0.0,0.0,0.0,0,,,,W GRIMES LN,S MADISON ST,,,,39.15342,-86.53764,LOCAL/CITY ROAD,N,URBAN,N,N,N,,DAYLIGHT,CLOUDY,DRY,,T-INTERSECTION,CURVE/GRADE,ASPHALT,RAN OFF ROAD RIGHT,RAN OFF ROAD,SMADISONSTWGRIMESLN,LANE CONTROL,2020-05-13 11:51:00
BLOOMINGTON PD,BLOOMINGTON,2,0.0,1.0,0.0,0,,,,W ARLINGTON RD,,,250.0,S,39.184048,-86.550192,LOCAL/CITY ROAD,N,URBAN,N,N,N,,DAYLIGHT,CLEAR,DRY,,NO JUNCTION INVOLVED,CURVE/GRADE,ASPHALT,FOLLOWING TOO CLOSELY,REAR END,WEST20THSTWESTARLINGTONRD,NONE,2020-05-13 14:00:00
MONROE SD,BLOOMINGTON,1,0.0,0.0,0.0,1,,,,SR 37,E MONROE DAM RD,,300.0,S,39.01924134,-86.53630986,STATE ROAD,N,RURAL,N,N,N,,DAYLIGHT,CLEAR,DRY,,RAMP,STRAIGHT/LEVEL,ASPHALT,ANIMAL/OBJECT IN ROADWAY,COLLISION WITH DEER,EMONROEDAMRDSR37S,NONE,2020-05-13 15:35:00
MONROE SD,BLOOMINGTON,1,0.0,0.0,0.0,0,,,,W VERNAL PIKE,INDUSTRIAL PARK,,,,39.17906,-86.56237,COUNTY ROAD,Y,RURAL,N,N,N,,DARK (LIGHTED),CLEAR,DRY,,NO JUNCTION INVOLVED,STRAIGHT/GRADE,ASPHALT,RAN OFF ROAD RIGHT,RAN OFF ROAD,WINDUSTRIALPARKDRWVERNALPIKE,STOP SIGN,2020-05-14 06:46:00
BLOOMINGTON PD,BLOOMINGTON,2,0.0,0.0,0.0,0,,,,W COUNTRY CLUB DR,S ROGERS ST,,,,39.13604,-86.53827,LOCAL/CITY ROAD,N,URBAN,N,N,N,,DAYLIGHT,CLOUDY,DRY,,FOUR-WAY INTERSECTION,STRAIGHT/LEVEL,ASPHALT,FAILURE TO YIELD RIGHT OF WAY,REAR END,COUNTYCLUBDRROGERSST,TRAFFIC CONTROL SIGNAL,2020-05-14 09:56:00
BLOOMINGTON PD,BLOOMINGTON,1,0.0,0.0,0.0,0,,,,S OAKLAWN CIR,E OLSEN DR,,50.0,E,39.13021,-86.50061432,LOCAL/CITY ROAD,N,URBAN,N,N,N,,DAYLIGHT,CLEAR,DRY,,NO JUNCTION INVOLVED,STRAIGHT/LEVEL,ASPHALT,IMPROPER TURNING,OTHER - EXPLAIN IN NARRATIVE,EOLSENDRSOAKLAWNCIR,NONE,2020-05-14 12:52:00
BLOOMINGTON PD,BLOOMINGTON,2,0.0,0.0,0.0,0,,,,S DOLIMAH AVE,W ISAACS DR,,,,0.0,0.0,LOCAL/CITY ROAD,Y,URBAN,N,N,N,,DAYLIGHT,CLEAR,DRY,,NO JUNCTION INVOLVED,STRAIGHT/LEVEL,ASPHALT,OTHER (DRIVER) - EXPLAIN IN NARRATIVE,SAME DIRECTION SIDESWIPE,DOLIMAHAVEISAACDR,NONE,2020-05-14 13:00:00
INDIANA UNIV BLOOMINGTON PD,BLOOMINGTON,2,0.0,2.0,0.0,0,,,,E ATWATER AVE,S HENDERSON ST,,,,39.163344,-86.5272,LOCAL/CITY ROAD,N,URBAN,N,N,N,,DAYLIGHT,CLOUDY,DRY,,FOUR-WAY INTERSECTION,STRAIGHT/LEVEL,ASPHALT,DISREGARD SIGNAL/REG SIGN,RIGHT ANGLE,ATWATERAVEHENDERSONST,TRAFFIC CONTROL SIGNAL,2020-05-14 14:50:00
BLOOMINGTON PD,BLOOMINGTON,2,0.0,1.0,0.0,0,,,,S WALNUT ST,E RHORER RD,,,,39.121552,-86.531296,LOCAL/CITY ROAD,N,URBAN,N,N,N,,DAYLIGHT,CLOUDY,DRY,,FOUR-WAY INTERSECTION,STRAIGHT/LEVEL,ASPHALT,OTHER (DRIVER) - EXPLAIN IN NARRATIVE,REAR END,RHORERRDSOLDSTATERD37RD,TRAFFIC CONTROL SIGNAL,2020-05-15 08:45:00
MONROE SD,BLOOMINGTON,2,0.0,1.0,0.0,0,,,,SR 45,W ELWREN RD,,,,39.107648,-86.643696,STATE ROAD,N,RURAL,N,N,N,,DAYLIGHT,RAIN,WET,,FOUR-WAY INTERSECTION,STRAIGHT/LEVEL,ASPHALT,FOLLOWING TOO CLOSELY,REAR END,SR45WWELWRENRD,NONE,2020-05-15 10:52:00
BLOOMINGTON PD,BLOOMINGTON,2,0.0,0.0,0.0,0,,,,W COUNTRY CLUB DR,ENTRANCE TO GREASE MONKEY,,200.0,W,39.13597,-86.53109269,LOCAL/CITY ROAD,N,URBAN,N,N,N,,DAYLIGHT,RAIN,WET,,NO JUNCTION INVOLVED,STRAIGHT/GRADE,ASPHALT,FAILURE TO YIELD RIGHT OF WAY,RIGHT ANGLE,COUNTRYCLUBDRWALNUTST,STOP SIGN,2020-05-15 11:05:00
BLOOMINGTON PD,BLOOMINGTON,2,0.0,0.0,0.0,0,1208.0,,,ALLEY,ALLEY,,,,39.16680131,-86.54838596,LOCAL/CITY ROAD,N,URBAN,N,N,N,,DARK (LIGHTED),CLEAR,DRY,,T-INTERSECTION,STRAIGHT/GRADE,ASPHALT,BRAKE FAILURE OR DEFECTIVE,OPPOSITE DIRECTION SIDESWIPE,WKIRKWOODAVE,NONE,2020-05-16 01:33:00
MONROE SD,BLOOMINGTON,1,0.0,0.0,0.0,0,4695.0,,,SR 446,,,1000.0,S,39.07541016,-86.41686317,STATE ROAD,N,RURAL,N,N,N,,DARK (NOT LIGHTED),RAIN,WET,,NO JUNCTION INVOLVED,CURVE/GRADE,ASPHALT,SPEED TOO FAST FOR WEATHER CONDITIONS,RAN OFF ROAD,SR446NSTATEROAD446RD,NONE,2020-05-16 22:33:00
ISP BLOOMINGTON 33,BLOOMINGTON,1,,0.0,0.0,0,,,,SR 48,,,2000.0,E,39.16844607,-86.67076255,STATE ROAD,,RURAL,N,N,N,,DAYLIGHT,CLOUDY,WET,,NO JUNCTION INVOLVED,,ASPHALT,,,,,2020-05-17 13:05:00
BLOOMINGTON PD,BLOOMINGTON,1,0.0,1.0,0.0,0,,,,S WALNUT ST PIKE,E SHERWOOD HILLS DR,,,,39.13253,-86.52684,LOCAL/CITY ROAD,N,URBAN,N,N,N,,DAYLIGHT,CLOUDY,DRY,,FOUR-WAY INTERSECTION,STRAIGHT/LEVEL,ASPHALT,FAILURE TO YIELD RIGHT OF WAY,RIGHT ANGLE,SHERWOODHILLSDRWALNUTSTREETPIKE,LANE CONTROL,2020-05-17 13:51:00
ELLETTSVILLE PD,ELLETTSVILLE,2,0.0,0.0,0.0,0,,,,SR 46,N BRIAR GATE DR,,,,39.21659,-86.59642,STATE ROAD,N,URBAN,N,N,N,,DAWN/DUSK,CLOUDY,DRY,,T-INTERSECTION,STRAIGHT/LEVEL,ASPHALT,FAILURE TO YIELD RIGHT OF WAY,RIGHT ANGLE,BRIARGATEDRSR46W,NONE,2020-05-17 20:13:00
MONROE SD,BLOOMINGTON,1,0.0,0.0,0.0,0,,,,E BOLTINGHOUSE RD,,,1000.0,E,39.21904,-86.47307647,LOCAL/CITY ROAD,N,RURAL,N,N,N,,DARK (NOT LIGHTED),RAIN,WET,,NO JUNCTION INVOLVED,CURVE/GRADE,ASPHALT,ANIMAL/OBJECT IN ROADWAY,COLLISION WITH ANIMAL OTHER,EBOLTINGHOUSERDRDEEARLYOUNGRD,LANE CONTROL,2020-05-17 23:21:00
MONROE SD,BLOOMINGTON,1,0.0,1.0,0.0,0,,,,SR 45,S DARRELL DR,,1000.0,E,39.11500139,-86.62746724,STATE ROAD,N,URBAN,N,N,N,,DARK (NOT LIGHTED),RAIN,WET,,NO JUNCTION INVOLVED,CURVE/LEVEL,ASPHALT,UNSAFE SPEED,RAN OFF ROAD,SDINSMORERDSR45W,LANE CONTROL,2020-05-17 23:41:00
BLOOMINGTON PD,BLOOMINGTON,2,0.0,1.0,0.0,0,,,,SR 45/46,N WALNUT ST,,,,39.186352,-86.534704,STATE ROAD,N,URBAN,N,N,N,,DAYLIGHT,RAIN,WET,,FOUR-WAY INTERSECTION,STRAIGHT/LEVEL,ASPHALT,OVERCORRECTING/OVERSTEERING,LEFT TURN,COLLEGEAVESR46E,TRAFFIC CONTROL SIGNAL,2020-05-18 07:54:00
BLOOMINGTON PD,BLOOMINGTON,2,0.0,0.0,0.0,0,,,,SR 45,I-69 N,,,,0.0,0.0,STATE ROAD,N,URBAN,N,N,N,,DAYLIGHT,RAIN,WET,,T-INTERSECTION,STRAIGHT/GRADE,ASPHALT,FOLLOWING TOO CLOSELY,REAR END,I69NSR45W,TRAFFIC CONTROL SIGNAL,2020-05-18 08:31:00
BLOOMINGTON PD,BLOOMINGTON,2,0.0,4.0,0.0,0,,,,S WALNUT ST,E SOUTHERN DR,,,,39.14977,-86.5335,LOCAL/CITY ROAD,N,URBAN,N,N,N,,DAYLIGHT,CLOUDY,DRY,,FOUR-WAY INTERSECTION,STRAIGHT/GRADE,ASPHALT,FAILURE TO YIELD RIGHT OF WAY,RIGHT ANGLE,SOUTHERNDRWALNUTST,STOP SIGN,2020-05-18 11:37:00
MONROE SD,BLOOMINGTON,1,0.0,0.0,0.0,0,,,,SR 37,E MONROE DAM RD,,200.0,S,39.01951172,-86.5362479,STATE ROAD,N,URBAN,N,N,N,,DARK (NOT LIGHTED),RAIN,WET,,NO JUNCTION INVOLVED,STRAIGHT/LEVEL,ASPHALT,ANIMAL/OBJECT IN ROADWAY,COLLISION WITH DEER,MONROEDAMRDSR37N,LANE CONTROL,2020-05-19 00:33:00
MONROE SD,BLOOMINGTON,1,0.0,1.0,0.0,0,,,,S GARRISON CHAPEL RD,,,500.0,N,39.158848,-86.647104,LOCAL/CITY ROAD,N,RURAL,N,N,N,,DAWN/DUSK,CLOUDY,WET,,NO JUNCTION INVOLVED,CURVE/GRADE,ASPHALT,UNSAFE SPEED,RAN OFF ROAD,SGARRISONCHAPELRDWHENDRICKSRD,LANE CONTROL,2020-05-19 05:56:00
ISP BLOOMINGTON 33,STANFORD,1,,0.0,0.0,1,,,,SR 45,,,475.0,W,39.08911767,-86.66739026,STATE ROAD,,RURAL,N,N,N,,DAWN/DUSK,CLOUDY,WET,,NO JUNCTION INVOLVED,,ASPHALT,ANIMAL/OBJECT IN ROADWAY,COLLISION WITH DEER,,,2020-05-19 07:15:00
ISP BLOOMINGTON 33,BLOOMINGTON,2,,0.0,0.0,0,,,,I-69 N,,,0.0,S,39.25592716,-86.5262354,INTERSTATE,,RURAL,N,N,N,,DAYLIGHT,RAIN,WET,,NO JUNCTION INVOLVED,,ASPHALT,OVERCORRECTING/OVERSTEERING,RAN OFF ROAD,,,2020-05-19 09:25:00
MONROE SD,BLOOMINGTON,2,0.0,0.0,0.0,0,,,,S LIBERTY DR,ENTRANCE TO MENARDS (W),,2400.0,N,39.149552,-86.575936,LOCAL/CITY ROAD,N,URBAN,N,N,N,,DAYLIGHT,CLEAR,DRY,,T-INTERSECTION,CURVE/LEVEL,ASPHALT,FAILURE TO YIELD RIGHT OF WAY,RIGHT ANGLE,SLIBERTYDRWCONSTITUTIONAVE,NONE,2020-05-19 12:50:00
ISP BLOOMINGTON 33,BLOOMINGTON,2,,0.0,0.0,0,,,,W FULLERTON PIKE,S ROCKPORT RD,,1320.0,W,39.12222317,-86.56546533,COUNTY ROAD,,RURAL,N,N,N,,DAYLIGHT,RAIN,WET,,NO JUNCTION INVOLVED,,ASPHALT,FOLLOWING TOO CLOSELY,REAR END,,,2020-05-19 12:59:00
BLOOMINGTON PD,BLOOMINGTON,2,0.0,0.0,0.0,0,,,,S WALNUT ST,W 4TH ST,,,,39.165648,-86.5336,LOCAL/CITY ROAD,Y,URBAN,N,N,Y,WORK ON SHOULDER,DAYLIGHT,RAIN,WET,,FOUR-WAY INTERSECTION,STRAIGHT/LEVEL,ASPHALT,UNSAFE LANE MOVEMENT,SAME DIRECTION SIDESWIPE,SWALNUTSTW4THST,TRAFFIC CONTROL SIGNAL,2020-05-19 14:00:00
INDIANA UNIV BLOOMINGTON PD,BLOOMINGTON,2,0.0,1.0,0.0,0,,,,SR 46,E EASTGATE LN (N),,,,39.17024,-86.501392,STATE ROAD,N,URBAN,N,N,N,,DAYLIGHT,CLEAR,WET,,FOUR-WAY INTERSECTION,STRAIGHT/LEVEL,ASPHALT,FOLLOWING TOO CLOSELY,REAR END,EEASTGATELNSR46,TRAFFIC CONTROL SIGNAL,2020-05-19 15:05:00
BLOOMINGTON PD,BLOOMINGTON,3,0.0,0.0,0.0,0,2222.0,,,E 3RD ST,S HIGH ST,,200.0,E,39.164352,-86.508288,LOCAL/CITY ROAD,N,URBAN,N,N,N,,DAYLIGHT,CLOUDY,WET,,NO JUNCTION INVOLVED,STRAIGHT/GRADE,ASPHALT,FOLLOWING TOO CLOSELY,REAR END,2222E3RDSTHIGHST,NONE,2020-05-19 15:09:00
MONROE SD,BLOOMINGTON,1,0.0,0.0,0.0,0,7311.0,,,SR 48,,,1000.0,W,39.16375183,-86.63254693,STATE ROAD,N,RURAL,N,N,N,,DAYLIGHT,CLOUDY,WET,,NO JUNCTION INVOLVED,CURVE/GRADE,ASPHALT,SPEED TOO FAST FOR WEATHER CONDITIONS,RAN OFF ROAD,CAVERDSR48W,NONE,2020-05-19 16:06:00
MONROE SD,STINESVILLE,1,0.0,0.0,0.0,0,7060.0,,,W TABOR HILL RD,,,,,39.30390977,-86.63880719,COUNTY ROAD,Y,RURAL,N,N,N,,DAYLIGHT,CLEAR,DRY,,NO JUNCTION INVOLVED,CURVE/GRADE,ASPHALT,RAN OFF ROAD RIGHT,RAN OFF ROAD,WTABORHILLRD,LANE CONTROL,2020-05-20 09:28:00
MONROE SD,BLOOMINGTON,2,0.0,1.0,0.0,0,,,,SR 46,W HEDRICK RD,,100.0,E,39.27762,-86.67733866,STATE ROAD,N,RURAL,N,N,N,,DAYLIGHT,CLOUDY,DRY,,NO JUNCTION INVOLVED,STRAIGHT/LEVEL,ASPHALT,FOLLOWING TOO CLOSELY,REAR END,HEDRICKRDSR46W,NONE,2020-05-20 14:49:00
MONROE SD,BLOOMINGTON,1,0.0,0.0,0.0,0,,,,S CURRY PIKE,W STEBU LN,,,,39.15487,-86.58261,LOCAL/CITY ROAD,N,URBAN,N,N,N,,DAYLIGHT,CLOUDY,DRY,,T-INTERSECTION,STRAIGHT/LEVEL,ASPHALT,RAN OFF ROAD RIGHT,RAN OFF ROAD,SOUTHCURRYPIKESTEBULN,NONE,2020-05-20 17:48:00
BLOOMINGTON PD,BLOOMINGTON,2,0.0,0.0,0.0,0,,,,W KIRKWOOD AVE,N ROGERS ST,,,,39.166672,-86.538608,LOCAL/CITY ROAD,N,URBAN,N,N,N,,DAWN/DUSK,CLEAR,DRY,,FOUR-WAY INTERSECTION,STRAIGHT/LEVEL,ASPHALT,DISREGARD SIGNAL/REG SIGN,RIGHT ANGLE,KIRKWOODAVEROGERSST,TRAFFIC CONTROL SIGNAL,2020-05-21 06:51:00
BLOOMINGTON PD,BLOOMINGTON,2,0.0,0.0,0.0,0,,,,W RAPPEL AVE,W STONELAKE DR,,300.0,N,39.21895164,-86.54563,LOCAL/CITY ROAD,N,URBAN,N,N,N,,DAYLIGHT,CLOUDY,DRY,,T-INTERSECTION,STRAIGHT/GRADE,ASPHALT,IMPROPER TURNING,OPPOSITE DIRECTION SIDESWIPE,RAPPELAVESTONELAKEDR,NONE,2020-05-21 10:04:00
MONROE SD,BLOOMINGTON,2,0.0,0.0,0.0,0,,,,W SIMPSON CHAPEL RD,N BOTTOM RD,,,,39.26976,-86.5476,COUNTY ROAD,N,RURAL,N,N,N,,DAYLIGHT,CLEAR,DRY,,Y-INTERSECTION,STRAIGHT/GRADE,ASPHALT,UNSAFE BACKING,REAR END,NBOTTOMRDWSIMPSONCHAPELRD,STOP SIGN,2020-05-21 15:38:00
MONROE SD,BLOOMINGTON,1,0.0,0.0,0.0,0,6120.0,,,SR 45,,,,,39.21936967,-86.44920774,STATE ROAD,N,RURAL,N,N,N,,DARK (NOT LIGHTED),CLEAR,DRY,,NO JUNCTION INVOLVED,STRAIGHT/LEVEL,ASPHALT,RAN OFF ROAD RIGHT,RAN OFF ROAD,SR45E,NONE,2020-05-21 21:15:00
MONROE SD,BLOOMINGTON,1,0.0,0.0,0.0,1,,,,SR 48,,,975.0,E,0.0,0.0,STATE ROAD,N,RURAL,N,N,N,,DARK (NOT LIGHTED),CLEAR,DRY,,NO JUNCTION INVOLVED,STRAIGHT/GRADE,ASPHALT,ANIMAL/OBJECT IN ROADWAY,COLLISION WITH DEER,OARDRDSR48W,LANE CONTROL,2020-05-21 22:34:00
INDIANA UNIV BLOOMINGTON PD,BLOOMINGTON,2,0.0,0.0,0.0,0,,,,S JORDAN AVE,E 3RD ST,,,,39.16426,-86.51642,LOCAL/CITY ROAD,N,URBAN,N,N,N,,DAYLIGHT,CLEAR,DRY,,T-INTERSECTION,STRAIGHT/LEVEL,ASPHALT,IMPROPER TURNING,LEFT TURN,JORDANAVETHIRDST,NONE,2020-05-22 13:29:00
BLOOMINGTON PD,BLOOMINGTON,2,0.0,0.0,0.0,0,,,,S ROGERS ST,W COUNTRY CLUB DR,,,,39.13604,-86.53827,LOCAL/CITY ROAD,N,URBAN,N,N,N,,DAYLIGHT,CLEAR,DRY,,FOUR-WAY INTERSECTION,STRAIGHT/LEVEL,ASPHALT,FOLLOWING TOO CLOSELY,REAR END,SROGERSRDWCOUNTRYCLUBRD,TRAFFIC CONTROL SIGNAL,2020-05-22 14:41:00
BLOOMINGTON PD,BLOOMINGTON,2,0.0,1.0,0.0,0,,,,E WINSLOW RD,S HENDERSON ST,,,,39.136144,-86.5268,LOCAL/CITY ROAD,N,URBAN,N,N,N,,DAYLIGHT,CLEAR,DRY,,FOUR-WAY INTERSECTION,STRAIGHT/LEVEL,ASPHALT,FAILURE TO YIELD RIGHT OF WAY,RIGHT ANGLE,EWINSLOWRDSHENDERSONST,TRAFFIC CONTROL SIGNAL,2020-05-22 19:58:00
ISP BLOOMINGTON 33,BLOOMINGTON,1,,0.0,0.0,0,4928.0,,,SR 45,,,898.0,N,39.18688544,-86.46796398,STATE ROAD,,RURAL,N,N,N,,DARK (NOT LIGHTED),CLEAR,DRY,,NO JUNCTION INVOLVED,,ASPHALT,OVERCORRECTING/OVERSTEERING,RAN OFF ROAD,,,2020-05-22 21:50:00
BLOOMINGTON PD,BLOOMINGTON,2,0.0,0.0,0.0,0,,,,W BLOOMFIELD RD,W ALLEN ST,,,,39.15612,-86.56144,LOCAL/CITY ROAD,N,URBAN,N,N,N,,DAYLIGHT,CLOUDY,DRY,,T-INTERSECTION,STRAIGHT/LEVEL,ASPHALT,IMPROPER TURNING,LEFT TURN,WALLENSTWBLOOMFIELDRD,STOP SIGN,2020-05-23 10:59:00