Agency,City,Vehicles Involved,Trailers Involved,Number Injured,Number Dead,Number Deer,House Number,Roadway Interchange,Roadway Ramp,Roadway Id,Intersecting Road,Interchange,Feet From,Direction,Latitude,Longitude,Roadway Class,Hit and Run?,Locality,School Zone?,Rumble Strips?,Construction?,Construction Type,Light Condition,Weather Conditions,Surface Condition,Type of Median,Roadway Junction Type,Road Character,Roadway Surface,Primary Factor,Manner of Collision,Unique Location Id,Traffic Control,DateTime
BLOOMINGTON PD,BLOOMINGTON,2,0.0,0.0,0.0,0,,,,E HILLSIDE DR,S HENDERSON ST,,,,39.15064,-86.52696,LOCAL/CITY ROAD,N,URBAN,N,N,N,,DAYLIGHT,CLEAR,DRY,,FOUR-WAY INTERSECTION,STRAIGHT/LEVEL,ASPHALT,DRIVER DISTRACTED - EXPLAIN IN NARRATIVE,REAR END,HENDERSONSTHILLSIDEDR,TRAFFIC CONTROL SIGNAL,2020-05-23 12:20:00
MONROE SD,BLOOMINGTON,2,0.0,0.0,0.0,0,4600.0,,,SR 446,ENTRANCE TO SCENIC VIEW RESTAURANT,,1000.0,S,39.00659706,-86.43134,STATE ROAD,N,RURAL,N,N,N,,DAYLIGHT,CLEAR,DRY,,T-INTERSECTION,STRAIGHT/LEVEL,ASPHALT,FOLLOWING TOO CLOSELY,REAR END,SOLDRICHARDSONRDSR446S,NONE,2020-05-23 16:41:00
ISP BLOOMINGTON 33,BLOOMINGTON,2,,0.0,0.0,0,3574.0,,,SR 446,,,0.0,S,39.12571553,-86.43913567,STATE ROAD,,RURAL,N,N,N,,DAYLIGHT,CLEAR,DRY,,NO JUNCTION INVOLVED,,ASPHALT,IMPROPER TURNING,RIGHT ANGLE,StateRd446,,2020-05-23 17:50:00
ISP BLOOMINGTON 33,BLOOMINGTON,2,,1.0,0.0,0,,,,N SR 37 BUSINESS,,,845.0,S,39.23175539,-86.54074378,COUNTY ROAD,,RURAL,N,N,N,,DAYLIGHT,CLEAR,DRY,,NO JUNCTION INVOLVED,,CONCRETE,INSECURE/LEAKY LOAD,COLLISION WITH OBJECT IN ROAD,,,2020-05-24 10:23:00
INDIANA UNIV BLOOMINGTON PD,BLOOMINGTON,1,0.0,1.0,0.0,0,,,,E 3RD ST,S FESS AVE,,,,39.16429,-86.52587,LOCAL/CITY ROAD,N,URBAN,N,N,N,,DAYLIGHT,CLEAR,DRY,,T-INTERSECTION,STRAIGHT/LEVEL,ASPHALT,RAN OFF ROAD RIGHT,RAN OFF ROAD,FESSAVETHIRDST,NONE,2020-05-24 14:25:00
MONROE SD,BLOOMINGTON,2,0.0,0.0,0.0,0,820.0,,,S CURRY PIKE,,,50.0,N,39.158352,-86.582752,COUNTY ROAD,N,RURAL,N,N,N,,DAYLIGHT,CLEAR,DRY,,T-INTERSECTION,STRAIGHT/LEVEL,ASPHALT,UNSAFE BACKING,BACKING CRASH,SCURRYPIKEWDOYLEAVE,NONE,2020-05-24 15:16:00
ELLETTSVILLE PD,ELLETTSVILLE,1,0.0,1.0,0.0,0,,,,SR 46,W FORREST PARK DR,,100.0,W,39.21215347,-86.58752598,STATE ROAD,N,URBAN,N,N,N,,DARK (NOT LIGHTED),CLEAR,WET,,NO JUNCTION INVOLVED,STRAIGHT/LEVEL,ASPHALT,OTHER (DRIVER) - EXPLAIN IN NARRATIVE,COLLISION WITH OBJECT IN ROAD,FORESTPARKDRSR46W,NONE,2020-05-24 22:01:00
MONROE SD,BLOOMINGTON,1,0.0,0.0,0.0,0,,,,S OLD SR 37,,,500.0,N,39.0731977,-86.53946,COUNTY ROAD,Y,RURAL,N,N,N,,DAWN/DUSK,CLEAR,DRY,,NO JUNCTION INVOLVED,CURVE/GRADE,ASPHALT,RAN OFF ROAD RIGHT,RAN OFF ROAD,SOUTHOLDSTATEROAD37RDWESTMONROEDAMRD,NONE,2020-05-25 06:38:00
BLOOMINGTON PD,BLOOMINGTON,2,0.0,0.0,0.0,0,,,,N CURRY PIKE,S WELMIR DR,,,,39.16687,-86.58295,LOCAL/CITY ROAD,Y,URBAN,N,N,N,,DAYLIGHT,CLEAR,DRY,,T-INTERSECTION,STRAIGHT/LEVEL,ASPHALT,FOLLOWING TOO CLOSELY,REAR END,NCURRYPIKESWELMIRDR,STOP SIGN,2020-05-25 18:30:00
BLOOMINGTON PD,BLOOMINGTON,3,0.0,0.0,0.0,0,,,,W ADAMS ST,S PATTERSON DR,,1000.0,W,0.0,0.0,LOCAL/CITY ROAD,N,URBAN,N,N,Y,WORK ON SHOULDER,DARK (LIGHTED),CLEAR,DRY,,NO JUNCTION INVOLVED,CURVE/GRADE,ASPHALT,LEFT OF CENTER,OPPOSITE DIRECTION SIDESWIPE,KIRWOODAVETHIRDST,LANE CONTROL,2020-05-25 22:25:00
MONROE SD,BLOOMINGTON,2,0.0,0.0,0.0,0,,,,I-69 N,,,0.0,N,0.0,0.0,INTERSTATE,Y,RURAL,N,Y,N,,DAYLIGHT,CLEAR,DRY,,NO JUNCTION INVOLVED,STRAIGHT/LEVEL,ASPHALT,UNSAFE LANE MOVEMENT,SAME DIRECTION SIDESWIPE,I69N112.0,NONE,2020-05-26 07:30:00
BLOOMINGTON PD,BLOOMINGTON,1,0.0,1.0,0.0,0,,,,SR 46,SR 46,,,,39.16424,-86.4984,STATE ROAD,N,URBAN,N,N,N,,DAYLIGHT,CLEAR,DRY,,FOUR-WAY INTERSECTION,STRAIGHT/GRADE,ASPHALT,FAILURE TO YIELD RIGHT OF WAY,RIGHT TURN,COLLEGEMALLRDSR46E,TRAFFIC CONTROL SIGNAL,2020-05-26 10:56:00
BLOOMINGTON PD,BLOOMINGTON,2,0.0,0.0,0.0,0,,,,E HILLSIDE DR,S WALNUT ST,,,,39.150544,-86.5336,LOCAL/CITY ROAD,N,URBAN,N,N,N,,DAYLIGHT,CLEAR,DRY,,FOUR-WAY INTERSECTION,STRAIGHT/GRADE,ASPHALT,INSECURE/LEAKY LOAD,REAR END,EHILLSIDEDRSWALNUTST,TRAFFIC CONTROL SIGNAL,2020-05-26 13:34:00
BLOOMINGTON PD,BLOOMINGTON,3,0.0,0.0,0.0,0,,,,S COLLEGE AVE,W 2ND ST,,,,39.16144,-86.534848,LOCAL/CITY ROAD,N,URBAN,N,N,N,,DAYLIGHT,CLEAR,DRY,,FOUR-WAY INTERSECTION,STRAIGHT/GRADE,ASPHALT,DISREGARD SIGNAL/REG SIGN,OTHER - EXPLAIN IN NARRATIVE,SCOLLEGEAVEW2NDST,TRAFFIC CONTROL SIGNAL,2020-05-26 15:03:00
BLOOMINGTON PD,BLOOMINGTON,2,0.0,1.0,0.0,0,,,,W BLOOMFIELD RD,S OAKDALE DR,,100.0,W,39.148544,-86.571504,LOCAL/CITY ROAD,N,URBAN,N,N,N,,DAYLIGHT,RAIN,WET,,NO JUNCTION INVOLVED,STRAIGHT/LEVEL,CONCRETE,FOLLOWING TOO CLOSELY,REAR END,SOUTHOAKDALEDRWESTBLOOMFIELDRD,NONE,2020-05-26 15:34:00
MONROE SD,BLOOMINGTON,1,0.0,0.0,0.0,0,,,,SR 46,N CURRY PIKE,,,,39.19369,-86.57139,STATE ROAD,N,RURAL,N,N,N,,DAYLIGHT,CLEAR,WET,,FOUR-WAY INTERSECTION,STRAIGHT/LEVEL,ASPHALT,SPEED TOO FAST FOR WEATHER CONDITIONS,OTHER - EXPLAIN IN NARRATIVE,NCURRYPIKESR46W,TRAFFIC CONTROL SIGNAL,2020-05-26 15:55:00
MONROE SD,BLOOMINGTON,2,0.0,0.0,0.0,0,,,,S CURRY PIKE,SR 48,,,,39.16464,-86.58296,LOCAL/CITY ROAD,N,URBAN,N,N,N,,DARK (NOT LIGHTED),CLEAR,DRY,,FOUR-WAY INTERSECTION,STRAIGHT/LEVEL,ASPHALT,UNSAFE LANE MOVEMENT,SAME DIRECTION SIDESWIPE,SOUTHCURRYPIKEW3RDST,NONE,2020-05-26 22:20:00
MONROE SD,BLOOMINGTON,1,0.0,1.0,0.0,0,3707.0,,,E ANDERSON RD,,,1000.0,E,39.266,-86.48992648,LOCAL/CITY ROAD,N,RURAL,N,N,N,,DAYLIGHT,CLOUDY,DRY,,T-INTERSECTION,STRAIGHT/LEVEL,ASPHALT,RAN OFF ROAD RIGHT,RAN OFF ROAD,DORARDEANDERSONRD,NONE,2020-05-26 23:40:00
BLOOMINGTON PD,BLOOMINGTON,2,0.0,1.0,0.0,0,,,,SR 45,N PETE ELLIS DR,,,,39.171504,-86.495312,LOCAL/CITY ROAD,N,URBAN,N,N,N,,DAYLIGHT,CLOUDY,DRY,,FOUR-WAY INTERSECTION,STRAIGHT/GRADE,ASPHALT,FOLLOWING TOO CLOSELY,REAR END,10THSTPETEELLISDR,TRAFFIC CONTROL SIGNAL,2020-05-27 12:25:00
BLOOMINGTON PD,BLOOMINGTON,2,0.0,1.0,0.0,0,,,,W 3RD ST,S KIMBLE DR,,,,39.16464,-86.568,LOCAL/CITY ROAD,N,URBAN,N,N,N,,DAYLIGHT,CLEAR,DRY,,FOUR-WAY INTERSECTION,STRAIGHT/LEVEL,CONCRETE,FOLLOWING TOO CLOSELY,REAR END,SKIMBLEDRW3RDST,NONE,2020-05-27 14:41:00
BLOOMINGTON PD,BLOOMINGTON,2,0.0,0.0,0.0,0,,,,S BASSWOOD DR,S BASSWOOD CIR,,,,39.149456,-86.57024,LOCAL/CITY ROAD,Y,URBAN,N,N,N,,DAYLIGHT,CLOUDY,DRY,,T-INTERSECTION,STRAIGHT/GRADE,ASPHALT,FOLLOWING TOO CLOSELY,REAR END,SBASSWOODDRWBASSWOODCIR,NONE,2020-05-27 14:52:00
INDIANA UNIV BLOOMINGTON PD,BLOOMINGTON,2,0.0,0.0,0.0,0,,,,S INDIANA AVE,E 3RD ST,,,,39.16431,-86.52691,LOCAL/CITY ROAD,N,URBAN,N,N,N,,DAYLIGHT,CLOUDY,DRY,,FOUR-WAY INTERSECTION,STRAIGHT/LEVEL,ASPHALT,UNSAFE LANE MOVEMENT,SAME DIRECTION SIDESWIPE,INDIANAAVETHIRDST,TRAFFIC CONTROL SIGNAL,2020-05-27 14:55:00
MONROE SD,BLOOMINGTON,1,0.0,0.0,0.0,1,,,,I-69 S,SR 45/46,,20.0,N,39.20440614,-86.56264744,INTERSTATE,N,RURAL,N,Y,N,,DAYLIGHT,CLOUDY,DRY,,INTERCHANGE,STRAIGHT/LEVEL,ASPHALT,ANIMAL/OBJECT IN ROADWAY,COLLISION WITH DEER,I69SSTATERD46RD,NONE,2020-05-27 15:00:00
BLOOMINGTON PD,BLOOMINGTON,2,0.0,0.0,0.0,0,504.0,,,E DIXIE ST,,,,,39.15631,-86.52873,UNKNOWN,Y,URBAN,N,N,N,,,,DRY,,NO JUNCTION INVOLVED,NON-ROADWAY CRASH,ASPHALT,,OPPOSITE DIRECTION SIDESWIPE,EDIXIEST,NONE,2020-05-28 02:00:00
ELLETTSVILLE PD,ELLETTSVILLE,1,0.0,0.0,0.0,0,,,,N HARTSTRAIT RD,,,2000.0,S,39.201488,-86.611408,LOCAL/CITY ROAD,N,RURAL,N,N,N,,DARK (NOT LIGHTED),CLEAR,DRY,,NO JUNCTION INVOLVED,STRAIGHT/LEVEL,ASPHALT,RAN OFF ROAD RIGHT,RAN OFF ROAD,HARTSTRAITRDWALCOTTLN,LANE CONTROL,2020-05-28 02:07:00
MONROE SD,BLOOMINGTON,1,0.0,0.0,0.0,1,,,,I-69 N,W FULLERTON PIKE,,500.0,S,39.069405,-86.57137,INTERSTATE,N,RURAL,N,N,N,,DARK (NOT LIGHTED),RAIN,WET,,INTERCHANGE,STRAIGHT/LEVEL,ASPHALT,ANIMAL/OBJECT IN ROADWAY,COLLISION WITH ANIMAL OTHER,FULLERTONPIKEI69N,NONE,2020-05-28 05:21:00
MONROE SD,BLOOMINGTON,1,0.0,0.0,0.0,0,9396.0,,,S STRAIN RIDGE RD,,,,,39.025967,-86.523077,COUNTY ROAD,N,RURAL,N,N,N,,DARK (NOT LIGHTED),RAIN,WET,,NO JUNCTION INVOLVED,STRAIGHT/LEVEL,ASPHALT,RAN OFF ROAD RIGHT,RAN OFF ROAD,STRAINRIDGERD,NONE,2020-05-28 05:56:00
BLOOMINGTON PD,BLOOMINGTON,2,0.0,2.0,0.0,0,,,,W 2ND ST,S EUCLID AVE,,,,39.16142,-86.54337,LOCAL/CITY ROAD,N,URBAN,N,N,N,,DAYLIGHT,CLEAR,DRY,,T-INTERSECTION,STRAIGHT/HILLCREST,ASPHALT,VIEW OBSTRUCTED,LEFT TURN,SEUCLIDAVEW2NDST,STOP SIGN,2020-05-28 14:24:00
MONROE SD,BLOOMINGTON,1,0.0,1.0,0.0,0,1050.0,,,N HARTSTRAIT RD,N WELLNESS WAY,,4224.0,N,39.62350124,-86.61063617,LOCAL/CITY ROAD,N,RURAL,N,N,N,,DAYLIGHT,CLOUDY,DRY,,NO JUNCTION INVOLVED,STRAIGHT/GRADE,CONCRETE,IMPROPER PASSING,SAME DIRECTION SIDESWIPE,1050NHARTSTRAITRDWSR45HWY,NONE,2020-05-28 17:38:00
BLOOMINGTON PD,BLOOMINGTON,2,0.0,1.0,0.0,0,,,,SR 48,S GATES DR,,,,0.0,0.0,LOCAL/CITY ROAD,Y,URBAN,N,N,N,,DARK (LIGHTED),RAIN,WET,,FOUR-WAY INTERSECTION,STRAIGHT/LEVEL,ASPHALT,FAILURE TO YIELD RIGHT OF WAY,RIGHT ANGLE,NGATESDRW3RDST,TRAFFIC CONTROL SIGNAL,2020-05-28 21:15:00
MONROE SD,BLOOMINGTON,1,0.0,0.0,0.0,0,,,,SR 45,,,1000.0,S,39.11774229,-86.62176025,STATE ROAD,N,RURAL,N,N,N,,DARK (NOT LIGHTED),CLEAR,DRY,,NO JUNCTION INVOLVED,STRAIGHT/GRADE,ASPHALT,ANIMAL/OBJECT IN ROADWAY,COLLISION WITH ANIMAL OTHER,DUNLAPRDSR45W,NONE,2020-05-29 11:08:00
BLOOMINGTON PD,BLOOMINGTON,2,0.0,1.0,0.0,0,,,,S HENDERSON ST,E GRAHAM DR,,,,39.13944,-86.52694,LOCAL/CITY ROAD,Y,URBAN,N,N,N,,DAYLIGHT,RAIN,WET,,FOUR-WAY INTERSECTION,STRAIGHT/LEVEL,ASPHALT,FAILURE TO YIELD RIGHT OF WAY,HEAD ON BETWEEN TWO MOTOR VEHICLES,EGRAHAMPLSHENDERSONST,STOP SIGN,2020-05-29 12:20:00
ISP BLOOMINGTON 33,BLOOMINGTON,1,,1.0,0.0,0,,,,I-69 N,,,0.0,S,39.06856467,-86.67342809,INTERSTATE,,RURAL,N,N,N,,DAYLIGHT,RAIN,WET,,NO JUNCTION INVOLVED,,CONCRETE,SPEED TOO FAST FOR WEATHER CONDITIONS,RAN OFF ROAD,,,2020-05-29 12:30:00
BLOOMINGTON PD,BLOOMINGTON,1,0.0,0.0,0.0,0,,,,S COLLEGE MALL RD,ENTRANCE TO EASTLAND PLAZA,,,,0.0,0.0,LOCAL/CITY ROAD,N,URBAN,N,N,N,,DAYLIGHT,CLOUDY,WET,,NO JUNCTION INVOLVED,STRAIGHT/LEVEL,ASPHALT,OVERCORRECTING/OVERSTEERING,NON-COLLISION,ACCESSDRIVETOEASTLANDPLAZAPLZSCOLLEGEMALLRD,TRAFFIC CONTROL SIGNAL,2020-05-29 14:31:00
BLOOMINGTON PD,BLOOMINGTON,1,0.0,1.0,0.0,0,,,,N ROGERS ST,W 10TH ST,,50.0,S,39.16611186,-86.53861,LOCAL/CITY ROAD,N,URBAN,N,N,N,,DAYLIGHT,CLOUDY,DRY,,TRAIL CROSSINGS,STRAIGHT/LEVEL,ASPHALT,FAILURE TO YIELD RIGHT OF WAY,RIGHT ANGLE,10THSTNROGERSST,LANE CONTROL,2020-05-29 14:58:00
MONROE SD,BLOOMINGTON,2,0.0,0.0,0.0,0,,,,N SMITH PIKE,N NORWAY DR,,,,39.20188,-86.58313,COUNTY ROAD,N,RURAL,N,N,N,,DAYLIGHT,CLEAR,DRY,,NO JUNCTION INVOLVED,STRAIGHT/LEVEL,ASPHALT,FOLLOWING TOO CLOSELY,REAR END,NORWAYDRSMITHPIKE,NONE,2020-05-29 15:46:00
BLOOMINGTON PD,BLOOMINGTON,2,0.0,0.0,0.0,0,,,,N WALNUT ST,,,100.0,S,39.16864,-86.533568,LOCAL/CITY ROAD,Y,URBAN,N,N,N,,DARK (LIGHTED),CLEAR,DRY,,FOUR-WAY INTERSECTION,STRAIGHT/LEVEL,ASPHALT,UNSAFE LANE MOVEMENT,SAME DIRECTION SIDESWIPE,E7THSTNWALNUTST,NONE,2020-05-29 21:00:00
BLOOMINGTON PD,BLOOMINGTON,1,0.0,1.0,0.0,0,,,,N MORTON ST,W 9TH ST,,,,39.170544,-86.536,LOCAL/CITY ROAD,N,URBAN,N,N,N,,DAYLIGHT,CLEAR,DRY,,T-INTERSECTION,STRAIGHT/LEVEL,ASPHALT,OTHER (DRIVER) - EXPLAIN IN NARRATIVE,NON-COLLISION,NMORTONSTW9THST,STOP SIGN,2020-05-30 13:05:00
MONROE SD,BLOOMINGTON,1,0.0,0.0,0.0,0,,Y,Y,E SAMPLE RD,I-69 N,,,,39.22250953,-86.54921883,COUNTY ROAD,N,RURAL,N,N,N,,DAYLIGHT,CLEAR,DRY,,TRAFFIC CIRCLE/ROUNDABOUT,CURVE/GRADE,ASPHALT,UNSAFE SPEED,RAN OFF ROAD,I69HWYSAMPLERD,NONE,2020-05-30 19:17:00
MONROE SD,BLOOMINGTON,1,0.0,0.0,0.0,1,,,,I-69 N,,,100.0,S,0.0,0.0,INTERSTATE,N,RURAL,N,Y,N,,DARK (NOT LIGHTED),CLEAR,DRY,,NO JUNCTION INVOLVED,STRAIGHT/LEVEL,ASPHALT,ANIMAL/OBJECT IN ROADWAY,COLLISION WITH DEER,I69N125.5,LANE CONTROL,2020-05-30 23:37:00
MONROE SD,BLOOMINGTON,1,0.0,0.0,0.0,0,5901.0,,,W LEONARD SPRINGS RD,,,,,39.12229417,-86.61014381,LOCAL/CITY ROAD,N,RURAL,N,N,N,,DARK (NOT LIGHTED),CLOUDY,DRY,,NO JUNCTION INVOLVED,STRAIGHT/LEVEL,ASPHALT,RAN OFF ROAD RIGHT,NON-COLLISION,WLEONARDSPRINGSRD,NONE,2020-05-30 23:50:00
MONROE SD,BLOOMINGTON,1,0.0,0.0,0.0,1,,,,I-69 N,,,1200.0,N,0.0,0.0,INTERSTATE,N,RURAL,N,N,N,,DAYLIGHT,CLEAR,DRY,,NO JUNCTION INVOLVED,STRAIGHT/LEVEL,ASPHALT,ANIMAL/OBJECT IN ROADWAY,COLLISION WITH DEER,I69N110,NONE,2020-05-31 11:55:00
BLOOMINGTON PD,BLOOMINGTON,1,0.0,0.0,0.0,0,3425.0,,,ACADIA CT,S ACADIA CT,,,,39.13289267,-86.51816867,LOCAL/CITY ROAD,N,URBAN,N,N,N,,DAYLIGHT,CLEAR,DRY,,NO JUNCTION INVOLVED,STRAIGHT/LEVEL,CONCRETE,RAN OFF ROAD RIGHT,RAN OFF ROAD,SOUTHACADIACT,NONE,2020-05-31 16:57:00
ISP BLOOMINGTON 33,BLOOMINGTON,1,,0.0,0.0,0,,,,SR 45/46,E DISCOVERY PKWY,,739.0,N,39.17514785,-86.50424221,STATE ROAD,,URBAN,N,N,Y,LANE CLOSURE,DAYLIGHT,CLEAR,DRY,,NO JUNCTION INVOLVED,,CONCRETE,OTHER (DRIVER) - EXPLAIN IN NARRATIVE,RAN OFF ROAD,,,2020-05-31 17:50:00
BLOOMINGTON PD,BLOOMINGTON,1,0.0,1.0,0.0,0,,,,S LIBERTY DR,ENTRANCE TO WHITEHALL PLAZA,,,,0.0,0.0,LOCAL/CITY ROAD,N,URBAN,N,N,N,,DAYLIGHT,CLEAR,DRY,,FOUR-WAY INTERSECTION,STRAIGHT/GRADE,ASPHALT,IMPROPER TURNING,NON-COLLISION,PRIVATEACCESSRDSLIBERTYDR,NONE,2020-05-31 18:10:00
BLOOMINGTON PD,BLOOMINGTON,1,1.0,1.0,0.0,0,,,,N WALNUT ST,E KIRKWOOD AVE,,,,39.16664,-86.5336,LOCAL/CITY ROAD,Y,,N,N,N,,DARK (LIGHTED),CLEAR,DRY,,NO JUNCTION INVOLVED,STRAIGHT/LEVEL,ASPHALT,PEDESTRIAN ACTION,COLLISION WITH OBJECT IN ROAD,EASTKIRKWOODAVENORTHWALNUTST,TRAFFIC CONTROL SIGNAL,2020-05-31 21:10:00
ISP BLOOMINGTON 33,BLOOMINGTON,1,,0.0,0.0,1,,,,SR 46,E 7TH ST,,106.0,N,39.16782838,-86.50013307,STATE ROAD,,URBAN,N,N,N,,DARK (LIGHTED),CLEAR,DRY,,NO JUNCTION INVOLVED,,ASPHALT,ANIMAL/OBJECT IN ROADWAY,COLLISION WITH DEER,,,2020-05-31 21:35:00
BLOOMINGTON PD,BLOOMINGTON,2,0.0,0.0,0.0,0,,,,S CLARIZZ BLVD,SR 46,,150.0,S,39.16424,-86.4908,UNKNOWN,N,URBAN,N,N,N,,DAYLIGHT,CLEAR,DRY,,T-INTERSECTION,STRAIGHT/GRADE,ASPHALT,FOLLOWING TOO CLOSELY,REAR END,3RDSTCLARRIZBLVD,NONE,2020-06-01 11:00:00
ISP BLOOMINGTON 33,BLOOMINGTON,2,,0.0,0.0,0,,,,W 3RD ST,I-69,,0.0,S,39.164563,-86.575116,STATE ROAD,,URBAN,N,N,N,,DAYLIGHT,CLEAR,DRY,,FOUR-WAY INTERSECTION,,ASPHALT,IMPROPER LANE USAGE,SAME DIRECTION SIDESWIPE,W3rdStI-69,,2020-06-01 16:30:00
MONROE SD,ELLETTSVILLE,1,0.0,0.0,0.0,0,,,,N MT TABOR RD,,,250.0,S,39.266864,-86.620704,COUNTY ROAD,Y,RURAL,N,N,N,,DAWN/DUSK,CLEAR,DRY,,NO JUNCTION INVOLVED,STRAIGHT/GRADE,ASPHALT,RAN OFF ROAD RIGHT,RAN OFF ROAD,COWDENRDMTTABORRD,NONE,2020-06-01 19:58:00
MONROE SD,BLOOMINGTON,1,0.0,0.0,0.0,1,,,,I-69 S,,,2000.0,N,0.0,0.0,INTERSTATE,N,RURAL,N,Y,N,,DAWN/DUSK,CLEAR,DRY,,NO JUNCTION INVOLVED,STRAIGHT/GRADE,ASPHALT,ANIMAL/OBJECT IN ROADWAY,COLLISION WITH DEER,I69S113.5,LANE CONTROL,2020-06-02 06:09:00
BLOOMINGTON PD,BLOOMINGTON,2,0.0,0.0,0.0,0,420.0,,,ALLEY,ALLEY,,,,39.16975445,-86.53354874,LOCAL/CITY ROAD,N,URBAN,N,N,N,,DAYLIGHT,CLEAR,DRY,,FOUR-WAY INTERSECTION,STRAIGHT/LEVEL,ASPHALT,FAILURE TO YIELD RIGHT OF WAY,RIGHT ANGLE,NWALNUTST,NONE,2020-06-02 09:21:00
BLOOMINGTON PD,BLOOMINGTON,3,0.0,0.0,0.0,0,,,,S WALNUT ST,E 2ND ST,,,,39.16139,-86.53363,LOCAL/CITY ROAD,N,URBAN,N,N,N,,DAYLIGHT,CLEAR,DRY,,FOUR-WAY INTERSECTION,STRAIGHT/LEVEL,ASPHALT,FOLLOWING TOO CLOSELY,REAR END,EAST2NDSTSOUTHWALNUTST,NONE,2020-06-02 12:13:00
BLOOMINGTON PD,BLOOMINGTON,2,0.0,0.0,0.0,0,,,,W COUNTRY CLUB DR,S MADISON ST,,,,39.13601,-86.53712,LOCAL/CITY ROAD,N,URBAN,N,N,N,,DAYLIGHT,CLEAR,DRY,,T-INTERSECTION,STRAIGHT/LEVEL,ASPHALT,FAILURE TO YIELD RIGHT OF WAY,RIGHT ANGLE,COUNTRYCLUBDRMADISONST,LANE CONTROL,2020-06-02 12:48:00
BLOOMINGTON PD,BLOOMINGTON,10,0.0,0.0,0.0,0,1155.0,,,W 3RD ST,ENTRANCE TO IU HEALTH BLOOMINGTON HOSPICE,,,,39.1638,-86.54758,UNKNOWN,N,URBAN,N,N,N,,DAYLIGHT,CLEAR,DRY,,NO JUNCTION INVOLVED,STRAIGHT/GRADE,ASPHALT,OTHER (ENVIRONMENTAL) - EXPLAIN IN NARR,OTHER - EXPLAIN IN NARRATIVE,WEST3RDST,NONE,2020-06-02 13:00:00
BLOOMINGTON PD,BLOOMINGTON,2,0.0,2.0,0.0,0,,,,SR 46,SR 446,,,,39.16425,-86.47205,LOCAL/CITY ROAD,N,URBAN,N,N,N,,DAYLIGHT,CLEAR,DRY,,FOUR-WAY INTERSECTION,STRAIGHT/LEVEL,ASPHALT,FOLLOWING TOO CLOSELY,REAR END,SR446RDSR46RD,TRAFFIC CONTROL SIGNAL,2020-06-02 15:35:00
BLOOMINGTON PD,BLOOMINGTON,2,0.0,0.0,0.0,0,,,,E MORNINGSIDE DR,SR 46,,,,39.16424,-86.473696,LOCAL/CITY ROAD,Y,URBAN,N,,N,,DAYLIGHT,CLEAR,DRY,,T-INTERSECTION,STRAIGHT/LEVEL,ASPHALT,UNSAFE BACKING,BACKING CRASH,E3RDSTEMORNINGSIDEDR,STOP SIGN,2020-06-02 16:57:00
INDIANA UNIV BLOOMINGTON PD,BLOOMINGTON,1,0.0,0.0,0.0,0,,,,N INDIANA AVE,E 13TH ST,,,,39.17524,-86.527,,Y,URBAN,N,N,N,,DAYLIGHT,CLEAR,DRY,,FOUR-WAY INTERSECTION,STRAIGHT/GRADE,ASPHALT,UNSAFE SPEED,RAN OFF ROAD,INDIANAAVETHIRTEENTHST,NONE,2020-06-02 17:05:00
ISP BLOOMINGTON 33,BLOOMINGTON,2,,0.0,0.0,0,,,,I-69 S,,,634.0,E,39.17004365,-86.57127804,INTERSTATE,,URBAN,N,N,N,,DAYLIGHT,CLEAR,DRY,,NO JUNCTION INVOLVED,,ASPHALT,UNSAFE LANE MOVEMENT,SAME DIRECTION SIDESWIPE,,,2020-06-02 17:35:00
BLOOMINGTON PD,BLOOMINGTON,2,0.0,0.0,0.0,0,,,,N ROGERS ST,W KIRKWOOD AVE,,75.0,N,39.166672,-86.538608,LOCAL/CITY ROAD,Y,URBAN,N,N,N,,DAYLIGHT,CLEAR,DRY,,NO JUNCTION INVOLVED,STRAIGHT/GRADE,ASPHALT,FAILURE TO YIELD RIGHT OF WAY,RIGHT ANGLE,EKIRKWOODAVENROGERSST,NONE,2020-06-02 18:48:00
BLOOMINGTON PD,BLOOMINGTON,1,0.0,1.0,0.0,0,,,,S WALNUT ST,E BURKS DR,,150.0,S,39.1108237,-86.53137,LOCAL/CITY ROAD,Y,URBAN,N,N,N,,DARK (NOT LIGHTED),CLEAR,DRY,,T-INTERSECTION,STRAIGHT/LEVEL,ASPHALT,PEDESTRIAN ACTION,COLLISION WITH OBJECT IN ROAD,EBURKSDRSWALNUTST,STOP SIGN,2020-06-03 01:01:00
MONROE SD,BLOOMINGTON,3,1.0,0.0,0.0,0,,,,S FAIRFAX RD,E CAROWINDS CT,,,,39.06104,-86.498448,LOCAL/CITY ROAD,N,RURAL,N,N,N,,DAYLIGHT,CLEAR,DRY,,T-INTERSECTION,CURVE/LEVEL,ASPHALT,UNSAFE BACKING,OTHER - EXPLAIN IN NARRATIVE,ECAROWINDSCTSFAIRFAXRD,NONE,2020-06-03 02:37:00
BLOOMINGTON PD,BLOOMINGTON,1,0.0,0.0,0.0,0,,,,E 2ND ST,S WASHINGTON ST,,,,39.16138,-86.53241,LOCAL/CITY ROAD,Y,URBAN,N,N,N,,DARK (NOT LIGHTED),CLEAR,DRY,,FOUR-WAY INTERSECTION,STRAIGHT/LEVEL,ASPHALT,DISREGARD SIGNAL/REG SIGN,RIGHT ANGLE,E2NDSTSWASHINGTONST,STOP SIGN,2020-06-03 02:50:00
BLOOMINGTON PD,BLOOMINGTON,2,0.0,2.0,0.0,0,,,,SR 46,KINGSTON DR S,,,,39.16424,-86.492944,LOCAL/CITY ROAD,N,URBAN,N,N,N,,DAYLIGHT,CLEAR,DRY,,FOUR-WAY INTERSECTION,NON-ROADWAY CRASH,ASPHALT,FOLLOWING TOO CLOSELY,REAR END,3RDSTKINGSTONDR,TRAFFIC CONTROL SIGNAL,2020-06-03 07:26:00