Agency,City,Vehicles Involved,Trailers Involved,Number Injured,Number Dead,Number Deer,House Number,Roadway Interchange,Roadway Ramp,Roadway Id,Intersecting Road,Interchange,Feet From,Direction,Latitude,Longitude,Roadway Class,Hit and Run?,Locality,School Zone?,Rumble Strips?,Construction?,Construction Type,Light Condition,Weather Conditions,Surface Condition,Type of Median,Roadway Junction Type,Road Character,Roadway Surface,Primary Factor,Manner of Collision,Unique Location Id,Traffic Control,DateTime
BLOOMINGTON PD,BLOOMINGTON,2,0.0,0.0,0.0,0,,,,N WALNUT ST,ENTRANCE TO EXECUTIVE PARK NORTH,,300.0,N,39.1920666,-86.53301663,LOCAL/CITY ROAD,N,URBAN,N,N,N,,DAYLIGHT,CLEAR,DRY,,NO JUNCTION INVOLVED,CURVE/LEVEL,ASPHALT,FOLLOWING TOO CLOSELY,REAR END,FRITZDRWALNUTST,NONE,2020-06-03 12:04:00
MONROE SD,BLOOMINGTON,1,0.0,0.0,0.0,0,3641.0,,,W FESTIVE DR,W INDIAN CREEK DR,,,,39.130144,-86.57754645,LOCAL/CITY ROAD,N,URBAN,N,N,N,,DAYLIGHT,CLEAR,DRY,,NO JUNCTION INVOLVED,CURVE/LEVEL,ASPHALT,DRIVER ASLEEP OR FATIGUED,RAN OFF ROAD,WFESTIVEDR,NONE,2020-06-03 14:38:00
BLOOMINGTON PD,BLOOMINGTON,2,0.0,0.0,0.0,0,3100.0,,,S WALNUT ST PIKE,ENTRANCE TO WALNUT GROVE APARTMENTS,,250.0,N,39.1530805,-86.53137,LOCAL/CITY ROAD,Y,URBAN,N,N,N,,DAYLIGHT,CLEAR,DRY,,T-INTERSECTION,STRAIGHT/LEVEL,CONCRETE,FAILURE TO YIELD RIGHT OF WAY,LEFT TURN,EASTBURKSDRSOUTHWALNUTSTREETPIKE,NONE,2020-06-03 16:30:00
BLOOMINGTON PD,BLOOMINGTON,2,0.0,1.0,0.0,0,,,,E WINSLOW RD,S HENDERSON ST,,,,39.136144,-86.5268,LOCAL/CITY ROAD,N,URBAN,N,N,N,,DAYLIGHT,CLEAR,DRY,,FOUR-WAY INTERSECTION,STRAIGHT/GRADE,ASPHALT,OTHER (DRIVER) - EXPLAIN IN NARRATIVE,SAME DIRECTION SIDESWIPE,HENDERSONSTWINSLOWRD,TRAFFIC CONTROL SIGNAL,2020-06-03 16:37:00
BLOOMINGTON PD,BLOOMINGTON,2,0.0,0.0,0.0,0,3120.0,,,E GOODNIGHT WAY,,,,,39.1562705,-86.49278,UNKNOWN,Y,URBAN,N,N,N,,UNKNOWN,CLOUDY,DRY,,NO JUNCTION INVOLVED,CURVE/HILLCREST,ASPHALT,UNSAFE BACKING,BACKING CRASH,EGOODNIGHTWAY,NONE,2020-06-04 15:58:00
MONROE SD,BLOOMINGTON,1,0.0,0.0,0.0,0,,,,SR 45,S BUNGER RD,,,,39.12925,-86.6043,LOCAL/CITY ROAD,N,RURAL,N,N,N,,DARK (LIGHTED),CLOUDY,DRY,,T-INTERSECTION,STRAIGHT/LEVEL,ASPHALT,FOLLOWING TOO CLOSELY,RAN OFF ROAD,SBUNGERRDWSR45RD,STOP SIGN,2020-06-04 16:40:00
ISP BLOOMINGTON 33,BLOOMINGTON,1,,1.0,0.0,0,,,,W 1ST ST,B-LINE TRAIL,,0.0,E,39.15939659,-86.53627924,LOCAL/CITY ROAD,,URBAN,N,N,N,,DAWN/DUSK,RAIN,WET,,TRAIL CROSSINGS,,ASPHALT,FAILURE TO YIELD RIGHT OF WAY,RIGHT ANGLE,,,2020-06-04 19:30:00
MONROE SD,BLOOMINGTON,2,0.0,0.0,0.0,0,6925.0,,,SR 45,S DARRELL DR,,100.0,E,39.11500753,-86.627328,STATE ROAD,N,RURAL,N,N,N,,DAYLIGHT,RAIN,WET,,T-INTERSECTION,CURVE/LEVEL,ASPHALT,IMPROPER TURNING,LEFT TURN,SDARRELLDRSR45W,NONE,2020-06-04 19:35:00
BLOOMINGTON PD,BLOOMINGTON,2,0.0,0.0,0.0,0,,,,E 10TH ST,N LINCOLN ST,,,,39.171712,-86.530992,LOCAL/CITY ROAD,N,URBAN,N,N,N,,DAWN/DUSK,RAIN,WET,,FOUR-WAY INTERSECTION,STRAIGHT/LEVEL,ASPHALT,FAILURE TO YIELD RIGHT OF WAY,RIGHT ANGLE,E10THSTNLINCOLNST,STOP SIGN,2020-06-04 20:07:00
ISP BLOOMINGTON 33,BLOOMINGTON,2,,1.0,0.0,0,,,,W DILLMAN RD,SR 37,,0.0,S,39.09296869,-86.54605142,US ROUTE,,RURAL,N,N,N,,DAYLIGHT,CLEAR,DRY,,NO JUNCTION INVOLVED,,ASPHALT,FAILURE TO YIELD RIGHT OF WAY,RIGHT ANGLE,WDillmanRdWDillmanRd,,2020-06-05 01:15:00
ISP BLOOMINGTON 33,BLOOMINGTON,2,,0.0,0.0,0,,,118 C,I-69 S,SR 48,,370.0,W,39.16482383,-86.5739596,INTERSTATE,,URBAN,N,N,N,,DAYLIGHT,CLEAR,DRY,,RAMP,,CONCRETE,IMPROPER TURNING,RIGHT TURN,,,2020-06-05 09:30:00
ISP BLOOMINGTON 33,BLOOMINGTON,2,,0.0,0.0,0,,,,W 3RD ST,S KIMBLE DR,,158.0,E,39.16455369,-86.56760878,LOCAL/CITY ROAD,,URBAN,N,N,N,,DAYLIGHT,CLEAR,DRY,,NO JUNCTION INVOLVED,,ASPHALT,UNSAFE BACKING,BACKING CRASH,,,2020-06-05 18:00:00
ELLETTSVILLE PD,ELLETTSVILLE,2,0.0,0.0,0.0,0,504.0,,,SR 46,N SALE ST (S),,,,39.226352,-86.614192,STATE ROAD,N,URBAN,N,N,N,,DAYLIGHT,CLEAR,DRY,,NO JUNCTION INVOLVED,STRAIGHT/LEVEL,ASPHALT,IMPROPER TURNING,SAME DIRECTION SIDESWIPE,SR46WTEMPERANCEST,TRAFFIC CONTROL SIGNAL,2020-06-06 02:16:00
BLOOMINGTON PD,BLOOMINGTON,2,0.0,0.0,0.0,0,,,,W HOOSIER ST,S WALNUT ST,,,,39.13197,-86.53144,LOCAL/CITY ROAD,N,URBAN,N,N,N,,DAYLIGHT,CLEAR,DRY,,FOUR-WAY INTERSECTION,STRAIGHT/GRADE,ASPHALT,IMPROPER TURNING,OPPOSITE DIRECTION SIDESWIPE,HOOSIERSTWALNUTST,STOP SIGN,2020-06-06 09:37:00
MONROE SD,BLOOMINGTON,2,0.0,0.0,0.0,0,,,,W STAFFORD DR,S FAIRINGTON DR,,,,39.135552,-86.575792,COUNTY ROAD,N,RURAL,N,N,N,,DAYLIGHT,CLEAR,DRY,,T-INTERSECTION,CURVE/GRADE,ASPHALT,IMPROPER LANE USAGE,SAME DIRECTION SIDESWIPE,SFAIRINGTONDRWSTAFFORDDR,NONE,2020-06-06 10:03:00
ISP BLOOMINGTON 33,BLOOMINGTON,2,,0.0,0.0,0,,,,SR 48,S LIBERTY DR,,0.0,S,39.164593,-86.579116,STATE ROAD,,URBAN,N,N,N,,DAYLIGHT,CLEAR,DRY,,FOUR-WAY INTERSECTION,,ASPHALT,FAILURE TO YIELD RIGHT OF WAY,LEFT TURN,,,2020-06-06 10:42:00
INDIANA UNIV BLOOMINGTON PD,BLOOMINGTON,2,1.0,0.0,0.0,0,,,,SR 45/46,SR 45,,,,0.0,0.0,STATE ROAD,N,URBAN,N,N,N,,DAYLIGHT,CLEAR,DRY,,FOUR-WAY INTERSECTION,STRAIGHT/LEVEL,ASPHALT,UNSAFE LANE MOVEMENT,SAME DIRECTION SIDESWIPE,COLLEGEMALLRDSR46,TRAFFIC CONTROL SIGNAL,2020-06-06 14:10:00
BLOOMINGTON PD,BLOOMINGTON,2,0.0,1.0,0.0,0,,,,E WINSLOW RD,S HIGHLAND AVE,,,,39.136048,-86.518496,LOCAL/CITY ROAD,N,URBAN,N,N,N,,DAYLIGHT,CLEAR,DRY,,NO JUNCTION INVOLVED,STRAIGHT/GRADE,ASPHALT,FOLLOWING TOO CLOSELY,REAR END,EWINSLOWRDSHIGHLANDAVE,NONE,2020-06-06 16:08:00
MONROE SD,BLOOMINGTON,1,0.0,0.0,0.0,0,,,,N LOW GAP RD,,,7000.0,N,39.282576,-86.411808,LOCAL/CITY ROAD,N,RURAL,N,N,N,,DAYLIGHT,CLEAR,DRY,,NO JUNCTION INVOLVED,CURVE/LEVEL,ASPHALT,RAN OFF ROAD RIGHT,RAN OFF ROAD,EANDERSONRDNLOWGAPRD,NONE,2020-06-06 17:44:00
MONROE SD,BLOOMINGTON,2,0.0,0.0,0.0,0,,,,E WATERS EDGE DR,S LAKE RIDGE DR,,50.0,S,0.0,0.0,UNKNOWN,Y,URBAN,N,N,N,,DAYLIGHT,CLEAR,DRY,,NO JUNCTION INVOLVED,CURVE/GRADE,ASPHALT,OTHER (DRIVER) - EXPLAIN IN NARRATIVE,RIGHT ANGLE,EASTWATERSEDGEDRSOUTHLAKERIDEDR,NONE,2020-06-06 17:50:00
MONROE SD,BLOOMINGTON,1,0.0,1.0,0.0,0,,,,N BOTTOM RD,N LIBERTY HOLLOW RD,,,,39.313648,-86.602272,LOCAL/CITY ROAD,N,RURAL,N,N,N,,DARK (NOT LIGHTED),CLEAR,DRY,,T-INTERSECTION,STRAIGHT/LEVEL,ASPHALT,DRIVER ASLEEP OR FATIGUED,RAN OFF ROAD,NBOTTOMRDNLIBERTYHOLLOWRD,NONE,2020-06-07 04:35:00
MONROE SD,BLOOMINGTON,1,0.0,1.0,0.0,0,,,,I-69 N,,,0.0,N,0.0,0.0,STATE ROAD,N,URBAN,N,N,N,,DAWN/DUSK,CLEAR,DRY,,NO JUNCTION INVOLVED,CURVE/LEVEL,ASPHALT,UNSAFE SPEED,NON-COLLISION,SR37N130.0,LANE CONTROL,2020-06-07 06:20:00
ISP BLOOMINGTON 33,ELLETTSVILLE,1,,0.0,0.0,0,,,,SR 46,,,132.0,S,39.27016839,-86.67048825,STATE ROAD,,RURAL,N,N,N,,DAYLIGHT,CLEAR,DRY,,NO JUNCTION INVOLVED,,ASPHALT,OTHER (VEHICLE) - EXPLAIN IN NARRATIVE,OTHER - EXPLAIN IN NARRATIVE,,,2020-06-07 08:14:00
BLOOMINGTON PD,BLOOMINGTON,1,0.0,1.0,0.0,0,,,,SR 45/46,N DUNN ST,,,,39.186352,-86.528496,US ROUTE,N,URBAN,N,N,N,,DAYLIGHT,CLEAR,DRY,,FOUR-WAY INTERSECTION,STRAIGHT/LEVEL,ASPHALT,OTHER (VEHICLE) - EXPLAIN IN NARRATIVE,NON-COLLISION,NDUNNSTUS46E,TRAFFIC CONTROL SIGNAL,2020-06-07 11:16:00
BLOOMINGTON PD,BLOOMINGTON,2,0.0,1.0,0.0,0,,,,SR 46,KINGSTON DR S,,,,39.16424,-86.492944,LOCAL/CITY ROAD,N,URBAN,N,N,Y,LANE CLOSURE,DAYLIGHT,CLEAR,DRY,,FOUR-WAY INTERSECTION,STRAIGHT/LEVEL,ASPHALT,DISREGARD SIGNAL/REG SIGN,RIGHT ANGLE,3RDSTKINGSTONDR,TRAFFIC CONTROL SIGNAL,2020-06-07 12:11:00
BLOOMINGTON PD,BLOOMINGTON,2,0.0,2.0,0.0,0,,,,W BLOOMFIELD RD,I-69 N,,,,39.1474,-86.57324,LOCAL/CITY ROAD,N,URBAN,N,N,N,,DAYLIGHT,CLEAR,DRY,,T-INTERSECTION,STRAIGHT/GRADE,ASPHALT,DISREGARD SIGNAL/REG SIGN,LEFT TURN,INTERSTATE69SOUTHRAMPWBLOOMFIELDRD,TRAFFIC CONTROL SIGNAL,2020-06-07 17:45:00
ISP BLOOMINGTON 33,BLOOMINGTON,1,,0.0,0.0,0,,,,E RHORER RD,S SARE RD,,53.0,W,39.12148424,-86.51169009,COUNTY ROAD,,URBAN,N,N,N,,DAYLIGHT,CLEAR,DRY,,T-INTERSECTION,,ASPHALT,DRIVER DISTRACTED - EXPLAIN IN NARRATIVE,,SSareRdERhorerRd,,2020-06-07 18:30:00
MONROE SD,BLOOMINGTON,1,0.0,1.0,0.0,0,,,,SR 446,,,1000.0,S,0.0,0.0,STATE ROAD,N,RURAL,N,N,N,,DAYLIGHT,CLEAR,DRY,,NO JUNCTION INVOLVED,CURVE/LEVEL,ASPHALT,IMPROPER PASSING,RAN OFF ROAD,EOLDRICHARDSONRDSR446S,NO PASSING ZONE,2020-06-07 20:05:00
MONROE SD,BLOOMINGTON,1,0.0,0.0,0.0,0,,,,SR 46,,,500.0,W,39.15210212,-86.39119399,STATE ROAD,N,RURAL,N,N,N,,DARK (NOT LIGHTED),CLEAR,DRY,,T-INTERSECTION,CURVE/LEVEL,ASPHALT,ANIMAL/OBJECT IN ROADWAY,RAN OFF ROAD,BRUMMETTSCREEKRDSR46W,NONE,2020-06-07 23:23:00
MONROE SD,BLOOMINGTON,2,0.0,0.0,0.0,0,,,,S WALNUT ST,S FAIRFAX RD,,,,39.10726,-86.53149,LOCAL/CITY ROAD,N,RURAL,N,N,N,,DAYLIGHT,CLEAR,DRY,,FOUR-WAY INTERSECTION,STRAIGHT/GRADE,ASPHALT,DRIVER ASLEEP OR FATIGUED,REAR END,FAIRFAXRDOLDSTATEROAD37RD,NONE,2020-06-08 17:04:00
MONROE SD,BLOOMINGTON,1,0.0,1.0,0.0,0,,,,SR 45,,,1149.0,W,39.14074312,-86.58627667,STATE ROAD,N,URBAN,N,Y,Y,WORK ON SHOULDER,DAYLIGHT,CLEAR,DRY,,NO JUNCTION INVOLVED,STRAIGHT/GRADE,ASPHALT,RAN OFF ROAD RIGHT,RAN OFF ROAD,LEONARDSPRINGSRDSR45E,NONE,2020-06-08 18:45:00
MONROE SD,BLOOMINGTON,1,0.0,0.0,0.0,0,,,,E FARR RD,E ANDERSON RD,,5280.0,W,39.28734,-86.44070359,LOCAL/CITY ROAD,N,RURAL,N,N,N,,DARK (NOT LIGHTED),CLEAR,DRY,,NO JUNCTION INVOLVED,STRAIGHT/LEVEL,GRAVEL,RAN OFF ROAD RIGHT,RAN OFF ROAD,EANDERSONRDEFARRRD,NONE,2020-06-09 00:00:00
MONROE SD,BLOOMINGTON,3,0.0,0.0,0.0,0,3331.0,,,W INDIAN CREEK DR,S FAIRINGTON DR (E),,,,39.13465422,-86.57506311,UNKNOWN,N,URBAN,N,N,N,,DARK (NOT LIGHTED),CLEAR,DRY,,NO JUNCTION INVOLVED,NON-ROADWAY CRASH,OTHER - EXPLAIN IN NARRATIVE,RAN OFF ROAD RIGHT,RAN OFF ROAD,WINDIANCREEKDR,STOP SIGN,2020-06-09 00:19:00
MONROE SD,BLOOMINGTON,1,0.0,0.0,0.0,1,,,,SR 46,,,3000.0,E,39.1638765,-86.44535043,STATE ROAD,N,RURAL,N,N,N,,DARK (NOT LIGHTED),CLEAR,DRY,,NO JUNCTION INVOLVED,CURVE/LEVEL,ASPHALT,ANIMAL/OBJECT IN ROADWAY,COLLISION WITH DEER,KINGSRDSR46E,NONE,2020-06-09 03:02:00
BLOOMINGTON PD,BLOOMINGTON,1,0.0,0.0,0.0,0,,,,N WALNUT ST,E 19TH ST,,400.0,N,39.181552,-86.5336,LOCAL/CITY ROAD,N,URBAN,N,N,N,,DARK (LIGHTED),CLEAR,DRY,,NO JUNCTION INVOLVED,STRAIGHT/LEVEL,ASPHALT,RAN OFF ROAD RIGHT,RAN OFF ROAD,E19THSTNWALNUTST,NONE,2020-06-09 04:20:00
MONROE SD,BLOOMINGTON,2,0.0,0.0,0.0,0,,,,SR 48,S KIRBY RD,,,,39.16504,-86.610704,STATE ROAD,N,RURAL,N,N,N,,DAWN/DUSK,CLEAR,DRY,,FOUR-WAY INTERSECTION,STRAIGHT/GRADE,ASPHALT,DISREGARD SIGNAL/REG SIGN,RIGHT ANGLE,NKIRBYRDSR48W,TRAFFIC CONTROL SIGNAL,2020-06-09 05:41:00
ISP BLOOMINGTON 33,BLOOMINGTON,2,,1.0,0.0,0,,,,S WALNUT ST,E DILLMAN RD,,0.0,S,39.092981,-86.544167,STATE ROAD,,RURAL,N,N,N,,DAYLIGHT,RAIN,WET,,FOUR-WAY INTERSECTION,,ASPHALT,FAILURE TO YIELD RIGHT OF WAY,RIGHT ANGLE,,,2020-06-09 16:34:00
INDIANA UNIV BLOOMINGTON PD,BLOOMINGTON,2,0.0,1.0,0.0,0,,,,SR 45/46,N DUNN ST,,,,39.18629,-86.52841,STATE ROAD,N,URBAN,N,N,N,,DAYLIGHT,RAIN,WET,,FOUR-WAY INTERSECTION,STRAIGHT/LEVEL,ASPHALT,UNSAFE LANE MOVEMENT,SAME DIRECTION SIDESWIPE,DUNNSTSR46,TRAFFIC CONTROL SIGNAL,2020-06-09 17:13:00
ELLETTSVILLE PD,ELLETTSVILLE,2,0.0,0.0,0.0,0,,,,N HARTSTRAIT RD,N CAMPBELLS PARK DR,,,,39.22633,-86.61633,LOCAL/CITY ROAD,N,URBAN,N,N,N,,DAYLIGHT,CLEAR,DRY,,Y-INTERSECTION,CURVE/LEVEL,ASPHALT,IMPROPER TURNING,LEFT TURN,NCAMPBELLPARKRDNHARTSTRAIGHTRD,STOP SIGN,2020-06-09 17:21:00
INDIANA UNIV BLOOMINGTON PD,BLOOMINGTON,1,0.0,0.0,0.0,0,,,,SR 45/46,E DISCOVERY PKWY,,,,39.16500353,-86.42988849,STATE ROAD,Y,URBAN,N,N,Y,LANE CLOSURE,DARK (NOT LIGHTED),CLEAR,DRY,,T-INTERSECTION,STRAIGHT/LEVEL,ASPHALT,OTHER (DRIVER) - EXPLAIN IN NARRATIVE,COLLISION WITH OBJECT IN ROAD,SR46DISCOVERYPARKWAY,LANE CONTROL,2020-06-10 02:32:00
INDIANA UNIV BLOOMINGTON PD,BLOOMINGTON,1,0.0,0.0,0.0,1,,,,SR 45/46,ENTRANCE TO IU PARKING LOT 10,,450.0,E,39.18635203,-86.52690785,STATE ROAD,N,URBAN,N,N,N,,DARK (NOT LIGHTED),CLOUDY,DRY,,NO JUNCTION INVOLVED,STRAIGHT/LEVEL,ASPHALT,ANIMAL/OBJECT IN ROADWAY,COLLISION WITH DEER,DUNNSTSR46E,NONE,2020-06-10 05:46:00
BLOOMINGTON PD,BLOOMINGTON,2,0.0,0.0,0.0,0,,,,W 2ND ST,S ROGERS ST,,,,39.16139,-86.5387,LOCAL/CITY ROAD,N,URBAN,N,N,N,,DAYLIGHT,CLEAR,DRY,,FOUR-WAY INTERSECTION,STRAIGHT/GRADE,ASPHALT,FAILURE TO YIELD RIGHT OF WAY,RIGHT ANGLE,2NDSTROGERSST,TRAFFIC CONTROL SIGNAL,2020-06-10 10:20:00
BLOOMINGTON PD,BLOOMINGTON,2,0.0,0.0,0.0,0,812.0,,,W COUNTRY CLUB DR,,,300.0,E,39.13626962,-86.54353491,LOCAL/CITY ROAD,N,URBAN,N,N,N,,DAYLIGHT,CLOUDY,DRY,,NO JUNCTION INVOLVED,STRAIGHT/GRADE,ASPHALT,OTHER (ENVIRONMENTAL) - EXPLAIN IN NARR,COLLISION WITH OBJECT IN ROAD,BANTAAVECOUNTRYCLUBDR,NONE,2020-06-10 10:46:00
BLOOMINGTON PD,BLOOMINGTON,2,0.0,0.0,0.0,0,,,,N COLLEGE AVE,W 10TH ST,,,,39.171744,-86.534768,LOCAL/CITY ROAD,N,URBAN,N,N,N,,DAYLIGHT,CLOUDY,DRY,,FOUR-WAY INTERSECTION,STRAIGHT/LEVEL,ASPHALT,FAILURE TO YIELD RIGHT OF WAY,SAME DIRECTION SIDESWIPE,NORTHCOLLEGEAVEWEST10THST,TRAFFIC CONTROL SIGNAL,2020-06-10 14:05:00
BLOOMINGTON PD,BLOOMINGTON,2,0.0,0.0,0.0,0,,,,S WALNUT ST,E 3RD ST,,,,39.16464,-86.5336,LOCAL/CITY ROAD,N,URBAN,N,N,N,,DAYLIGHT,CLEAR,DRY,,FOUR-WAY INTERSECTION,STRAIGHT/GRADE,ASPHALT,DISREGARD SIGNAL/REG SIGN,RIGHT ANGLE,E3RDSTSWALNUTST,TRAFFIC CONTROL SIGNAL,2020-06-10 14:07:00
BLOOMINGTON PD,BLOOMINGTON,2,0.0,0.0,0.0,0,,,,N HEADLEY RD,E TREADWELL LN,,200.0,N,39.19008,-86.514288,LOCAL/CITY ROAD,Y,RURAL,N,N,N,,DAYLIGHT,CLEAR,DRY,,T-INTERSECTION,CURVE/GRADE,ASPHALT,LEFT OF CENTER,,ETREADWELLLNNHEADLEYRD,NONE,2020-06-10 14:30:00
BLOOMINGTON PD,BLOOMINGTON,2,0.0,1.0,0.0,0,,,,S WALNUT ST,E MILLER DR,,150.0,S,39.146944,-86.532544,LOCAL/CITY ROAD,N,URBAN,N,N,N,,DAYLIGHT,CLEAR,DRY,,FOUR-WAY INTERSECTION,STRAIGHT/LEVEL,CONCRETE,UNSAFE LANE MOVEMENT,HEAD ON BETWEEN TWO MOTOR VEHICLES,EASTMILLERDRSOUTHWALNUTST,NONE,2020-06-10 15:22:00
BLOOMINGTON PD,BLOOMINGTON,1,0.0,0.0,0.0,0,,,,N WALNUT ST,E BLUE RIDGE DR,,200.0,S,39.196848,-86.5344,LOCAL/CITY ROAD,N,URBAN,N,N,N,,DAYLIGHT,SEVERE CROSS WIND,DRY,,NO JUNCTION INVOLVED,STRAIGHT/LEVEL,ASPHALT,OTHER (ENVIRONMENTAL) - EXPLAIN IN NARR,OTHER - EXPLAIN IN NARRATIVE,EBLUERIDGEDRNWALNUTST,NONE,2020-06-10 15:59:00
BLOOMINGTON PD,BLOOMINGTON,2,0.0,0.0,0.0,0,,,,W COUNTRY CLUB DR,B-LINE TRAIL,,250.0,E,39.13601,-86.53714163,LOCAL/CITY ROAD,N,URBAN,N,N,N,,DAYLIGHT,CLEAR,DRY,,NO JUNCTION INVOLVED,STRAIGHT/GRADE,ASPHALT,FOLLOWING TOO CLOSELY,REAR TO REAR,SMADISONSTWCOUNTRYCLUBDR,NONE,2020-06-10 16:00:00
MONROE SD,BLOOMINGTON,1,0.0,0.0,0.0,0,,,,N UNION VALLEY RD,W MCNEELY ST,,,,39.2375,-86.59278,COUNTY ROAD,N,RURAL,N,N,N,,DAYLIGHT,BLOWING SAND/SOIL/SNOW,DRY,,T-INTERSECTION,STRAIGHT/GRADE,ASPHALT,OTHER (DRIVER) - EXPLAIN IN NARRATIVE,RAN OFF ROAD,MCNEELYSTUNIONVALLEYRD,NONE,2020-06-10 16:32:00
MONROE SD,BLOOMINGTON,2,0.0,0.0,0.0,0,,,,SR 48,S GARRISON CHAPEL RD,,,,39.163552,-86.649696,STATE ROAD,N,RURAL,N,N,N,,DAYLIGHT,CLEAR,DRY,,T-INTERSECTION,CURVE/GRADE,ASPHALT,FOLLOWING TOO CLOSELY,REAR END,GARRISONCHAPELRDSR48W,NONE,2020-06-10 16:45:00
BLOOMINGTON PD,BLOOMINGTON,2,0.0,0.0,0.0,0,,,,SR 45,S LIBERTY DR,,,,0.0,0.0,STATE ROAD,N,URBAN,N,N,N,,DAYLIGHT,CLEAR,DRY,,FOUR-WAY INTERSECTION,STRAIGHT/LEVEL,ASPHALT,FAILURE TO YIELD RIGHT OF WAY,SAME DIRECTION SIDESWIPE,LIBERTYDRSR45W,TRAFFIC CONTROL SIGNAL,2020-06-11 10:08:00
BLOOMINGTON PD,BLOOMINGTON,2,0.0,0.0,0.0,0,,,,S WALNUT ST,E HILLSIDE DR,,,,39.150544,-86.5336,LOCAL/CITY ROAD,N,URBAN,N,N,N,,DAYLIGHT,CLEAR,DRY,,FOUR-WAY INTERSECTION,STRAIGHT/LEVEL,ASPHALT,FAILURE TO YIELD RIGHT OF WAY,RIGHT ANGLE,HILLSIDEDRWALNUTST,TRAFFIC CONTROL SIGNAL,2020-06-11 11:24:00
INDIANA UNIV BLOOMINGTON PD,BLOOMINGTON,1,0.0,1.0,0.0,0,,,,E COTTAGE GROVE AVE,N WOODLAWN AVE,,,,39.17253,-86.52352,LOCAL/CITY ROAD,N,URBAN,N,N,N,,DAYLIGHT,CLEAR,DRY,,NO JUNCTION INVOLVED,STRAIGHT/LEVEL,ASPHALT,FAILURE TO YIELD RIGHT OF WAY,SAME DIRECTION SIDESWIPE,COTTAGEGROVESTWOODLAWNAVE,NONE,2020-06-11 12:00:00
BLOOMINGTON PD,BLOOMINGTON,2,0.0,0.0,0.0,0,,,,SR 48,S LIBERTY DR,,,,39.16461,-86.57913,LOCAL/CITY ROAD,N,URBAN,N,N,N,,DAYLIGHT,CLEAR,DRY,,FOUR-WAY INTERSECTION,STRAIGHT/LEVEL,ASPHALT,OTHER (DRIVER) - EXPLAIN IN NARRATIVE,REAR END,LIBERTYDRTHIRDST,TRAFFIC CONTROL SIGNAL,2020-06-11 12:08:00
BLOOMINGTON PD,BLOOMINGTON,2,0.0,1.0,0.0,0,,,,S ADAMS ST,S PATTERSON ST,,200.0,E,39.16441,-86.55197731,LOCAL/CITY ROAD,N,URBAN,N,N,Y,INTERMITTENT OR MOVING WORK,DAYLIGHT,CLEAR,DRY,,FOUR-WAY INTERSECTION,CURVE/LEVEL,ASPHALT,UNSAFE SPEED,REAR END,SPATTERSONDRW3RDST,NONE,2020-06-11 16:39:00
BLOOMINGTON PD,BLOOMINGTON,2,0.0,1.0,0.0,0,,120,1,SR 45/46,I-69,,,,0.0,0.0,STATE ROAD,N,URBAN,N,N,Y,LANE CLOSURE,DAYLIGHT,CLEAR,DRY,,RAMP,CURVE/GRADE,ASPHALT,FOLLOWING TOO CLOSELY,REAR END,SR4546E,LANE CONTROL,2020-06-12 12:50:00
ELLETTSVILLE PD,ELLETTSVILLE,2,0.0,3.0,0.0,0,4444.0,,,SR 46,ENTRANCE TO CVS RD,,300.0,E,39.21458895,-86.59202676,STATE ROAD,N,URBAN,N,N,N,,DAYLIGHT,CLEAR,DRY,,NO JUNCTION INVOLVED,STRAIGHT/LEVEL,ASPHALT,FAILURE TO YIELD RIGHT OF WAY,LEFT TURN,NUNIONVALLEYRDSR46W,LANE CONTROL,2020-06-12 17:21:00
BLOOMINGTON PD,BLOOMINGTON,2,1.0,0.0,0.0,0,,,,N BRIARCLIFF DR,N VALLEYVIEW DR,,150.0,E,39.19442,-86.54646298,LOCAL/CITY ROAD,N,URBAN,N,N,N,,DAYLIGHT,CLEAR,DRY,,NO JUNCTION INVOLVED,STRAIGHT/LEVEL,ASPHALT,OVERSIZE/OVERWEIGHT LOAD,SAME DIRECTION SIDESWIPE,NBRIARCLIFFDRNVALLEYVIEWDR,NONE,2020-06-12 18:30:00
MONROE SD,BLOOMINGTON,1,0.0,0.0,0.0,0,,,,SR 45,E OOLEY AVE,,100.0,E,39.17702805,-86.47792553,STATE ROAD,N,RURAL,N,N,N,,DAYLIGHT,CLEAR,DRY,,T-INTERSECTION,STRAIGHT/LEVEL,ASPHALT,OBSTRUCTION NOT MARKED,COLLISION WITH OBJECT IN ROAD,EOOLEYAVESR45E,NONE,2020-06-12 18:31:00
BLOOMINGTON PD,BLOOMINGTON,2,0.0,0.0,0.0,0,,,,W KIRKWOOD AVE,N FAIRVIEW ST,,,,39.166704,-86.5408,LOCAL/CITY ROAD,N,URBAN,N,N,N,,DAYLIGHT,CLEAR,DRY,,FOUR-WAY INTERSECTION,STRAIGHT/LEVEL,ASPHALT,DISREGARD SIGNAL/REG SIGN,RIGHT ANGLE,FAIRVIEWSTKIRKWOODAVE,STOP SIGN,2020-06-12 18:45:00