Agency,City,Vehicles Involved,Trailers Involved,Number Injured,Number Dead,Number Deer,House Number,Roadway Interchange,Roadway Ramp,Roadway Id,Intersecting Road,Interchange,Feet From,Direction,Latitude,Longitude,Roadway Class,Hit and Run?,Locality,School Zone?,Rumble Strips?,Construction?,Construction Type,Light Condition,Weather Conditions,Surface Condition,Type of Median,Roadway Junction Type,Road Character,Roadway Surface,Primary Factor,Manner of Collision,Unique Location Id,Traffic Control,DateTime
MONROE SD,BLOOMINGTON,1,0.0,0.0,0.0,0,,,,SR 37,,,2640.0,N,39.02718374,-86.5344685,STATE ROAD,N,RURAL,N,Y,N,,DAYLIGHT,CLEAR,DRY,,NO JUNCTION INVOLVED,STRAIGHT/GRADE,ASPHALT,OTHER (VEHICLE) - EXPLAIN IN NARRATIVE,NON-COLLISION,EMONROEDAMRDSR37S,NONE,2020-06-12 20:33:00
BLOOMINGTON PD,BLOOMINGTON,4,0.0,1.0,0.0,0,1002.0,,,W 11TH ST,N ORRIS DR,,100.0,W,39.173344,-86.544704,LOCAL/CITY ROAD,N,URBAN,N,N,N,,DAYLIGHT,CLEAR,DRY,,NO JUNCTION INVOLVED,STRAIGHT/GRADE,ASPHALT,STEERING FAILURE,SAME DIRECTION SIDESWIPE,1002W11THSTNORRISDR,LANE CONTROL,2020-06-13 10:15:00
ISP BLOOMINGTON 33,BLOOMINGTON,2,,0.0,0.0,0,,,,SR 48,S GATES DR,,0.0,S,39.164562,-86.576208,STATE ROAD,,URBAN,N,N,N,,DAYLIGHT,CLEAR,DRY,,FOUR-WAY INTERSECTION,,ASPHALT,DISREGARD SIGNAL/REG SIGN,RIGHT ANGLE,SR48GatesDrive,,2020-06-13 17:25:00
BLOOMINGTON PD,BLOOMINGTON,2,0.0,0.0,0.0,0,,,,N WOODBURN AVE,W 16TH ST,,,,39.177744,-86.536048,LOCAL/CITY ROAD,N,URBAN,N,N,N,,DAWN/DUSK,CLEAR,DRY,,FOUR-WAY INTERSECTION,STRAIGHT/LEVEL,ASPHALT,UNSAFE LANE MOVEMENT,SAME DIRECTION SIDESWIPE,NWOODBURNAVEW16THST,STOP SIGN,2020-06-13 17:30:00
BLOOMINGTON PD,BLOOMINGTON,2,0.0,0.0,0.0,0,,,,N COLLEGE AVE,W 8TH ST,,,,39.169552,-86.534784,LOCAL/CITY ROAD,N,URBAN,N,N,N,,DAYLIGHT,CLEAR,DRY,,T-INTERSECTION,STRAIGHT/LEVEL,ASPHALT,FOLLOWING TOO CLOSELY,REAR END,NCOLLEGEAVEW8THST,NONE,2020-06-13 17:33:00
MONROE SD,BLOOMINGTON,2,0.0,0.0,0.0,0,,,,SR 37,S WALNUT ST,,,,39.085632,-86.542304,STATE ROAD,N,RURAL,N,Y,N,,DAYLIGHT,CLEAR,DRY,,FOUR-WAY INTERSECTION,STRAIGHT/LEVEL,ASPHALT,UNSAFE LANE MOVEMENT,SAME DIRECTION SIDESWIPE,OLDSTATE37RDSR37S,NONE,2020-06-13 18:51:00
MONROE SD,BLOOMINGTON,1,0.0,0.0,0.0,0,8425.0,,,N LOW GAP RD,,,,,39.28644764,-86.40592215,COUNTY ROAD,N,RURAL,N,N,N,,DAYLIGHT,CLEAR,DRY,,NO JUNCTION INVOLVED,STRAIGHT/LEVEL,ASPHALT,DRIVER DISTRACTED - EXPLAIN IN NARRATIVE,OTHER - EXPLAIN IN NARRATIVE,NLOWGAPRD,NONE,2020-06-13 20:43:00
INDIANA UNIV BLOOMINGTON PD,BLOOMINGTON,1,0.0,1.0,0.0,0,,,,E 10TH ST,INDIANA RAILROAD BRIDGE,,160.0,E,0.0,0.0,LOCAL/CITY ROAD,N,URBAN,N,N,N,,DARK (NOT LIGHTED),CLEAR,DRY,,NO JUNCTION INVOLVED,CURVE/LEVEL,ASPHALT,UNSAFE SPEED,OTHER - EXPLAIN IN NARRATIVE,TENTHSTUNIONVILLERD,LANE CONTROL,2020-06-13 21:35:00
MONROE SD,BLOOMINGTON,2,0.0,0.0,0.0,0,,,,W ELLER RD,S GARRISON CHAPEL RD,,,,39.122416,-86.64296,COUNTY ROAD,N,RURAL,N,N,N,,DAYLIGHT,CLEAR,DRY,,FOUR-WAY INTERSECTION,STRAIGHT/GRADE,ASPHALT,FAILURE TO YIELD RIGHT OF WAY,LEFT TURN,ELLERRDGARRISONCHAPELRD,STOP SIGN,2020-06-14 14:43:00
MONROE SD,BLOOMINGTON,1,0.0,0.0,0.0,1,,,,SR 446,,,2640.0,S,39.12845006,-86.43983126,STATE ROAD,N,RURAL,N,N,N,,DAWN/DUSK,CLEAR,DRY,,NO JUNCTION INVOLVED,STRAIGHT/GRADE,ASPHALT,ANIMAL/OBJECT IN ROADWAY,COLLISION WITH DEER,SR446NSWARTZRIDGERD,NONE,2020-06-15 05:45:00
BLOOMINGTON PD,BLOOMINGTON,5,1.0,0.0,0.0,0,,Y,,SR 45,I-69 S,,50.0,W,0.0,0.0,LOCAL/CITY ROAD,N,URBAN,N,N,N,,DAYLIGHT,CLEAR,DRY,,FOUR-WAY INTERSECTION,STRAIGHT/LEVEL,ASPHALT,UNSAFE SPEED,SAME DIRECTION SIDESWIPE,3200WSR45RDTURNLANEFORSBI69RAMP,TRAFFIC CONTROL SIGNAL,2020-06-15 13:24:00
BLOOMINGTON PD,BLOOMINGTON,2,0.0,0.0,0.0,0,,,,E MOORES PIKE,S SARE RD,,,,39.150448,-86.4992,LOCAL/CITY ROAD,N,URBAN,N,N,N,,UNKNOWN,CLEAR,DRY,,INTERCHANGE,STRAIGHT/GRADE,ASPHALT,FAILURE TO YIELD RIGHT OF WAY,LEFT/RIGHT TURN,EMOORESPIKESSARERD,TRAFFIC CONTROL SIGNAL,2020-06-15 13:25:00
BLOOMINGTON PD,BLOOMINGTON,2,0.0,1.0,0.0,0,,,,SR 48,S CURRY PIKE,,100.0,W,39.16464,-86.58295134,LOCAL/CITY ROAD,N,URBAN,N,N,N,,DAYLIGHT,CLEAR,DRY,,FOUR-WAY INTERSECTION,STRAIGHT/LEVEL,CONCRETE,FAILURE TO YIELD RIGHT OF WAY,LEFT/RIGHT TURN,SCURRYPIKEW3RDST,NONE,2020-06-15 14:43:00
BLOOMINGTON PD,BLOOMINGTON,1,0.0,0.0,0.0,0,316.0,,,E 2ND ST,ENTRANCE TO BEECHWOOD 1 APARTMENTS,,,,39.16144,-86.53084441,UNKNOWN,N,URBAN,N,N,N,,DARK (LIGHTED),CLOUDY,DRY,,NO JUNCTION INVOLVED,STRAIGHT/GRADE,ASPHALT,UNSAFE SPEED,OTHER - EXPLAIN IN NARRATIVE,2NDST,NONE,2020-06-15 22:43:00
ISP BLOOMINGTON 33,BLOOMINGTON,2,,0.0,0.0,0,5304.0,,,SR 46,,,898.0,W,39.16683355,-86.456999,STATE ROAD,,RURAL,N,N,N,,DAYLIGHT,CLEAR,DRY,,NO JUNCTION INVOLVED,,ASPHALT,FAILURE TO YIELD RIGHT OF WAY,LEFT TURN,StateRd46EKingsRd,,2020-06-16 07:35:00
MONROE SD,BLOOMINGTON,2,1.0,0.0,0.0,0,,,,SR 37,S VICTOR PIKE,,,,0.0,0.0,STATE ROAD,N,RURAL,N,N,N,,DAYLIGHT,CLEAR,DRY,,FOUR-WAY INTERSECTION,STRAIGHT/LEVEL,ASPHALT,DISREGARD SIGNAL/REG SIGN,LEFT TURN,SR37NVICTORPIKE,TRAFFIC CONTROL SIGNAL,2020-06-16 11:29:00
BLOOMINGTON PD,BLOOMINGTON,2,0.0,0.0,0.0,0,,,,E ROCK CREEK DR,S CHILDS CT,,300.0,E,39.139824,-86.508144,LOCAL/CITY ROAD,N,URBAN,N,N,N,,DAYLIGHT,CLEAR,DRY,,NO JUNCTION INVOLVED,STRAIGHT/GRADE,ASPHALT,UNSAFE LANE MOVEMENT,OPPOSITE DIRECTION SIDESWIPE,EROCKCREEKDRSHIGHST,NONE,2020-06-16 14:20:00
BLOOMINGTON PD,BLOOMINGTON,2,0.0,0.0,0.0,0,,,,E MARILYN DR,,,100.0,W,39.15363,-86.50843134,LOCAL/CITY ROAD,N,URBAN,N,N,N,,DARK (LIGHTED),CLEAR,DRY,,FOUR-WAY INTERSECTION,STRAIGHT/LEVEL,ASPHALT,IMPROPER LANE USAGE,SAME DIRECTION SIDESWIPE,HIGHSTMARILYNDR,NONE,2020-06-17 05:32:00
MONROE SD,BLOOMINGTON,2,0.0,1.0,0.0,0,,,,SR 37,W DILLMAN RD,,,,39.092976,-86.545648,STATE ROAD,N,RURAL,N,N,N,,DAYLIGHT,CLEAR,DRY,,FOUR-WAY INTERSECTION,STRAIGHT/GRADE,ASPHALT,FAILURE TO YIELD RIGHT OF WAY,RIGHT ANGLE,DILLMANRDSR37S,TRAFFIC CONTROL SIGNAL,2020-06-17 16:31:00
BLOOMINGTON PD,BLOOMINGTON,2,0.0,1.0,0.0,0,,,,SR 46,SR 46,,,,39.16424,-86.4984,LOCAL/CITY ROAD,N,URBAN,N,N,N,,DAYLIGHT,CLEAR,DRY,,NO JUNCTION INVOLVED,STRAIGHT/LEVEL,ASPHALT,FAILURE TO YIELD RIGHT OF WAY,LEFT TURN,E3RDSTSCOLLEGEMALLRD,TRAFFIC CONTROL SIGNAL,2020-06-17 16:33:00
ISP BLOOMINGTON 33,BLOOMINGTON,2,,0.0,0.0,0,,103,120B,SR 45/46,I-69 N,,106.0,W,39.18713049,-86.55158526,STATE ROAD,,URBAN,N,N,Y,X-OVER/LANE SHIFT,DAYLIGHT,CLEAR,DRY,,RAMP,,ASPHALT,UNSAFE LANE MOVEMENT,SAME DIRECTION SIDESWIPE,WArlingtonRdSR37,,2020-06-17 18:50:00
BLOOMINGTON PD,BLOOMINGTON,2,0.0,0.0,0.0,0,2505.0,,,S BRYAN ST,,,,,39.14020431,-86.54684503,LOCAL/CITY ROAD,N,URBAN,N,N,N,,DAYLIGHT,CLEAR,DRY,,NO JUNCTION INVOLVED,STRAIGHT/LEVEL,ASPHALT,UNSAFE BACKING,BACKING CRASH,BRYANSTGRAHAMDR,NONE,2020-06-18 11:53:00
MONROE SD,BLOOMINGTON,1,0.0,0.0,0.0,0,,,,N SMITH PIKE,W WOODYARD RD,,,,0.0,0.0,LOCAL/CITY ROAD,N,URBAN,N,N,N,,DAYLIGHT,CLEAR,DRY,,T-INTERSECTION,STRAIGHT/LEVEL,ASPHALT,DRIVER ILLNESS,RAN OFF ROAD,NSMITHPIKEWWOODYARDRD,STOP SIGN,2020-06-18 12:34:00
BLOOMINGTON PD,BLOOMINGTON,2,0.0,1.0,0.0,0,,,,SR 45/46,N WALNUT ST,,400.0,E,39.186368,-86.5344,STATE ROAD,N,URBAN,N,N,N,,DAYLIGHT,CLEAR,DRY,,NO JUNCTION INVOLVED,STRAIGHT/LEVEL,ASPHALT,FOLLOWING TOO CLOSELY,REAR END,NWALNUTSTSR4546W,NONE,2020-06-18 16:52:00
BLOOMINGTON PD,BLOOMINGTON,2,0.0,0.0,0.0,0,,,,SR 45,S LEONARD SPRINGS RD,,,,39.14195,-86.58259,LOCAL/CITY ROAD,Y,URBAN,N,N,N,,DAYLIGHT,CLEAR,DRY,,FOUR-WAY INTERSECTION,STRAIGHT/GRADE,ASPHALT,FOLLOWING TOO CLOSELY,REAR END,SLEONARDSPRINGSRDWSR45,TRAFFIC CONTROL SIGNAL,2020-06-18 17:02:00
BLOOMINGTON PD,BLOOMINGTON,2,0.0,0.0,0.0,0,,,,E RHORER RD,S SARE RD,,,,39.12145,-86.51158,LOCAL/CITY ROAD,N,URBAN,N,N,N,,DAYLIGHT,CLEAR,DRY,,T-INTERSECTION,STRAIGHT/LEVEL,ASPHALT,FAILURE TO YIELD RIGHT OF WAY,LEFT TURN,EASTRHORERRDSOUTHSARERD,STOP SIGN,2020-06-18 17:10:00
BLOOMINGTON PD,BLOOMINGTON,1,0.0,0.0,0.0,0,703.0,,,N KINSER PIKE,W 17TH ST,,,,39.182765,-86.540353,,Y,URBAN,N,N,N,,DAWN/DUSK,CLEAR,DRY,,T-INTERSECTION,STRAIGHT/LEVEL,CONCRETE,IMPROPER TURNING,RAN OFF ROAD,WESTGOURLEYPIKE,NONE,2020-06-18 20:40:00
BLOOMINGTON PD,BLOOMINGTON,2,0.0,2.0,0.0,0,,,,W 17TH ST,N KINSER PIKE,,,,39.178992,-86.537792,LOCAL/CITY ROAD,Y,URBAN,N,N,N,,DAYLIGHT,CLEAR,DRY,,FOUR-WAY INTERSECTION,STRAIGHT/GRADE,ASPHALT,DISREGARD SIGNAL/REG SIGN,RIGHT ANGLE,NKINSERPIKEW17THST,TRAFFIC CONTROL SIGNAL,2020-06-18 20:40:00
MONROE SD,BLOOMINGTON,1,0.0,0.0,0.0,1,,,,SR 45,,,2000.0,E,39.23163372,-86.40960676,STATE ROAD,N,RURAL,N,N,N,,DARK (NOT LIGHTED),CLEAR,DRY,,NO JUNCTION INVOLVED,STRAIGHT/LEVEL,ASPHALT,ANIMAL/OBJECT IN ROADWAY,COLLISION WITH DEER,SHUFFLECREEKRDSR45E,NONE,2020-06-19 00:16:00
ISP BLOOMINGTON 33,BLOOMINGTON,3,,0.0,0.0,0,,,,SR 37,S OLD SR 37,,0.0,S,39.085256,-86.542731,STATE ROAD,,RURAL,N,Y,N,,DAYLIGHT,CLEAR,DRY,,NO JUNCTION INVOLVED,,ASPHALT,UNSAFE LANE MOVEMENT,SAME DIRECTION SIDESWIPE,SOldStateRoad37SOldStateRoad37,,2020-06-19 01:55:00
BLOOMINGTON PD,BLOOMINGTON,2,0.0,0.0,0.0,0,407.0,,,ALLEY,,,,,39.162295,-86.530858,LOCAL/CITY ROAD,Y,URBAN,N,N,N,,DARK (NOT LIGHTED),CLEAR,DRY,,NO JUNCTION INVOLVED,STRAIGHT/GRADE,OTHER - EXPLAIN IN NARRATIVE,UNSAFE BACKING,BACKING CRASH,SOUTHLINCOLNST,NONE,2020-06-19 02:00:00
BLOOMINGTON PD,BLOOMINGTON,1,0.0,0.0,0.0,0,,,,S WALNUT ST,S WALNUT ST PIKE,,,,39.16664,-86.5336,LOCAL/CITY ROAD,Y,URBAN,N,N,N,,DARK (LIGHTED),CLEAR,DRY,,NO JUNCTION INVOLVED,CURVE/GRADE,ASPHALT,RAN OFF ROAD RIGHT,RAN OFF ROAD,SWALNUTSTREETPIKESWALNUTST,NONE,2020-06-19 03:50:00
MONROE SD,BLOOMINGTON,1,0.0,0.0,0.0,0,,,,E ANDERSON RD,,,500.0,N,39.2805071,-86.46300057,COUNTY ROAD,N,RURAL,N,N,N,,DARK (NOT LIGHTED),CLEAR,DRY,,NO JUNCTION INVOLVED,STRAIGHT/LEVEL,ASPHALT,RAN OFF ROAD RIGHT,RAN OFF ROAD,ANDERSONRDSHILORD,NONE,2020-06-19 22:01:00
MONROE SD,BLOOMINGTON,1,0.0,1.0,0.0,0,,,,I-69 S,SR 37,,100.0,S,0.0,0.0,INTERSTATE,N,RURAL,N,Y,N,,DARK (LIGHTED),CLEAR,DRY,,INTERCHANGE,STRAIGHT/LEVEL,ASPHALT,DRIVER ASLEEP OR FATIGUED,RAN OFF ROAD,I69S114.5,LANE CONTROL,2020-06-20 03:50:00
BLOOMINGTON PD,BLOOMINGTON,2,0.0,1.0,0.0,0,,,,E MOORES PIKE,S SMITH RD,,,,39.150224,-86.480464,LOCAL/CITY ROAD,N,URBAN,N,N,N,,DAYLIGHT,CLEAR,DRY,,FOUR-WAY INTERSECTION,STRAIGHT/LEVEL,ASPHALT,DISREGARD SIGNAL/REG SIGN,RIGHT ANGLE,EMOORESPIKESSMITHRD,STOP SIGN,2020-06-20 07:42:00
MONROE SD,BLOOMINGTON,2,0.0,0.0,0.0,0,,,,S STRAIN RIDGE RD,ENTRANCE TO BETHEL APOSTOLIC CHURCH,,870.0,N,39.056848,-86.507776,COUNTY ROAD,N,URBAN,N,N,N,,DAYLIGHT,CLEAR,DRY,,NO JUNCTION INVOLVED,STRAIGHT/GRADE,ASPHALT,FOLLOWING TOO CLOSELY,REAR END,SCOTTRDSOUTHSTRAINRIDGERD,NONE,2020-06-20 11:30:00
BLOOMINGTON PD,BLOOMINGTON,2,0.0,1.0,0.0,0,,,,W TAPP RD,S ADAMS ST,,,,39.136565,-86.5544,LOCAL/CITY ROAD,N,URBAN,N,N,N,,DARK (LIGHTED),CLEAR,DRY,,FOUR-WAY INTERSECTION,STRAIGHT/HILLCREST,ASPHALT,LEFT OF CENTER,HEAD ON BETWEEN TWO MOTOR VEHICLES,ADAMSSTWTAPPRD,NONE,2020-06-20 13:02:00
ISP BLOOMINGTON 33,BLOOMINGTON,2,,0.0,0.0,0,,103,A,I-69 N,SR 45/46,,581.0,W,39.18671915,-86.55253707,INTERSTATE,,URBAN,N,N,Y,LANE CLOSURE,DAYLIGHT,CLEAR,DRY,,NO JUNCTION INVOLVED,,ASPHALT,DRIVER DISTRACTED - EXPLAIN IN NARRATIVE,REAR END,WArlingtonRdSR37,,2020-06-20 13:30:00
MONROE SD,BLOOMINGTON,3,0.0,1.0,1.0,0,,,,SR 37,S VICTOR PIKE,,,,39.105552,-86.551104,STATE ROAD,N,URBAN,N,N,Y,LANE CLOSURE,DAYLIGHT,CLEAR,DRY,,FOUR-WAY INTERSECTION,STRAIGHT/GRADE,ASPHALT,FOLLOWING TOO CLOSELY,REAR END,SOUTHVICTORPIKESR37S,TRAFFIC CONTROL SIGNAL,2020-06-20 13:35:00
BLOOMINGTON PD,BLOOMINGTON,2,0.0,0.0,0.0,0,,,,S ROCKPORT RD,W GRAHAM DR (S),,,,39.140144,-86.54496,LOCAL/CITY ROAD,Y,URBAN,N,N,N,,DAYLIGHT,CLEAR,DRY,,FOUR-WAY INTERSECTION,STRAIGHT/GRADE,CONCRETE,FOLLOWING TOO CLOSELY,REAR END,SOUTHROCKPORTRDWESTGRAHAMDR,NONE,2020-06-20 15:18:00
BLOOMINGTON PD,BLOOMINGTON,2,0.0,0.0,0.0,0,,,,S COLLEGE AVE,W 3RD ST,,,,39.16464,-86.534816,LOCAL/CITY ROAD,Y,URBAN,N,N,N,,DAWN/DUSK,CLEAR,DRY,,FOUR-WAY INTERSECTION,STRAIGHT/LEVEL,ASPHALT,DISREGARD SIGNAL/REG SIGN,SAME DIRECTION SIDESWIPE,SCOLLEGEAVEW3RDST,TRAFFIC CONTROL SIGNAL,2020-06-20 21:00:00
BLOOMINGTON PD,BLOOMINGTON,2,0.0,1.0,0.0,0,,,,W 3RD ST,S ROGERS ST,,,,39.16472,-86.538592,LOCAL/CITY ROAD,N,URBAN,N,N,N,,DARK (NOT LIGHTED),CLEAR,DRY,,FOUR-WAY INTERSECTION,STRAIGHT/GRADE,ASPHALT,BRAKE FAILURE OR DEFECTIVE,RIGHT ANGLE,SROGERSSTW3RDST,TRAFFIC CONTROL SIGNAL,2020-06-20 21:35:00
MONROE SD,BLOOMINGTON,1,0.0,0.0,0.0,1,,,,SR 37,W MONROE DAM RD,,300.0,S,39.01924134,-86.53630986,STATE ROAD,N,RURAL,N,N,N,,DARK (NOT LIGHTED),CLEAR,DRY,,NO JUNCTION INVOLVED,STRAIGHT/GRADE,ASPHALT,ANIMAL/OBJECT IN ROADWAY,COLLISION WITH DEER,SR37SWMONROEDAMRD,LANE CONTROL,2020-06-20 23:14:00
MONROE SD,BLOOMINGTON,1,0.0,0.0,0.0,0,,,,S FAIRFAX RD,E MARIE LN,,0.0,S,39.10569,-86.52246,COUNTY ROAD,N,URBAN,N,N,N,,DAYLIGHT,CLOUDY,WET,,NO JUNCTION INVOLVED,CURVE/GRADE,ASPHALT,RAN OFF ROAD RIGHT,RAN OFF ROAD,EASTMARIELNSOUTHFAIRFAXRD,NONE,2020-06-21 12:50:00
MONROE SD,BLOOMINGTON,2,0.0,0.0,0.0,0,,,,S FAIRFAX RD,E MARIE LN,,,,39.10569,-86.52246,LOCAL/CITY ROAD,N,URBAN,N,N,N,,DAYLIGHT,RAIN,WET,,T-INTERSECTION,CURVE/GRADE,ASPHALT,FOLLOWING TOO CLOSELY,REAR END,EMARIELNFAIRFAXRD,NONE,2020-06-21 13:32:00
MONROE SD,BLOOMINGTON,2,0.0,0.0,0.0,0,,,,SR 46,N CURRY PIKE,,,,39.142048,-86.582592,STATE ROAD,N,RURAL,N,Y,N,,DAYLIGHT,CLEAR,DRY,,FOUR-WAY INTERSECTION,STRAIGHT/HILLCREST,ASPHALT,FOLLOWING TOO CLOSELY,REAR END,NORTHCURRYPIKESR46W,TRAFFIC CONTROL SIGNAL,2020-06-21 18:55:00
MONROE SD,BLOOMINGTON,1,0.0,0.0,0.0,1,,,,SR 446,,,300.0,N,0.0,0.0,STATE ROAD,N,RURAL,N,N,N,,DARK (NOT LIGHTED),CLEAR,DRY,,NO JUNCTION INVOLVED,STRAIGHT/LEVEL,ASPHALT,ANIMAL/OBJECT IN ROADWAY,COLLISION WITH DEER,HUNTERSCRKSR446S,NONE,2020-06-21 22:07:00
ELLETTSVILLE PD,ELLETTSVILLE,1,0.0,1.0,0.0,0,,,,SR 46,N MATTHEWS DR (S),,,,39.23484,-86.62631,LOCAL/CITY ROAD,Y,URBAN,N,N,N,,DARK (LIGHTED),CLEAR,DRY,,NO JUNCTION INVOLVED,STRAIGHT/LEVEL,ASPHALT,OTHER (DRIVER) - EXPLAIN IN NARRATIVE,OTHER - EXPLAIN IN NARRATIVE,MATHEWSDRTEMPERANCEST,STOP SIGN,2020-06-21 22:47:00
MONROE SD,BLOOMINGTON,1,0.0,1.0,0.0,1,,,,SR 37,,,5200.0,N,39.03416433,-86.53517006,STATE ROAD,N,URBAN,N,N,N,,DARK (NOT LIGHTED),RAIN,WET,,NO JUNCTION INVOLVED,CURVE/GRADE,ASPHALT,ANIMAL/OBJECT IN ROADWAY,COLLISION WITH DEER,MONROEDAMRDSR37N,LANE CONTROL,2020-06-23 05:51:00
BLOOMINGTON PD,BLOOMINGTON,2,0.0,0.0,0.0,0,,,,SR 48,S CURRY PIKE,,,,39.16464,-86.58296,LOCAL/CITY ROAD,N,URBAN,N,N,N,,DAYLIGHT,CLEAR,DRY,,INTERCHANGE,STRAIGHT/LEVEL,ASPHALT,FOLLOWING TOO CLOSELY,REAR END,SCURRYPIKEPIKEW3RDST,NONE,2020-06-24 06:23:00
BLOOMINGTON PD,BLOOMINGTON,2,0.0,0.0,0.0,0,,,,E WINSLOW RD,S WALNUT ST PIKE,,,,39.136144,-86.528688,LOCAL/CITY ROAD,N,URBAN,N,N,N,,DAYLIGHT,CLEAR,DRY,,FOUR-WAY INTERSECTION,STRAIGHT/LEVEL,ASPHALT,FAILURE TO YIELD RIGHT OF WAY,RIGHT ANGLE,EWINSLOWRDSWALNUTSTREETPIKE,STOP SIGN,2020-06-24 10:11:00
BLOOMINGTON PD,BLOOMINGTON,2,0.0,0.0,0.0,0,,,,S SARE RD,E MOORES PIKE,,200.0,S,39.150448,-86.4992,LOCAL/CITY ROAD,Y,URBAN,N,N,N,,DAYLIGHT,CLEAR,DRY,,NO JUNCTION INVOLVED,STRAIGHT/GRADE,ASPHALT,IMPROPER LANE USAGE,SAME DIRECTION SIDESWIPE,EMOORESPIKESSARERD,LANE CONTROL,2020-06-24 12:00:00
BLOOMINGTON PD,BLOOMINGTON,1,0.0,1.0,0.0,0,,,,E GRIMES LN,S LINCOLN ST,,,,39.153424,-86.531152,LOCAL/CITY ROAD,Y,URBAN,N,N,N,,DAYLIGHT,CLEAR,DRY,,FOUR-WAY INTERSECTION,STRAIGHT/LEVEL,ASPHALT,DISREGARD SIGNAL/REG SIGN,RIGHT ANGLE,EGRIMESLNSLINCOLNST,STOP SIGN,2020-06-24 12:15:00
MONROE SD,BLOOMINGTON,2,0.0,0.0,0.0,0,,,,W GORDON PIKE,S WICKENS ST,,,,39.1218,-86.54793,COUNTY ROAD,N,URBAN,N,N,N,,DAYLIGHT,CLOUDY,DRY,,T-INTERSECTION,STRAIGHT/LEVEL,ASPHALT,FAILURE TO YIELD RIGHT OF WAY,RIGHT ANGLE,GORDONPIKEWICKENSST,STOP SIGN,2020-06-24 12:19:00
MONROE SD,BLOOMINGTON,1,0.0,0.0,0.0,0,,,,S VICTOR PIKE,,,800.0,N,39.15726632,-86.56911589,COUNTY ROAD,N,RURAL,N,N,N,,DAYLIGHT,CLEAR,DRY,,NO JUNCTION INVOLVED,CURVE/GRADE,ASPHALT,RAN OFF ROAD RIGHT,RAN OFF ROAD,FLUCKMILLRDVICTORPIKE,NONE,2020-06-24 15:06:00
BLOOMINGTON PD,BLOOMINGTON,2,0.0,0.0,0.0,0,,,,W 3RD ST (N),S PATTERSON DR,,,,39.16441,-86.55196,LOCAL/CITY ROAD,N,URBAN,N,N,Y,LANE CLOSURE,DAYLIGHT,CLEAR,DRY,,FOUR-WAY INTERSECTION,STRAIGHT/GRADE,ASPHALT,FOLLOWING TOO CLOSELY,REAR END,SPATTERSONDRW3RDST,TRAFFIC CONTROL SIGNAL,2020-06-24 15:30:00
BLOOMINGTON PD,BLOOMINGTON,2,0.0,0.0,0.0,0,,,,E WINSLOW RD,S THE STANDS DR,,200.0,E,0.0,0.0,LOCAL/CITY ROAD,Y,URBAN,Y,N,Y,,DAYLIGHT,CLEAR,DRY,,T-INTERSECTION,STRAIGHT/GRADE,ASPHALT,UNSAFE LANE MOVEMENT,OPPOSITE DIRECTION SIDESWIPE,EWINSLOWSTSTHESTANDSRD,NONE,2020-06-24 15:50:00
BLOOMINGTON PD,BLOOMINGTON,2,0.0,2.0,0.0,0,,,,SR 48,I-69 S,,,,39.16465,-86.57328,LOCAL/CITY ROAD,N,URBAN,N,N,N,,DAYLIGHT,CLEAR,DRY,,FOUR-WAY INTERSECTION,STRAIGHT/LEVEL,ASPHALT,FAILURE TO YIELD RIGHT OF WAY,LEFT TURN,INTERSTATE69OPASW3RDST,TRAFFIC CONTROL SIGNAL,2020-06-24 16:10:00
BLOOMINGTON PD,BLOOMINGTON,2,0.0,0.0,0.0,0,,,,S PATTERSON DR,W 3RD ST (N),,,,39.16441,-86.55196,LOCAL/CITY ROAD,N,URBAN,N,N,N,,DAYLIGHT,CLEAR,DRY,,NO JUNCTION INVOLVED,STRAIGHT/LEVEL,ASPHALT,OTHER (DRIVER) - EXPLAIN IN NARRATIVE,REAR END,PATTERSONAVETHIRDST,TRAFFIC CONTROL SIGNAL,2020-06-24 18:08:00
MONROE SD,BLOOMINGTON,1,0.0,0.0,0.0,0,,,,I-69 S,,,500.0,S,39.21288604,-86.52299,INTERSTATE,Y,RURAL,N,N,N,,DARK (LIGHTED),CLEAR,DRY,,NO JUNCTION INVOLVED,CURVE/GRADE,ASPHALT,RAN OFF ROAD RIGHT,RAN OFF ROAD,I69SSAMPLERD,LANE CONTROL,2020-06-25 00:02:00
BLOOMINGTON PD,BLOOMINGTON,2,0.0,0.0,0.0,0,,,,S SARE RD,E ROGERS RD,,,,39.13584,-86.496288,LOCAL/CITY ROAD,N,URBAN,N,N,N,,DAYLIGHT,CLEAR,DRY,,TRAFFIC CIRCLE/ROUNDABOUT,STRAIGHT/LEVEL,ASPHALT,OTHER (DRIVER) - EXPLAIN IN NARRATIVE,REAR END,EROGERSRDSSARERD,YIELD SIGN,2020-06-25 09:18:00
MONROE SD,BLOOMINGTON,1,0.0,1.0,0.0,0,,,,SR 46,,,1182.0,E,39.16686587,-86.45833576,STATE ROAD,N,URBAN,N,N,N,,DAYLIGHT,CLEAR,DRY,,NO JUNCTION INVOLVED,STRAIGHT/GRADE,ASPHALT,CELL PHONE USAGE,RAN OFF ROAD,EKERRCREEKRDSR46E,LANE CONTROL,2020-06-25 10:20:00
MONROE SD,BLOOMINGTON,2,0.0,0.0,0.0,0,,,,N CURRY PIKE,W JONATHAN DR,,,,39.16836,-86.58295,LOCAL/CITY ROAD,N,URBAN,N,N,N,,DAYLIGHT,CLEAR,DRY,,T-INTERSECTION,STRAIGHT/LEVEL,ASPHALT,OTHER (DRIVER) - EXPLAIN IN NARRATIVE,REAR END,JONATHANDRNCURRYPIKE,TRAFFIC CONTROL SIGNAL,2020-06-25 11:47:00