Agency,City,Vehicles Involved,Trailers Involved,Number Injured,Number Dead,Number Deer,House Number,Roadway Interchange,Roadway Ramp,Roadway Id,Intersecting Road,Interchange,Feet From,Direction,Latitude,Longitude,Roadway Class,Hit and Run?,Locality,School Zone?,Rumble Strips?,Construction?,Construction Type,Light Condition,Weather Conditions,Surface Condition,Type of Median,Roadway Junction Type,Road Character,Roadway Surface,Primary Factor,Manner of Collision,Unique Location Id,Traffic Control,DateTime
BLOOMINGTON PD,BLOOMINGTON,2,0.0,1.0,0.0,0,,,,S WALNUT ST,W PINEWOOD DR,,,,39.13152,-86.53143,LOCAL/CITY ROAD,N,URBAN,N,N,N,,DAYLIGHT,CLEAR,DRY,,T-INTERSECTION,STRAIGHT/LEVEL,ASPHALT,FOLLOWING TOO CLOSELY,REAR END,PINEWOODDRSWALNUTST,NONE,2020-06-25 13:13:00
BLOOMINGTON PD,BLOOMINGTON,2,0.0,0.0,0.0,0,,,,S LIBERTY DR,W CONSTITUTION AVE,,,,39.1512,-86.57687,LOCAL/CITY ROAD,N,URBAN,N,N,N,,DAYLIGHT,CLEAR,DRY,,T-INTERSECTION,STRAIGHT/GRADE,ASPHALT,FOLLOWING TOO CLOSELY,REAR END,SLIBERTYDRWCONSTITUTIONAVE,NONE,2020-06-25 14:53:00
BLOOMINGTON PD,BLOOMINGTON,2,0.0,0.0,0.0,0,,,,SR 45,S LIBERTY DR,,,,0.0,0.0,STATE ROAD,N,URBAN,N,N,N,,DAYLIGHT,CLEAR,DRY,,FOUR-WAY INTERSECTION,STRAIGHT/LEVEL,ASPHALT,FAILURE TO YIELD RIGHT OF WAY,LEFT TURN,SLIBERTYDRSR45E,TRAFFIC CONTROL SIGNAL,2020-06-25 15:45:00
BLOOMINGTON PD,BLOOMINGTON,2,0.0,0.0,0.0,0,,,,KINGSTON DR S,SR 46,,100.0,S,39.16424,-86.492944,LOCAL/CITY ROAD,N,URBAN,N,N,N,,DAYLIGHT,CLEAR,DRY,,NO JUNCTION INVOLVED,STRAIGHT/LEVEL,ASPHALT,FOLLOWING TOO CLOSELY,SAME DIRECTION SIDESWIPE,E3RDSTSKINGSTONDR,NONE,2020-06-25 15:50:00
ISP BLOOMINGTON 33,BLOOMINGTON,4,,2.0,0.0,0,,103,A,I-69 N,SR 45/46,,211.0,W,39.18681865,-86.55171401,STATE ROAD,,URBAN,N,N,Y,X-OVER/LANE SHIFT,DAYLIGHT,CLEAR,DRY,,RAMP,,ASPHALT,FAILURE TO YIELD RIGHT OF WAY,REAR END,WArlingtonRdSR37,,2020-06-25 16:59:00
MONROE SD,BLOOMINGTON,1,0.0,0.0,0.0,0,,,,SR 46,N LOWER BIRDIE GALYAN RD,,500.0,E,39.16158391,-86.41219366,STATE ROAD,Y,RURAL,N,N,N,,DAYLIGHT,CLEAR,DRY,,NO JUNCTION INVOLVED,STRAIGHT/LEVEL,ASPHALT,RAN OFF ROAD RIGHT,RAN OFF ROAD,BIRDIEGALYANRDSR46E,NONE,2020-06-25 18:12:00
ISP BLOOMINGTON 33,BLOOMINGTON,2,,0.0,0.0,0,,103,B,SR 45/46,I-69 N,,686.0,E,39.18705149,-86.54976673,STATE ROAD,,URBAN,N,Y,Y,INTERMITTENT OR MOVING WORK,DAYLIGHT,CLEAR,DRY,,NO JUNCTION INVOLVED,,CONCRETE,FOLLOWING TOO CLOSELY,LEFT TURN,WArlingtonRdSR37,,2020-06-25 19:00:00
MONROE SD,BLOOMINGTON,1,0.0,0.0,0.0,0,,,,SR 46,,,1000.0,E,39.26455551,-86.66347879,STATE ROAD,Y,RURAL,N,N,N,,DAYLIGHT,CLEAR,DRY,,NO JUNCTION INVOLVED,CURVE/LEVEL,ASPHALT,RAN OFF ROAD RIGHT,RAN OFF ROAD,NSTINESVILLERDSR46W,NONE,2020-06-25 20:55:00
ELLETTSVILLE PD,ELLETTSVILLE,1,0.0,0.0,0.0,0,,,,E CHESTER DR,E TECUMSEH DR,,300.0,W,0.0,0.0,LOCAL/CITY ROAD,Y,URBAN,N,N,N,,DARK (NOT LIGHTED),CLEAR,DRY,,NO JUNCTION INVOLVED,CURVE/LEVEL,ASPHALT,RAN OFF ROAD RIGHT,RAN OFF ROAD,CHESTERDRDEERRUNDR,LANE CONTROL,2020-06-26 00:05:00
BLOOMINGTON PD,BLOOMINGTON,1,0.0,1.0,0.0,0,,,,I-69 S,SR 45/46,,200.0,S,0.0,0.0,INTERSTATE,N,URBAN,N,N,N,,DARK (LIGHTED),CLEAR,DRY,,NO JUNCTION INVOLVED,STRAIGHT/LEVEL,ASPHALT,OTHER (DRIVER) - EXPLAIN IN NARRATIVE,COLLISION WITH OBJECT IN ROAD,I69S120,NONE,2020-06-26 03:09:00
MONROE SD,BLOOMINGTON,2,0.0,0.0,0.0,0,,,,S HARMONY RD,,,2000.0,S,39.07444533,-86.6275778,COUNTY ROAD,N,RURAL,N,N,N,,DARK (LIGHTED),CLEAR,DRY,,NO JUNCTION INVOLVED,CURVE/GRADE,ASPHALT,LEFT OF CENTER,HEAD ON BETWEEN TWO MOTOR VEHICLES,HARMONYRDKOONTZRD,NONE,2020-06-26 05:39:00
INDIANA UNIV BLOOMINGTON PD,BLOOMINGTON,2,1.0,0.0,0.0,0,2620.0,,,ALLEY,,,,,39.170823,-86.500632,UNKNOWN,Y,URBAN,N,N,N,,DAYLIGHT,CLEAR,DRY,,NO JUNCTION INVOLVED,STRAIGHT/LEVEL,ASPHALT,DRIVER DISTRACTED - EXPLAIN IN NARRATIVE,SAME DIRECTION SIDESWIPE,E10THSTREETLN,NONE,2020-06-26 10:30:00
BLOOMINGTON PD,BLOOMINGTON,2,0.0,2.0,0.0,0,,,,SR 46,S SMITH RD,,,,39.16424,-86.480688,LOCAL/CITY ROAD,N,URBAN,N,N,Y,LANE CLOSURE,DAYLIGHT,CLEAR,DRY,,FOUR-WAY INTERSECTION,STRAIGHT/LEVEL,ASPHALT,FAILURE TO YIELD RIGHT OF WAY,LEFT TURN,E3RDSTSMITHRD,TRAFFIC CONTROL SIGNAL,2020-06-26 11:43:00
BLOOMINGTON PD,BLOOMINGTON,2,0.0,1.0,0.0,0,,,,S ROGERS ST,W PATTERSON DR,,50.0,E,39.15381,-86.53874432,LOCAL/CITY ROAD,N,URBAN,N,N,N,,DAYLIGHT,CLEAR,DRY,,NO JUNCTION INVOLVED,STRAIGHT/LEVEL,ASPHALT,OTHER (DRIVER) - EXPLAIN IN NARRATIVE,REAR END,SROGERSSTWPATTERSONDR,TRAFFIC CONTROL SIGNAL,2020-06-26 15:50:00
BLOOMINGTON PD,BLOOMINGTON,2,0.0,0.0,0.0,0,,,,S WALNUT ST,ENTRANCE TO CVS/AUTOVEST,,,,39.13617441,-86.54210472,LOCAL/CITY ROAD,N,URBAN,N,N,N,,DAYLIGHT,CLEAR,DRY,,NO JUNCTION INVOLVED,STRAIGHT/GRADE,ASPHALT,FAILURE TO YIELD RIGHT OF WAY,SAME DIRECTION SIDESWIPE,WCOUNTRYCLUBDRWALNUTST,NONE,2020-06-26 16:03:00
MONROE SD,BLOOMINGTON,1,0.0,0.0,0.0,0,,,,N THOMPSON RIDGE RD,W SAMPLE RD,,250.0,N,39.29236946,-86.524215,COUNTY ROAD,Y,RURAL,N,N,N,,DAYLIGHT,CLEAR,DRY,,NO JUNCTION INVOLVED,CURVE/GRADE,ASPHALT,UNSAFE SPEED,RAN OFF ROAD,SAMPLERDTHOMPSONRIDGERD,NONE,2020-06-26 18:23:00
MONROE SD,BLOOMINGTON,1,0.0,0.0,0.0,0,,,,E ANDERSON RD,E FARR RD,,,,39.28693,-86.43215,COUNTY ROAD,N,RURAL,N,N,N,,DARK (NOT LIGHTED),CLEAR,LOOSE MATERIAL ON ROAD,,T-INTERSECTION,CURVE/LEVEL,GRAVEL,RAN OFF ROAD RIGHT,RAN OFF ROAD,EASTANDERSONRDEASTFARRRD,NONE,2020-06-26 21:17:00
MONROE SD,BLOOMINGTON,1,0.0,0.0,0.0,0,,,,SR 446,S OLD RICHARDSON RD,,50.0,N,39.11748015,-86.43134,STATE ROAD,N,RURAL,N,N,N,,DARK (NOT LIGHTED),CLEAR,DRY,,NO JUNCTION INVOLVED,CURVE/LEVEL,ASPHALT,RAN OFF ROAD RIGHT,RAN OFF ROAD,OLDRICHARDSONRDSR446S,NONE,2020-06-27 01:25:00
BLOOMINGTON PD,BLOOMINGTON,2,0.0,0.0,0.0,0,3881.0,,,E BARRINGTON DR,,,,,39.1726035,-86.48628567,UNKNOWN,N,URBAN,N,N,N,,DARK (LIGHTED),CLOUDY,DRY,,NO JUNCTION INVOLVED,STRAIGHT/LEVEL,ASPHALT,OTHER (DRIVER) - EXPLAIN IN NARRATIVE,SAME DIRECTION SIDESWIPE,EBARRINGTONDR,NONE,2020-06-27 02:00:00
BLOOMINGTON PD,BLOOMINGTON,1,0.0,0.0,0.0,0,,,,S ROGERS ST,W HILLSIDE DR,,,,39.15064,-86.538592,LOCAL/CITY ROAD,N,URBAN,N,N,N,,DARK (LIGHTED),CLOUDY,DRY,,NO JUNCTION INVOLVED,STRAIGHT/GRADE,ASPHALT,RAN OFF ROAD RIGHT,RAN OFF ROAD,HILLSIDEAVEROGERST,NONE,2020-06-27 02:40:00
BLOOMINGTON PD,BLOOMINGTON,2,0.0,0.0,0.0,0,,,,N WALNUT ST,W 11TH ST,,150.0,S,39.173248,-86.533488,LOCAL/CITY ROAD,Y,URBAN,N,N,N,,DARK (LIGHTED),CLEAR,DRY,,NO JUNCTION INVOLVED,STRAIGHT/GRADE,ASPHALT,UNSAFE LANE MOVEMENT,REAR END,NWALNUTSTW11THST,NONE,2020-06-27 03:38:00
MONROE SD,BLOOMINGTON,1,0.0,0.0,0.0,0,9687.0,,,SR 48,,,,,39.170096,-86.682256,US ROUTE,N,RURAL,N,N,N,,DAYLIGHT,CLEAR,WET,,NO JUNCTION INVOLVED,STRAIGHT/LEVEL,ASPHALT,OVERCORRECTING/OVERSTEERING,RAN OFF ROAD,US48W,NONE,2020-06-27 18:07:00
MONROE SD,BLOOMINGTON,1,0.0,0.0,0.0,0,9687.0,,,SR 48,,,,,39.170096,-86.682256,STATE ROAD,N,RURAL,N,N,N,,DAYLIGHT,CLEAR,WET,,NO JUNCTION INVOLVED,STRAIGHT/LEVEL,ASPHALT,RAN OFF ROAD RIGHT,RAN OFF ROAD,SR48W,NONE,2020-06-27 18:26:00
BLOOMINGTON PD,BLOOMINGTON,2,0.0,0.0,0.0,0,,,,S COLLEGE MALL RD,E 3RD ST,,,,39.16464,-86.534816,LOCAL/CITY ROAD,N,URBAN,N,N,N,,DAYLIGHT,CLEAR,DRY,,FOUR-WAY INTERSECTION,STRAIGHT/LEVEL,ASPHALT,IMPROPER LANE USAGE,SAME DIRECTION SIDESWIPE,EAST3RDSTSOUTHCOLLEGEMALL,TRAFFIC CONTROL SIGNAL,2020-06-28 13:40:00
BLOOMINGTON PD,BLOOMINGTON,2,0.0,0.0,0.0,0,,Y,,I-69 S,SR 48,,,,39.16465,-86.57328,INTERSTATE,N,URBAN,N,N,N,,DAYLIGHT,CLEAR,DRY,,FOUR-WAY INTERSECTION,STRAIGHT/GRADE,ASPHALT,FOLLOWING TOO CLOSELY,REAR END,I69SWEST3RDST,NONE,2020-06-28 14:00:00
BLOOMINGTON PD,BLOOMINGTON,2,0.0,0.0,0.0,0,,,,E WINSLOW RD,E ALLENDALE DR,,,,39.136,-86.51592,LOCAL/CITY ROAD,N,URBAN,N,N,N,,DAYLIGHT,CLOUDY,WET,,FOUR-WAY INTERSECTION,STRAIGHT/HILLCREST,ASPHALT,SPEED TOO FAST FOR WEATHER CONDITIONS,REAR END,ALLENDALEDREWINSLOWRD,STOP SIGN,2020-06-28 15:50:00
BLOOMINGTON PD,BLOOMINGTON,2,0.0,0.0,0.0,0,,,,S COLLEGE AVE,W 6TH ST,,,,39.167648,-86.534784,LOCAL/CITY ROAD,N,URBAN,N,N,N,,DAYLIGHT,CLOUDY,WET,,FOUR-WAY INTERSECTION,STRAIGHT/GRADE,ASPHALT,UNSAFE LANE MOVEMENT,SAME DIRECTION SIDESWIPE,SCOLLEGEAVEW6THST,TRAFFIC CONTROL SIGNAL,2020-06-28 16:06:00
MONROE SD,ELLETTSVILLE,2,0.0,0.0,0.0,0,,,,N SMITH PIKE,SR 46,,,,39.210144,-86.5832,LOCAL/CITY ROAD,N,URBAN,N,N,N,,DARK (NOT LIGHTED),CLEAR,DRY,,T-INTERSECTION,STRAIGHT/LEVEL,ASPHALT,OTHER (DRIVER) - EXPLAIN IN NARRATIVE,REAR END,NSMITHPIKESR46W,TRAFFIC CONTROL SIGNAL,2020-06-28 23:44:00
MONROE SD,BLOOMINGTON,1,0.0,0.0,0.0,0,2713.0,,,N SMITH PIKE,,,200.0,N,39.19962131,-86.583152,COUNTY ROAD,Y,URBAN,N,N,N,,DARK (NOT LIGHTED),CLEAR,DRY,,NO JUNCTION INVOLVED,STRAIGHT/LEVEL,ASPHALT,RAN OFF ROAD RIGHT,RAN OFF ROAD,NELSONLNSMITHPIKE,NONE,2020-06-29 00:11:00
MONROE SD,BLOOMINGTON,1,0.0,1.0,0.0,0,,,,S OLD SR 37,,,2500.0,S,38.73745521,-86.54482,LOCAL/CITY ROAD,N,RURAL,N,N,N,,DARK (NOT LIGHTED),CLEAR,DRY,,NO JUNCTION INVOLVED,CURVE/GRADE,ASPHALT,RAN OFF ROAD RIGHT,RAN OFF ROAD,SOUTHHARRODSBURGRDSOUTHOLDSTATEROAD37RD,NONE,2020-06-29 00:20:00
MONROE SD,BLOOMINGTON,1,0.0,1.0,0.0,0,,,,SR 45,,,2640.0,N,39.46483439,-86.46887,STATE ROAD,N,RURAL,N,N,N,,DARK (NOT LIGHTED),CLEAR,DRY,,NO JUNCTION INVOLVED,CURVE/GRADE,ASPHALT,ANIMAL/OBJECT IN ROADWAY,RAN OFF ROAD,MTGILEADRDSR45E,LANE CONTROL,2020-06-29 00:57:00
ISP BLOOMINGTON 33,BLOOMINGTON,1,,0.0,0.0,1,,,,SR 37,S ZIKES RD,,0.0,S,39.05613299,-86.53607319,STATE ROAD,,RURAL,N,N,N,,DARK (NOT LIGHTED),CLEAR,DRY,,NO JUNCTION INVOLVED,,ASPHALT,ANIMAL/OBJECT IN ROADWAY,COLLISION WITH DEER,SR37nearZikesRoad,,2020-06-29 01:20:00
BLOOMINGTON PD,BLOOMINGTON,2,0.0,0.0,0.0,0,,Y,,I-69 S,SR 48,,,,39.16465,-86.57328,INTERSTATE,Y,URBAN,N,N,N,,DAWN/DUSK,CLOUDY,WET,,INTERCHANGE,STRAIGHT/GRADE,ASPHALT,IMPROPER TURNING,SAME DIRECTION SIDESWIPE,I69STHIRDST,TRAFFIC CONTROL SIGNAL,2020-06-29 06:38:00
ISP BLOOMINGTON 33,BLOOMINGTON,1,,1.0,0.0,0,,Y,115,I-69 S,W FULLERTON PIKE,,317.0,E,39.12242861,-86.57340314,INTERSTATE,,RURAL,N,N,N,,DAWN/DUSK,CLOUDY,WET,,TRAFFIC CIRCLE/ROUNDABOUT,,ASPHALT,DRIVER ASLEEP OR FATIGUED,,I69FullertonPike,,2020-06-29 07:23:00
BLOOMINGTON PD,BLOOMINGTON,2,0.0,0.0,0.0,0,,,,W 6TH ST,N WALNUT ST,,50.0,W,39.16755,-86.53359567,LOCAL/CITY ROAD,N,URBAN,N,N,Y,LANE CLOSURE,DAYLIGHT,CLEAR,DRY,,NO JUNCTION INVOLVED,STRAIGHT/GRADE,ASPHALT,UNSAFE BACKING,BACKING CRASH,6THSTWALNUTST,NONE,2020-06-29 08:15:00
MONROE SD,BLOOMINGTON,1,0.0,1.0,0.0,0,,,,N OARD RD,,,1000.0,E,39.18116,-86.63731663,LOCAL/CITY ROAD,N,RURAL,N,N,N,,DAYLIGHT,CLEAR,DRY,,NO JUNCTION INVOLVED,CURVE/LEVEL,ASPHALT,RAN OFF ROAD RIGHT,RAN OFF ROAD,NOARDRDWVERANALPIKE,NONE,2020-06-29 13:45:00
MONROE SD,BLOOMINGTON,1,0.0,1.0,0.0,0,,,,S OLD SR 37,S DELLSVILLE RD,,,,39.06614,-86.54152,COUNTY ROAD,N,RURAL,N,N,N,,DAWN/DUSK,CLEAR,DRY,,T-INTERSECTION,CURVE/LEVEL,ASPHALT,RAN OFF ROAD RIGHT,RAN OFF ROAD,SDELLSVILLERDSOLDSTATE37RD,NONE,2020-06-29 21:07:00
MONROE SD,BLOOMINGTON,1,0.0,0.0,0.0,1,,,,S WALNUT ST,,,250.0,N,39.12570203,-86.5379,LOCAL/CITY ROAD,N,RURAL,N,N,N,,DAYLIGHT,CLEAR,DRY,,T-INTERSECTION,CURVE/GRADE,ASPHALT,ANIMAL/OBJECT IN ROADWAY,COLLISION WITH DEER,SOLDSTATERDSROGERSST,NONE,2020-06-30 07:37:00
BLOOMINGTON PD,BLOOMINGTON,2,0.0,0.0,0.0,0,,,,S SMITH RD,SR 46,,,,39.16424,-86.480688,LOCAL/CITY ROAD,Y,URBAN,N,N,Y,LANE CLOSURE,DAYLIGHT,CLEAR,DRY,,FOUR-WAY INTERSECTION,STRAIGHT/LEVEL,ASPHALT,,BACKING CRASH,EAST3RDSTSOUTHSMITHRD,TRAFFIC CONTROL SIGNAL,2020-06-30 10:00:00
ISP BLOOMINGTON 33,BLOOMINGTON,1,,0.0,0.0,0,,,,I-69 S,,,475.0,S,39.31365501,-86.51254379,INTERSTATE,,URBAN,N,N,N,,DAYLIGHT,CLEAR,DRY,,NO JUNCTION INVOLVED,,ASPHALT,ANIMAL/OBJECT IN ROADWAY,COLLISION WITH OBJECT IN ROAD,WBurmaRdI-69,,2020-06-30 12:30:00
MONROE SD,BLOOMINGTON,2,0.0,0.0,0.0,0,,,,S VICTOR PIKE,SR 37,,,,39.10680457,-86.55335044,LOCAL/CITY ROAD,N,URBAN,N,N,N,,DAYLIGHT,CLOUDY,DRY,,FOUR-WAY INTERSECTION,STRAIGHT/LEVEL,ASPHALT,DRIVER DISTRACTED - EXPLAIN IN NARRATIVE,REAR END,SOUTHSTATEROAD37RDSOUTHVICTORPIKE,TRAFFIC CONTROL SIGNAL,2020-06-30 15:37:00
MONROE SD,BLOOMINGTON,2,0.0,0.0,0.0,0,3939.0,,,W INDUSTRIAL BLVD,ENTRANCE TO MEINEKE CAR CARE CENTER,,,,39.143808,-86.582592,UNKNOWN,N,URBAN,N,N,N,,DAYLIGHT,CLEAR,DRY,,NO JUNCTION INVOLVED,STRAIGHT/GRADE,ASPHALT,UNSAFE SPEED,HEAD ON BETWEEN TWO MOTOR VEHICLES,WINDUSTRIALBLVD,NONE,2020-06-30 15:38:00
BLOOMINGTON PD,BLOOMINGTON,3,0.0,0.0,0.0,0,,,,S WALNUT ST,E 2ND ST,,1500.0,S,39.00278637,-86.53363,LOCAL/CITY ROAD,N,URBAN,N,N,N,,DAYLIGHT,CLOUDY,DRY,,NO JUNCTION INVOLVED,STRAIGHT/LEVEL,ASPHALT,FOLLOWING TOO CLOSELY,REAR END,EAST2NDSTSOUTHWALNUTST,LANE CONTROL,2020-06-30 16:15:00
BLOOMINGTON PD,BLOOMINGTON,1,0.0,1.0,0.0,0,,,,S ROGERS ST,W 3RD ST,,,,39.16472,-86.538592,LOCAL/CITY ROAD,N,URBAN,N,N,N,,DARK (LIGHTED),CLEAR,DRY,,FOUR-WAY INTERSECTION,STRAIGHT/GRADE,ASPHALT,RAN OFF ROAD RIGHT,RAN OFF ROAD,SROGERSSTW3RDST,NONE,2020-06-30 21:38:00
BLOOMINGTON PD,BLOOMINGTON,2,0.0,0.0,0.0,0,,,,SR 45/46,N KINSER PIKE,,,,39.186544,-86.537888,STATE ROAD,N,URBAN,N,N,N,,DARK (LIGHTED),CLEAR,DRY,,FOUR-WAY INTERSECTION,STRAIGHT/LEVEL,ASPHALT,UNSAFE BACKING,BACKING CRASH,NKINSERPIKESR45E,TRAFFIC CONTROL SIGNAL,2020-06-30 22:26:00
ISP BLOOMINGTON 33,BLOOMINGTON,2,,0.0,0.0,0,,,,W JACOB DR,N GATES DR,,0.0,S,39.165622,-86.576002,COUNTY ROAD,,URBAN,N,N,N,,DAYLIGHT,CLEAR,DRY,,T-INTERSECTION,,ASPHALT,FOLLOWING TOO CLOSELY,REAR END,WJacobDrNGatesDr,,2020-07-01 13:54:00
MONROE SD,BLOOMINGTON,1,0.0,0.0,0.0,1,,,,SR 45,,,9730.0,E,39.15265,-86.37145538,STATE ROAD,N,RURAL,N,N,N,,DAYLIGHT,CLEAR,DRY,,NO JUNCTION INVOLVED,CURVE/LEVEL,ASPHALT,ANIMAL/OBJECT IN ROADWAY,COLLISION WITH DEER,SR45SR46,NONE,2020-07-01 19:46:00
INDIANA UNIV BLOOMINGTON PD,BLOOMINGTON,2,0.0,0.0,0.0,0,,,,SR 46,E EASTGATE LN (S),,100.0,S,39.15955406,-86.50155,STATE ROAD,N,URBAN,N,N,N,,DAYLIGHT,CLOUDY,DRY,,NO JUNCTION INVOLVED,STRAIGHT/LEVEL,ASPHALT,CELL PHONE USAGE,REAR END,EASTGATELNLNSR46N,LANE CONTROL,2020-07-01 20:45:00
MONROE SD,BLOOMINGTON,2,0.0,0.0,0.0,0,5885.0,,,S FAIRFAX RD,E RAYLETOWN RD,,,,39.092981,-86.516496,LOCAL/CITY ROAD,Y,RURAL,N,N,N,,DARK (NOT LIGHTED),CLEAR,DRY,,NO JUNCTION INVOLVED,STRAIGHT/LEVEL,ASPHALT,OTHER (ENVIRONMENTAL) - EXPLAIN IN NARR,OPPOSITE DIRECTION SIDESWIPE,SOUTHFAIRFAXRD,NONE,2020-07-01 23:00:00
MONROE SD,BLOOMINGTON,1,0.0,0.0,0.0,0,4390.0,,,N MAPLE GROVE RD,,,,,39.21130887,-86.56127406,LOCAL/CITY ROAD,Y,RURAL,N,N,N,,DARK (NOT LIGHTED),CLEAR,DRY,,NO JUNCTION INVOLVED,CURVE/LEVEL,ASPHALT,RAN OFF ROAD RIGHT,RAN OFF ROAD,NMAPLEGROVERD,NONE,2020-07-02 03:30:00
MONROE SD,BLOOMINGTON,1,0.0,0.0,0.0,0,,,,N UNION VALLEY RD,W LOST MANS LN,,,,39.22338,-86.59271,LOCAL/CITY ROAD,N,URBAN,N,N,N,,DARK (NOT LIGHTED),CLEAR,DRY,,NO JUNCTION INVOLVED,STRAIGHT/GRADE,ASPHALT,ANIMAL/OBJECT IN ROADWAY,RAN OFF ROAD,NUNIONVALLEYRDWLOSTMANSLN,LANE CONTROL,2020-07-02 03:41:00
BLOOMINGTON PD,BLOOMINGTON,2,0.0,1.0,0.0,0,,,,W 3RD ST,I-69,,,,0.0,0.0,LOCAL/CITY ROAD,Y,URBAN,N,N,N,,DAYLIGHT,CLEAR,DRY,,FOUR-WAY INTERSECTION,STRAIGHT/LEVEL,CONCRETE,FOLLOWING TOO CLOSELY,REAR END,I6937OPASW3RDST,TRAFFIC CONTROL SIGNAL,2020-07-02 17:09:00
MONROE SD,BLOOMINGTON,2,0.0,0.0,0.0,0,,,,N HARTSTRAIT RD,W WALCOTT LN,,,,39.201488,-86.611408,LOCAL/CITY ROAD,N,RURAL,N,N,N,,DAYLIGHT,CLEAR,DRY,,T-INTERSECTION,STRAIGHT/GRADE,ASPHALT,FAILURE TO YIELD RIGHT OF WAY,LEFT TURN,NHARTSTRAITRDWWALCOTTLN,NONE,2020-07-02 17:13:00
MONROE SD,BLOOMINGTON,2,0.0,0.0,0.0,0,,,,S ROGERS ST,W COUNTRY CLUB DR,,,,39.13608,-86.538096,LOCAL/CITY ROAD,N,URBAN,N,N,N,,DAYLIGHT,CLEAR,DRY,,FOUR-WAY INTERSECTION,STRAIGHT/GRADE,ASPHALT,FOLLOWING TOO CLOSELY,REAR END,COUNTRYCLUBDRROGERSST,TRAFFIC CONTROL SIGNAL,2020-07-02 17:50:00
BLOOMINGTON PD,BLOOMINGTON,2,0.0,0.0,0.0,0,3300.0,,,S O'DELL DR,,,,,39.12607283,-86.52959283,LOCAL/CITY ROAD,Y,URBAN,N,N,N,,DAYLIGHT,CLEAR,DRY,,NO JUNCTION INVOLVED,STRAIGHT/LEVEL,ASPHALT,,OPPOSITE DIRECTION SIDESWIPE,SODELLAPT1DR,NONE,2020-07-02 21:12:00
MONROE SD,BLOOMINGTON,1,0.0,0.0,0.0,1,,,,SR 37,S ZIKES RD,,,,39.049456,-86.535888,STATE ROAD,N,RURAL,N,N,N,,DARK (NOT LIGHTED),CLEAR,DRY,,T-INTERSECTION,STRAIGHT/GRADE,ASPHALT,ANIMAL/OBJECT IN ROADWAY,COLLISION WITH DEER,SR37SZIKESRD,NONE,2020-07-03 00:50:00
BLOOMINGTON PD,BLOOMINGTON,2,0.0,0.0,0.0,0,,,,S SMITH RD,SR 46,,,,39.16424,-86.480688,LOCAL/CITY ROAD,N,URBAN,N,N,Y,LANE CLOSURE,DAYLIGHT,CLEAR,DRY,,FOUR-WAY INTERSECTION,STRAIGHT/LEVEL,ASPHALT,UNSAFE BACKING,BACKING CRASH,E3RDSTSSMITHRD,TRAFFIC CONTROL SIGNAL,2020-07-03 13:09:00
BLOOMINGTON PD,BLOOMINGTON,2,0.0,0.0,0.0,0,,,,N GATES DR,W RUNKLE WAY,,,,39.16636,-86.57601,LOCAL/CITY ROAD,N,URBAN,N,N,N,,DAYLIGHT,CLEAR,DRY,,T-INTERSECTION,STRAIGHT/LEVEL,ASPHALT,FOLLOWING TOO CLOSELY,REAR END,NGATESDRWRUNKLEWAY,NONE,2020-07-03 14:20:00
INDIANA UNIV BLOOMINGTON PD,BLOOMINGTON,2,0.0,0.0,0.0,0,,,,E 3RD ST,S SWAIN AVE,,,,39.16425,-86.51526,LOCAL/CITY ROAD,N,URBAN,N,N,N,,DAYLIGHT,CLEAR,DRY,,T-INTERSECTION,STRAIGHT/GRADE,ASPHALT,UNSAFE LANE MOVEMENT,LEFT TURN,SWAINAVETHIRDST,NONE,2020-07-03 15:15:00
INDIANA UNIV BLOOMINGTON PD,BLOOMINGTON,2,0.0,0.0,0.0,0,,,,S COLLEGE MALL RD,E 2ND ST,,,,39.16094,-86.4977,LOCAL/CITY ROAD,N,URBAN,N,N,N,,DAWN/DUSK,CLEAR,DRY,,FOUR-WAY INTERSECTION,STRAIGHT/LEVEL,ASPHALT,DISREGARD SIGNAL/REG SIGN,REAR END,COLLEGEMALLRDSECONDST,TRAFFIC CONTROL SIGNAL,2020-07-03 20:05:00
BLOOMINGTON PD,BLOOMINGTON,1,0.0,0.0,0.0,0,2616.0,,,S LEONARD SPRINGS RD,W STAPLETON AVE,,,,39.13794,-86.582338,LOCAL/CITY ROAD,N,URBAN,N,N,N,,DAWN/DUSK,CLEAR,DRY,,NO JUNCTION INVOLVED,STRAIGHT/LEVEL,ASPHALT,RAN OFF ROAD RIGHT,RAN OFF ROAD,SOUTHLEONARDSPRINGSRD,NONE,2020-07-03 21:00:00
MONROE SD,BLOOMINGTON,2,0.0,0.0,0.0,0,,,,S WALNUT ST,W DILLMAN RD,,,,39.09296,-86.54416,STATE ROAD,N,RURAL,N,N,N,,DAYLIGHT,CLEAR,DRY,,FOUR-WAY INTERSECTION,STRAIGHT/GRADE,ASPHALT,DISREGARD SIGNAL/REG SIGN,RIGHT ANGLE,DILLMANRDSR37S,STOP SIGN,2020-07-04 12:06:00