Agency,City,Vehicles Involved,Trailers Involved,Number Injured,Number Dead,Number Deer,House Number,Roadway Interchange,Roadway Ramp,Roadway Id,Intersecting Road,Interchange,Feet From,Direction,Latitude,Longitude,Roadway Class,Hit and Run?,Locality,School Zone?,Rumble Strips?,Construction?,Construction Type,Light Condition,Weather Conditions,Surface Condition,Type of Median,Roadway Junction Type,Road Character,Roadway Surface,Primary Factor,Manner of Collision,Unique Location Id,Traffic Control,DateTime
BLOOMINGTON PD,BLOOMINGTON,2,0.0,0.0,0.0,0,,,,W KIRKWOOD AVE,N MAPLE ST,,,,39.16672,-86.542096,LOCAL/CITY ROAD,N,URBAN,N,N,N,,DAYLIGHT,CLEAR,DRY,,FOUR-WAY INTERSECTION,STRAIGHT/LEVEL,ASPHALT,FAILURE TO YIELD RIGHT OF WAY,RIGHT ANGLE,KIRKWOODAVEMAPLEST,STOP SIGN,2020-07-24 13:03:00
BLOOMINGTON PD,BLOOMINGTON,2,0.0,1.0,0.0,0,,,,W COUNTRY CLUB DR,S ROGERS ST,,,,39.13608,-86.538096,LOCAL/CITY ROAD,N,URBAN,N,N,N,,DAYLIGHT,CLEAR,DRY,,FOUR-WAY INTERSECTION,STRAIGHT/GRADE,ASPHALT,FAILURE TO YIELD RIGHT OF WAY,RIGHT ANGLE,SROGERSSTWCOUNTRYCLUBDR,TRAFFIC CONTROL SIGNAL,2020-07-24 15:35:00
BLOOMINGTON PD,BLOOMINGTON,3,0.0,1.0,0.0,0,,,,E MOORES PIKE,S CLARIZZ BLVD,,,,39.150326,-86.491312,LOCAL/CITY ROAD,N,URBAN,N,N,N,,DAYLIGHT,CLEAR,DRY,,FOUR-WAY INTERSECTION,STRAIGHT/LEVEL,CONCRETE,FOLLOWING TOO CLOSELY,REAR END,EASTMOORESPIKESOUTHCLARIZZBLVD,NONE,2020-07-24 18:36:00
MONROE SD,BLOOMINGTON,1,0.0,1.0,0.0,0,,,,S CURRY PIKE,SR 45,,50.0,N,39.142048,-86.582592,LOCAL/CITY ROAD,N,URBAN,N,N,N,,DARK (LIGHTED),CLEAR,DRY,,NO JUNCTION INVOLVED,STRAIGHT/GRADE,ASPHALT,RAN OFF ROAD RIGHT,RAN OFF ROAD,45HWYSCURRYPIKE,LANE CONTROL,2020-07-24 23:59:00
MONROE SD,BLOOMINGTON,2,0.0,0.0,0.0,0,,,,SR 46,S FRIENDSHIP RD,,,,39.153856,-86.406688,STATE ROAD,N,RURAL,N,N,N,,DAYLIGHT,CLEAR,DRY,,T-INTERSECTION,CURVE/GRADE,ASPHALT,FOLLOWING TOO CLOSELY,REAR END,FRIENDSHIPLNSR46W,NONE,2020-07-25 16:55:00
MONROE SD,BLOOMINGTON,2,0.0,0.0,0.0,0,,,,SR 45,S ISON RD,,,,39.127861,-86.606584,STATE ROAD,Y,RURAL,N,N,Y,INTERMITTENT OR MOVING WORK,DAYLIGHT,CLEAR,DRY,,T-INTERSECTION,STRAIGHT/GRADE,ASPHALT,FOLLOWING TOO CLOSELY,REAR END,ISONRDSR45W,NONE,2020-07-25 17:59:00
MONROE SD,BLOOMINGTON,1,0.0,0.0,0.0,1,,,,SR 37,W DILLMAN RD,,,,39.092976,-86.545648,STATE ROAD,N,RURAL,N,Y,N,,DARK (NOT LIGHTED),CLEAR,DRY,,FOUR-WAY INTERSECTION,STRAIGHT/LEVEL,ASPHALT,ANIMAL/OBJECT IN ROADWAY,COLLISION WITH DEER,SR37SWDILLMANRD,FLASHING OVERHEAD BEACON,2020-07-25 22:58:00
BLOOMINGTON PD,BLOOMINGTON,1,0.0,0.0,0.0,1,,,,SR 45/46,E MATLOCK RD,,,,39.186032,-86.51984,STATE ROAD,N,URBAN,N,N,N,,DARK (NOT LIGHTED),CLEAR,DRY,,FOUR-WAY INTERSECTION,STRAIGHT/LEVEL,ASPHALT,ANIMAL/OBJECT IN ROADWAY,COLLISION WITH DEER,NFEELNSR46W,TRAFFIC CONTROL SIGNAL,2020-07-26 00:23:00
MONROE SD,BLOOMINGTON,1,0.0,0.0,0.0,0,,,,E NORTHSHORE DR,,,825.0,W,0.0,0.0,LOCAL/CITY ROAD,N,RURAL,N,N,N,,DARK (NOT LIGHTED),CLEAR,DRY,,NO JUNCTION INVOLVED,CURVE/GRADE,ASPHALT,RAN OFF ROAD RIGHT,RAN OFF ROAD,ENORTHSHOREDRNNORTHBAYDR,LANE CONTROL,2020-07-26 04:22:00
ELLETTSVILLE PD,ELLETTSVILLE,2,0.0,0.0,0.0,0,,,,SR 46,N UNION VALLEY RD,,100.0,E,39.21496137,-86.59254583,STATE ROAD,N,URBAN,N,N,N,,DAYLIGHT,CLEAR,DRY,,FOUR-WAY INTERSECTION,STRAIGHT/GRADE,ASPHALT,FAILURE TO YIELD RIGHT OF WAY,RIGHT ANGLE,SR46WUNIONVALLEYRD,LANE CONTROL,2020-07-26 07:46:00
MONROE SD,BLOOMINGTON,1,0.0,0.0,0.0,0,,,,S WEIMER RD,,,400.0,S,39.11195442,-86.564334,LOCAL/CITY ROAD,N,RURAL,N,N,N,,DAYLIGHT,CLEAR,DRY,,NO JUNCTION INVOLVED,STRAIGHT/HILLCREST,ASPHALT,RAN OFF ROAD RIGHT,RAN OFF ROAD,SWEIMERRDWBLOOMFIELDRD,NONE,2020-07-26 14:10:00
ISP BLOOMINGTON 33,BLOOMINGTON,1,,0.0,0.0,0,,,,I-69 S,,,0.0,S,39.2108888,-86.55404753,INTERSTATE,,RURAL,N,N,N,,DAYLIGHT,CLEAR,DRY,,NO JUNCTION INVOLVED,,ASPHALT,,RAN OFF ROAD,I-69121.5,,2020-07-26 14:30:00
BLOOMINGTON PD,BLOOMINGTON,2,0.0,0.0,0.0,0,201.0,,,W 17TH ST,N COLLEGE AVE,,,,39.17896,-86.53472,UNKNOWN,Y,URBAN,N,N,N,,DAWN/DUSK,CLEAR,DRY,,NO JUNCTION INVOLVED,NON-ROADWAY CRASH,ASPHALT,OTHER (DRIVER) - EXPLAIN IN NARRATIVE,SAME DIRECTION SIDESWIPE,W17THST,NONE,2020-07-26 20:18:00
BLOOMINGTON PD,BLOOMINGTON,2,0.0,0.0,0.0,0,,,,W 2ND ST,S PATTERSON DR,,,,39.160737,-86.548536,LOCAL/CITY ROAD,N,URBAN,N,N,N,,DAYLIGHT,CLEAR,DRY,,FOUR-WAY INTERSECTION,STRAIGHT/GRADE,ASPHALT,DRIVER ILLNESS,SAME DIRECTION SIDESWIPE,2NDSTPATTERSONDR,LANE CONTROL,2020-07-27 07:11:00
ISP BLOOMINGTON 33,BLOOMINGTON,2,,0.0,0.0,0,,118,C,SR 48,I-69 S,,264.0,W,39.16453893,-86.57386304,STATE ROAD,,URBAN,N,N,N,,DAYLIGHT,CLEAR,DRY,,FOUR-WAY INTERSECTION,,ASPHALT,DISREGARD SIGNAL/REG SIGN,SAME DIRECTION SIDESWIPE,StateRd37SR48atI69-118-RAMPC,,2020-07-27 07:50:00
MONROE SD,BLOOMINGTON,2,0.0,0.0,0.0,0,,,,S HARMONY RD,W ELWREN RD,,,,39.108496,-86.6384,LOCAL/CITY ROAD,N,RURAL,N,N,N,,DAYLIGHT,CLEAR,DRY,,FOUR-WAY INTERSECTION,CURVE/LEVEL,ASPHALT,FAILURE TO YIELD RIGHT OF WAY,RIGHT ANGLE,SHARMONYRDWELWRENRD,STOP SIGN,2020-07-27 08:45:00
INDIANA UNIV BLOOMINGTON PD,BLOOMINGTON,2,0.0,1.0,0.0,0,,,,E ATWATER AVE,S HENDERSON ST,,,,39.163149,-86.5272662,LOCAL/CITY ROAD,N,URBAN,N,N,N,,DAYLIGHT,CLEAR,DRY,,FOUR-WAY INTERSECTION,STRAIGHT/LEVEL,ASPHALT,DISREGARD SIGNAL/REG SIGN,RIGHT ANGLE,ATWATERAVEHENDERSONST,TRAFFIC CONTROL SIGNAL,2020-07-27 13:15:00
MONROE SD,BLOOMINGTON,3,0.0,2.0,0.0,0,,,,W GORDON PIKE,ENTRANCE TO SOUTHCREST ESTATES,,400.0,E,39.12156724,-86.53768156,COUNTY ROAD,N,URBAN,N,N,N,,DAYLIGHT,CLEAR,DRY,,T-INTERSECTION,STRAIGHT/GRADE,ASPHALT,FAILURE TO YIELD RIGHT OF WAY,RIGHT ANGLE,GORDONPIKESOUTHROGERSRD,NONE,2020-07-27 16:59:00
MONROE SD,ELLETTSVILLE,2,0.0,0.0,0.0,0,,,,SR 46,N HARTSTRAIT RD,,1480.0,E,39.227624,-86.61604719,STATE ROAD,N,URBAN,N,N,N,,DAYLIGHT,CLOUDY,DRY,,NO JUNCTION INVOLVED,STRAIGHT/LEVEL,ASPHALT,FAILURE TO YIELD RIGHT OF WAY,LEFT TURN,NORTHHARTSTRAITRDSR46W,NONE,2020-07-28 07:15:00
MONROE SD,ELLETTSVILLE,2,0.0,0.0,0.0,0,,,,N MT TABOR RD,W DELAP RD,,,,39.252336,-86.620512,COUNTY ROAD,N,URBAN,N,N,N,,DAYLIGHT,CLEAR,DRY,,T-INTERSECTION,STRAIGHT/GRADE,ASPHALT,UNSAFE BACKING,BACKING CRASH,MTTABORRDWESTDELAPRD,STOP SIGN,2020-07-28 09:44:00
BLOOMINGTON PD,BLOOMINGTON,2,0.0,0.0,0.0,0,345.0,,,LONGVIEW MOBILE PARK,,,,,39.162515,-86.563497,UNKNOWN,N,URBAN,N,N,N,,DAYLIGHT,CLEAR,DRY,,NO JUNCTION INVOLVED,STRAIGHT/LEVEL,ASPHALT,OTHER (DRIVER) - EXPLAIN IN NARRATIVE,HEAD ON BETWEEN TWO MOTOR VEHICLES,SMULLERPKWY,NONE,2020-07-28 11:23:00
BLOOMINGTON PD,BLOOMINGTON,2,0.0,0.0,0.0,0,,,,W COUNTRY CLUB DR,B-LINE TRAIL,,400.0,W,39.135932,-86.53105638,LOCAL/CITY ROAD,Y,URBAN,N,N,N,,DAYLIGHT,CLEAR,DRY,,NO JUNCTION INVOLVED,STRAIGHT/GRADE,ASPHALT,FOLLOWING TOO CLOSELY,REAR END,SWALNUTSTWCOUNTRYCLUBDR,NONE,2020-07-28 16:45:00
INDIANA UNIV BLOOMINGTON PD,BLOOMINGTON,2,0.0,0.0,0.0,0,,,,E 11TH ST,N FEE LN,,,,39.173268,-86.5189,LOCAL/CITY ROAD,N,URBAN,N,N,N,,DAYLIGHT,CLEAR,DRY,,FOUR-WAY INTERSECTION,STRAIGHT/LEVEL,ASPHALT,IMPROPER TURNING,LEFT/RIGHT TURN,E11THSTFEELN,STOP SIGN,2020-07-28 17:50:00
MONROE SD,BLOOMINGTON,2,0.0,1.0,0.0,0,,,,SR 48,N PROFILE PKWY,,,,39.1647144,-86.5925659,COUNTY ROAD,N,RURAL,N,N,B,,DAWN/DUSK,CLEAR,DRY,,FOUR-WAY INTERSECTION,STRAIGHT/GRADE,ASPHALT,DRIVER DISTRACTED - EXPLAIN IN NARRATIVE,REAR END,PROFILEPKWYSTATERD48RD,FLASHING OVERHEAD BEACON,2020-07-28 21:05:00
BLOOMINGTON PD,BLOOMINGTON,2,0.0,0.0,0.0,0,888.0,,,SR 446,S HASTINGS DR,,75.0,N,39.16538969,-86.4715468,STATE ROAD,N,URBAN,N,N,N,,DAYLIGHT,CLEAR,DRY,,NO JUNCTION INVOLVED,STRAIGHT/LEVEL,ASPHALT,UNSAFE BACKING,BACKING CRASH,HASTINGSDRSR446S,NONE,2020-07-29 08:48:00
ISP BLOOMINGTON 33,BLOOMINGTON,2,,0.0,0.0,0,,35,D,SR 48,I-69 S,,700.0,W,39.1643632,-86.57395155,STATE ROAD,,URBAN,N,N,N,,DAYLIGHT,CLEAR,DRY,,INTERCHANGE,,ASPHALT,OTHER (DRIVER) - EXPLAIN IN NARRATIVE,REAR END,StateRd37SR48-035-RampD700'NWofI69,,2020-07-29 12:50:00
INDIANA UNIV BLOOMINGTON PD,BLOOMINGTON,2,0.0,0.0,0.0,0,,,,N WOODLAWN AVE,E 11TH ST,,,,39.173424,-86.523504,LOCAL/CITY ROAD,N,URBAN,N,N,N,,DAYLIGHT,CLEAR,DRY,,FOUR-WAY INTERSECTION,STRAIGHT/LEVEL,ASPHALT,FAILURE TO YIELD RIGHT OF WAY,RIGHT ANGLE,ELEVENTHSTWOODLAWNAVE,STOP SIGN,2020-07-29 19:09:00
ELLETTSVILLE PD,ELLETTSVILLE,2,0.0,0.0,0.0,0,,,,SR 46,W GRANT ST,,,,39.226352,-86.614192,STATE ROAD,N,URBAN,N,N,N,,DAYLIGHT,CLEAR,DRY,,NO JUNCTION INVOLVED,CURVE/GRADE,ASPHALT,FOLLOWING TOO CLOSELY,REAR END,SR46WTEMPERANCEST,STOP SIGN,2020-07-30 07:46:00
MONROE SD,BLOOMINGTON,1,0.0,0.0,0.0,0,,,,SR 48,,,1000.0,W,39.16898809,-86.66456348,STATE ROAD,N,RURAL,N,N,N,,DAYLIGHT,RAIN,WET,,NO JUNCTION INVOLVED,CURVE/LEVEL,ASPHALT,RAN OFF ROAD RIGHT,RAN OFF ROAD,SR48WWESTVERNALPIKE,NONE,2020-07-30 09:46:00
MONROE SD,BLOOMINGTON,1,0.0,0.0,0.0,0,,,,SR 48,,,2600.0,W,39.16858213,-86.67016955,STATE ROAD,N,RURAL,N,N,N,,DAYLIGHT,RAIN,WET,,NO JUNCTION INVOLVED,CURVE/LEVEL,ASPHALT,SPEED TOO FAST FOR WEATHER CONDITIONS,RAN OFF ROAD,SR48WWVERNALPIKE,NONE,2020-07-30 12:54:00
BLOOMINGTON PD,BLOOMINGTON,3,0.0,1.0,0.0,0,,,,SR 45,N PETE ELLIS DR,,,,39.171504,-86.495312,LOCAL/CITY ROAD,N,URBAN,N,N,N,,DAYLIGHT,RAIN,WET,,FOUR-WAY INTERSECTION,STRAIGHT/LEVEL,ASPHALT,FOLLOWING TOO CLOSELY,REAR END,E10THSTNPETEELLISDR,TRAFFIC CONTROL SIGNAL,2020-07-30 17:00:00
INDIANA UNIV BLOOMINGTON PD,BLOOMINGTON,1,0.0,0.0,0.0,1,,,,SR 45/46,N FEE LN,,,,39.1862418,-86.5275841,STATE ROAD,N,URBAN,N,N,N,,DAYLIGHT,RAIN,WET,,NO JUNCTION INVOLVED,STRAIGHT/LEVEL,ASPHALT,ANIMAL/OBJECT IN ROADWAY,COLLISION WITH DEER,MATLOCKRDSR46,NONE,2020-07-30 17:05:00
MONROE SD,BLOOMINGTON,1,0.0,0.0,0.0,0,,,,W AIRPORT RD,S KIRBY RD,,150.0,N,39.13685827,-86.61072085,COUNTY ROAD,N,RURAL,N,N,N,,DAYLIGHT,RAIN,WET,,NO JUNCTION INVOLVED,STRAIGHT/LEVEL,ASPHALT,ANIMAL/OBJECT IN ROADWAY,COLLISION WITH OBJECT IN ROAD,AIRPORTRDKIRBYRD,NONE,2020-07-30 18:02:00
BLOOMINGTON PD,BLOOMINGTON,2,0.0,0.0,0.0,0,,,,E WINSLOW RD,S WALNUT ST PIKE,,,,39.136144,-86.528688,LOCAL/CITY ROAD,N,URBAN,N,N,N,,DAYLIGHT,RAIN,WET,,NO JUNCTION INVOLVED,STRAIGHT/LEVEL,ASPHALT,FAILURE TO YIELD RIGHT OF WAY,RIGHT ANGLE,EWINSLOWRDSWALNUTSTREETPIKE,STOP SIGN,2020-07-30 18:25:00
ISP BLOOMINGTON 33,BLOOMINGTON,1,,0.0,0.0,0,,,,SR 48,,,0.0,S,39.16766472,-86.6586966,STATE ROAD,,RURAL,N,N,N,,DAYLIGHT,RAIN,WET,,NO JUNCTION INVOLVED,,CONCRETE,ANIMAL/OBJECT IN ROADWAY,COLLISION WITH OBJECT IN ROAD,W3rdSt,,2020-07-30 18:30:00
MONROE SD,BLOOMINGTON,1,0.0,0.0,0.0,0,,,,W ELWREN RD,,,2500.0,W,39.10835255,-86.65230476,COUNTY ROAD,N,RURAL,N,N,N,,DAYLIGHT,RAIN,WET,,NO JUNCTION INVOLVED,CURVE/GRADE,ASPHALT,SPEED TOO FAST FOR WEATHER CONDITIONS,RAN OFF ROAD,ELWRENRDSR45W,NONE,2020-07-30 19:36:00
ELLETTSVILLE PD,ELLETTSVILLE,1,0.0,1.0,0.0,0,,,,W MUSTANG DR,,,1200.0,E,39.232169,-86.63843096,LOCAL/CITY ROAD,N,URBAN,N,N,N,,DARK (NOT LIGHTED),CLEAR,DRY,,NO JUNCTION INVOLVED,STRAIGHT/LEVEL,ASPHALT,ANIMAL/OBJECT IN ROADWAY,COLLISION WITH OBJECT IN ROAD,WEDGEWOODDRWMUSTANGDR,NONE,2020-07-31 04:12:00
MONROE SD,BLOOMINGTON,2,0.0,0.0,0.0,0,,I69,S,SR 45/46,I-69 S,,,,0.0,0.0,STATE ROAD,Y,URBAN,N,Y,N,,DAWN/DUSK,CLEAR,DRY,,RAMP,CURVE/LEVEL,ASPHALT,UNSAFE LANE MOVEMENT,SAME DIRECTION SIDESWIPE,SR46W,NONE,2020-07-31 06:45:00
ELLETTSVILLE PD,ELLETTSVILLE,2,0.0,0.0,0.0,0,,,,SR 46,N MATTHEWS DR (S),,,,39.234768,-86.626384,STATE ROAD,N,URBAN,N,Y,N,,DAYLIGHT,CLEAR,DRY,,NO JUNCTION INVOLVED,STRAIGHT/GRADE,ASPHALT,IMPROPER TURNING,LEFT/RIGHT TURN,MATTHEWSDRSR46W,LANE CONTROL,2020-07-31 09:29:00
BLOOMINGTON PD,BLOOMINGTON,2,0.0,0.0,0.0,0,544.0,,,E GRAHAM PL,,,,,39.13943854,-86.5275533,UNKNOWN,N,URBAN,N,N,N,,DAYLIGHT,CLEAR,DRY,,NO JUNCTION INVOLVED,STRAIGHT/LEVEL,ASPHALT,UNSAFE BACKING,BACKING CRASH,GRAHAMPL,NONE,2020-07-31 10:25:00
BLOOMINGTON PD,BLOOMINGTON,2,0.0,0.0,0.0,0,,,,W BLOOMFIELD RD,S DOLIMAH AVE,,150.0,W,0.0,0.0,LOCAL/CITY ROAD,Y,URBAN,N,N,N,,DAYLIGHT,CLEAR,DRY,,NO JUNCTION INVOLVED,STRAIGHT/GRADE,ASPHALT,LEFT OF CENTER,OPPOSITE DIRECTION SIDESWIPE,SDOLIMAHAVEWBLOOMFIELDRD,NONE,2020-07-31 13:15:00
MONROE SD,BLOOMINGTON,2,0.0,0.0,0.0,0,,,,N SMITH PIKE,W NELSON LN,,100.0,N,39.199072,-86.583152,COUNTY ROAD,N,RURAL,N,N,N,,DAYLIGHT,CLOUDY,DRY,,T-INTERSECTION,STRAIGHT/LEVEL,ASPHALT,UNSAFE BACKING,BACKING CRASH,NSMITHPIKEWNELSONLN,NONE,2020-07-31 16:44:00
BLOOMINGTON PD,BLOOMINGTON,1,1.0,0.0,0.0,0,,,,W GOURLEY PIKE,N MONROE ST,,,,39.186459,-86.546732,LOCAL/CITY ROAD,N,URBAN,N,N,N,,DAYLIGHT,CLEAR,DRY,,FOUR-WAY INTERSECTION,STRAIGHT/LEVEL,CONCRETE,UNSAFE BACKING,OTHER - EXPLAIN IN NARRATIVE,NMONROESTWGOURLEYPIKE,NONE,2020-07-31 17:00:00
MONROE SD,BLOOMINGTON,1,0.0,0.0,0.0,1,,,,E POINTE RD,,,2500.0,W,39.032478,-86.48988977,COUNTY ROAD,N,RURAL,N,N,N,,DAYLIGHT,RAIN,WET,,NO JUNCTION INVOLVED,CURVE/GRADE,ASPHALT,ANIMAL/OBJECT IN ROADWAY,COLLISION WITH DEER,FAIRFAXRDPOINTERD,NONE,2020-07-31 19:14:00
BLOOMINGTON PD,BLOOMINGTON,2,0.0,0.0,0.0,0,,,,W 3RD ST (N),S PATTERSON DR,,,,39.1644,-86.55207,LOCAL/CITY ROAD,N,URBAN,N,N,N,,DARK (LIGHTED),RAIN,WET,,FOUR-WAY INTERSECTION,STRAIGHT/LEVEL,ASPHALT,FOLLOWING TOO CLOSELY,REAR END,SPATTERSONAVEW3RDST,TRAFFIC CONTROL SIGNAL,2020-07-31 21:43:00
MONROE SD,BLOOMINGTON,1,0.0,0.0,0.0,0,7593.0,,,S FAIRFAX RD,,,1000.0,S,39.068496,-86.50312,COUNTY ROAD,Y,RURAL,N,N,N,,DARK (NOT LIGHTED),CLEAR,DRY,,NO JUNCTION INVOLVED,STRAIGHT/GRADE,ASPHALT,RAN OFF ROAD RIGHT,RAN OFF ROAD,BERNICEDRSFAIRFAXRD,NONE,2020-07-31 22:30:00
MONROE SD,BLOOMINGTON,1,0.0,0.0,0.0,0,,,,SR 48,,,2600.0,W,39.16858213,-86.67016955,STATE ROAD,N,RURAL,N,N,N,,DAYLIGHT,RAIN,WET,,NO JUNCTION INVOLVED,CURVE/LEVEL,ASPHALT,SPEED TOO FAST FOR WEATHER CONDITIONS,RAN OFF ROAD,SR48WWVERNALPIKE,NONE,2020-08-01 12:50:00
MONROE SD,BLOOMINGTON,1,0.0,0.0,0.0,0,,,,S CAVE RD,SR 48,,,,39.164685,-86.597581,LOCAL/CITY ROAD,N,RURAL,N,N,N,,DAYLIGHT,CLOUDY,WET,,T-INTERSECTION,STRAIGHT/HILLCREST,ASPHALT,RAN OFF ROAD RIGHT,RAN OFF ROAD,CAVERDHWY48HWY,STOP SIGN,2020-08-01 14:27:00
MONROE SD,BLOOMINGTON,2,0.0,1.0,0.0,0,,,,SR 37,S WALNUT ST,,,,39.0834865,-86.541237,STATE ROAD,N,RURAL,N,N,N,,DAYLIGHT,RAIN,WET,,FOUR-WAY INTERSECTION,STRAIGHT/LEVEL,ASPHALT,DRIVER ILLNESS,REAR END,SR37WALNUTST,TRAFFIC CONTROL SIGNAL,2020-08-01 17:35:00
BLOOMINGTON PD,BLOOMINGTON,2,0.0,1.0,0.0,0,,,,E 12TH ST,N INDIANA AVE,,,,39.174368,-86.527088,LOCAL/CITY ROAD,N,URBAN,N,N,N,,DAYLIGHT,RAIN,WET,,NO JUNCTION INVOLVED,STRAIGHT/LEVEL,ASPHALT,FAILURE TO YIELD RIGHT OF WAY,OTHER - EXPLAIN IN NARRATIVE,E12THSTNINDIANAAVE,STOP SIGN,2020-08-01 18:45:00
BLOOMINGTON PD,BLOOMINGTON,2,0.0,0.0,0.0,0,,,,W 3RD ST,S CORY LN,,,,39.164544,-86.560096,LOCAL/CITY ROAD,N,URBAN,N,N,N,,DAYLIGHT,CLOUDY,WET,,FOUR-WAY INTERSECTION,STRAIGHT/LEVEL,ASPHALT,DISREGARD SIGNAL/REG SIGN,OTHER - EXPLAIN IN NARRATIVE,SCORYLNW3RDST,TRAFFIC CONTROL SIGNAL,2020-08-01 18:58:00
BLOOMINGTON PD,BLOOMINGTON,2,0.0,0.0,0.0,0,3216.0,,,KINGSTON DR S,ENTRANCE TO TARGET,,,,39.16424,-86.492944,LOCAL/CITY ROAD,N,URBAN,N,N,N,,DAYLIGHT,CLOUDY,WET,,T-INTERSECTION,STRAIGHT/LEVEL,ASPHALT,FAILURE TO YIELD RIGHT OF WAY,RIGHT ANGLE,3216EAST3RDSTSOUTHKINGSTONST,STOP SIGN,2020-08-01 19:10:00
MONROE SD,BLOOMINGTON,1,0.0,0.0,0.0,0,,,,N UNION VALLEY RD,W MCNEELY ST,,,,39.237494,-86.592763,LOCAL/CITY ROAD,N,RURAL,N,N,N,,DARK (LIGHTED),RAIN,WET,,NO JUNCTION INVOLVED,STRAIGHT/GRADE,ASPHALT,RAN OFF ROAD RIGHT,RAN OFF ROAD,NUNIONVALLEYRDWMCNEELYST,LANE CONTROL,2020-08-02 01:14:00
MONROE SD,BLOOMINGTON,1,0.0,0.0,0.0,0,,,,SR 48,,,1000.0,W,39.16898809,-86.66456348,STATE ROAD,N,RURAL,N,N,N,,DAYLIGHT,CLEAR,WET,,T-INTERSECTION,CURVE/LEVEL,ASPHALT,RAN OFF ROAD RIGHT,RAN OFF ROAD,SR48WWVERNALPIKE,NONE,2020-08-02 15:13:00
ISP BLOOMINGTON 33,BLOOMINGTON,2,,0.0,0.0,0,,,,E SMITHVILLE RD,SR 37,,53.0,E,39.07094426,-86.53595754,COUNTY ROAD,,RURAL,N,N,N,,DAYLIGHT,CLOUDY,WET,,FOUR-WAY INTERSECTION,,ASPHALT,FAILURE TO YIELD RIGHT OF WAY,REAR END,StateRd37ESmithvilleRd,,2020-08-02 19:30:00
MONROE SD,BLOOMINGTON,2,0.0,1.0,0.0,0,,,,I-69 N,,,5500.0,S,38.68274247,-86.5230964,INTERSTATE,N,RURAL,N,N,N,,DARK (NOT LIGHTED),CLOUDY,DRY,,NO JUNCTION INVOLVED,STRAIGHT/GRADE,ASPHALT,FAILURE TO YIELD RIGHT OF WAY,LEFT/RIGHT TURN,I69NSAMPLERD,NONE,2020-08-02 22:03:00
MONROE SD,ELLETTSVILLE,1,0.0,0.0,0.0,0,7629.0,,,N WOODALL RD,,,4000.0,N,39.261296,-86.583248,LOCAL/CITY ROAD,Y,RURAL,N,N,N,,DARK (NOT LIGHTED),CLEAR,DRY,,NO JUNCTION INVOLVED,CURVE/LEVEL,ASPHALT,RAN OFF ROAD RIGHT,RAN OFF ROAD,WDELAPRDWOODALLRDRD,NONE,2020-08-03 01:57:00
BLOOMINGTON PD,BLOOMINGTON,2,0.0,0.0,0.0,0,,,,S WALNUT ST,E 3RD ST,,,,39.16464,-86.5336,LOCAL/CITY ROAD,N,URBAN,N,N,N,,DARK (NOT LIGHTED),CLEAR,DRY,,T-INTERSECTION,STRAIGHT/GRADE,ASPHALT,DISREGARD SIGNAL/REG SIGN,RIGHT ANGLE,3RDSTWALNUTST,TRAFFIC CONTROL SIGNAL,2020-08-03 06:15:00
ELLETTSVILLE PD,ELLETTSVILLE,1,0.0,0.0,0.0,0,,,,SR 46,N RED HILL RD,,,,39.245744,-86.636896,STATE ROAD,N,URBAN,N,N,N,,DAYLIGHT,CLEAR,DRY,,FOUR-WAY INTERSECTION,CURVE/LEVEL,ASPHALT,OTHER (DRIVER) - EXPLAIN IN NARRATIVE,COLLISION WITH OBJECT IN ROAD,NORTHREDHILLRDSR46E,NONE,2020-08-03 06:15:00
MONROE SD,BLOOMINGTON,2,0.0,1.0,0.0,0,,,,SR 45,,,400.0,W,39.185571,-86.46880641,STATE ROAD,N,RURAL,N,N,N,,DAYLIGHT,CLEAR,DRY,,NO JUNCTION INVOLVED,STRAIGHT/LEVEL,ASPHALT,LEFT OF CENTER,SAME DIRECTION SIDESWIPE,NMTGILEADRDSR45E,NONE,2020-08-03 12:43:00
MONROE SD,BLOOMINGTON,1,0.0,0.0,0.0,0,5691.0,,,W BEDROCK RD,S FIELDSTONE BLVD,,,,39.157869,-86.60564,COUNTY ROAD,Y,RURAL,N,N,N,,DAYLIGHT,CLEAR,DRY,,NO JUNCTION INVOLVED,STRAIGHT/LEVEL,ASPHALT,OTHER (ENVIRONMENTAL) - EXPLAIN IN NARR,OTHER - EXPLAIN IN NARRATIVE,SFIELDSTONEBLVDWBEDROCKRD,STOP SIGN,2020-08-03 12:43:00
BLOOMINGTON PD,BLOOMINGTON,2,0.0,0.0,0.0,0,,,,N LINDBERGH DR,W 15TH ST,,,,39.176848,-86.552592,LOCAL/CITY ROAD,N,URBAN,N,N,N,,DAYLIGHT,CLEAR,DRY,,FOUR-WAY INTERSECTION,STRAIGHT/LEVEL,CONCRETE,UNSAFE LANE MOVEMENT,OPPOSITE DIRECTION SIDESWIPE,NORTHLINDBERGHDRWEST15THST,NONE,2020-08-03 13:24:00