Agency,City,Vehicles Involved,Trailers Involved,Number Injured,Number Dead,Number Deer,House Number,Roadway Interchange,Roadway Ramp,Roadway Id,Intersecting Road,Interchange,Feet From,Direction,Latitude,Longitude,Roadway Class,Hit and Run?,Locality,School Zone?,Rumble Strips?,Construction?,Construction Type,Light Condition,Weather Conditions,Surface Condition,Type of Median,Roadway Junction Type,Road Character,Roadway Surface,Primary Factor,Manner of Collision,Unique Location Id,Traffic Control,DateTime
BLOOMINGTON PD,BLOOMINGTON,2,0.0,1.0,0.0,0,,,,SR 48,S CURRY PIKE,,,,39.16465,-86.582939,LOCAL/CITY ROAD,N,URBAN,N,N,N,,DAYLIGHT,CLEAR,DRY,,FOUR-WAY INTERSECTION,STRAIGHT/LEVEL,CONCRETE,DISREGARD SIGNAL/REG SIGN,RIGHT ANGLE,SCURRYPIKEW3RDST,TRAFFIC CONTROL SIGNAL,2020-08-14 19:16:00
BLOOMINGTON PD,BLOOMINGTON,4,0.0,1.0,0.0,0,,,,W 17TH ST,N KINSER PIKE,,,,39.178992,-86.537792,LOCAL/CITY ROAD,N,URBAN,N,N,N,,DARK (LIGHTED),CLEAR,DRY,,FOUR-WAY INTERSECTION,STRAIGHT/LEVEL,ASPHALT,UNSAFE SPEED,REAR END,NKINSERPIKEW17THST,TRAFFIC CONTROL SIGNAL,2020-08-14 22:31:00
MONROE SD,BLOOMINGTON,1,0.0,1.0,0.0,0,,,,S FAIRFAX RD,E BERNICE DR,,,,39.068364,-86.503139,COUNTY ROAD,N,RURAL,N,N,N,,DAYLIGHT,CLEAR,DRY,,T-INTERSECTION,STRAIGHT/GRADE,ASPHALT,RAN OFF ROAD RIGHT,RAN OFF ROAD,EBERNICEDRSOUTHFAIRFAXRD,NONE,2020-08-15 15:03:00
MONROE SD,BLOOMINGTON,2,0.0,0.0,0.0,0,,,,SR 37,E MONROE DAM RD,,300.0,N,39.0208619,-86.53595367,STATE ROAD,N,RURAL,N,Y,N,,DAYLIGHT,CLEAR,DRY,,NO JUNCTION INVOLVED,STRAIGHT/GRADE,ASPHALT,OTHER (VEHICLE) - EXPLAIN IN NARRATIVE,OTHER - EXPLAIN IN NARRATIVE,EMONROEDAMRDSR37S,NONE,2020-08-15 17:45:00
BLOOMINGTON PD,BLOOMINGTON,3,0.0,0.0,0.0,0,,,,S WASHINGTON ST,E 4TH ST,,70.0,N,39.16584026,-86.5324,LOCAL/CITY ROAD,Y,URBAN,N,N,N,,DARK (LIGHTED),CLEAR,DRY,,NO JUNCTION INVOLVED,STRAIGHT/LEVEL,ASPHALT,IMPROPER LANE USAGE,SAME DIRECTION SIDESWIPE,4THSTWASHINGTONST,LANE CONTROL,2020-08-16 02:30:00
MONROE SD,BLOOMINGTON,2,0.0,1.0,0.0,0,,,,SR 46,N LOWER BIRDIE GALYAN RD,,500.0,E,39.162654,-86.4133922,STATE ROAD,N,RURAL,N,N,N,,DAYLIGHT,CLEAR,DRY,,NO JUNCTION INVOLVED,CURVE/LEVEL,ASPHALT,OTHER (ENVIRONMENTAL) - EXPLAIN IN NARR,REAR END,NLOWERBIRDIEGALYANRDSR46E,NO PASSING ZONE,2020-08-16 15:09:00
BLOOMINGTON PD,BLOOMINGTON,2,0.0,0.0,0.0,0,,,,SR 48,S CURRY PIKE,,100.0,W,39.16465,-86.58293034,LOCAL/CITY ROAD,N,URBAN,N,N,N,,DAYLIGHT,CLEAR,DRY,,FOUR-WAY INTERSECTION,STRAIGHT/LEVEL,ASPHALT,FAILURE TO YIELD RIGHT OF WAY,RIGHT ANGLE,SCURRYPIKEW3RDST,TRAFFIC CONTROL SIGNAL,2020-08-16 16:30:00
MONROE SD,BLOOMINGTON,1,0.0,1.0,0.0,0,,,,SR 45,,,500.0,E,39.23980194,-86.38625713,STATE ROAD,N,RURAL,N,N,N,,DAYLIGHT,CLEAR,DRY,,NO JUNCTION INVOLVED,CURVE/LEVEL,ASPHALT,RAN OFF ROAD RIGHT,RAN OFF ROAD,NORTHRICHARDSONRDSR45E,NONE,2020-08-16 16:40:00
BLOOMINGTON PD,BLOOMINGTON,2,0.0,1.0,0.0,0,,,,E MAXWELL LN,S FESS AVE,,,,39.157936,-86.525888,LOCAL/CITY ROAD,N,URBAN,N,N,N,,DAYLIGHT,CLEAR,DRY,,FOUR-WAY INTERSECTION,STRAIGHT/GRADE,ASPHALT,FAILURE TO YIELD RIGHT OF WAY,RIGHT ANGLE,FESSAVEMAXWELLLN,STOP SIGN,2020-08-17 08:58:00
INDIANA UNIV BLOOMINGTON PD,BLOOMINGTON,1,0.0,0.0,0.0,0,,,,E 10TH ST,N FEE LN,,,,39.171606,-86.519002,LOCAL/CITY ROAD,N,URBAN,N,N,N,,DAYLIGHT,CLEAR,DRY,,T-INTERSECTION,STRAIGHT/LEVEL,ASPHALT,ROADWAY SURFACE CONDITION,COLLISION WITH OBJECT IN ROAD,FEELNTENTHST,TRAFFIC CONTROL SIGNAL,2020-08-17 10:00:00
INDIANA UNIV BLOOMINGTON PD,BLOOMINGTON,1,0.0,1.0,0.0,0,801.0,,,SR 45/46,ENTRANCE TO IU PARKING LOT 11,,,,39.18758717,-86.52442033,LOCAL/CITY ROAD,N,URBAN,N,N,N,,DAYLIGHT,CLEAR,DRY,,T-INTERSECTION,STRAIGHT/LEVEL,CONCRETE,FAILURE TO YIELD RIGHT OF WAY,RIGHT TURN,ESTATEROAD4546RD,NONE,2020-08-17 10:55:00
BLOOMINGTON PD,BLOOMINGTON,2,0.0,0.0,0.0,0,1400.0,,,E ATWATER AVE,,,,,39.16283,-86.515778,LOCAL/CITY ROAD,Y,URBAN,N,N,N,,UNKNOWN,CLEAR,DRY,,FOUR-WAY INTERSECTION,STRAIGHT/LEVEL,GRAVEL,OVERCORRECTING/OVERSTEERING,SAME DIRECTION SIDESWIPE,EATWATERDR,NONE,2020-08-17 11:00:00
MONROE SD,BLOOMINGTON,2,0.0,2.0,0.0,0,,,,SR 46,S TWINLEAF TRACE,,,,0.0,0.0,STATE ROAD,N,URBAN,N,N,N,,DAYLIGHT,CLEAR,DRY,,T-INTERSECTION,STRAIGHT/LEVEL,ASPHALT,FOLLOWING TOO CLOSELY,RIGHT TURN,SR46ETWINLEAFLN,NONE,2020-08-17 11:13:00
BLOOMINGTON PD,BLOOMINGTON,2,0.0,2.0,0.0,0,,,,SR 48,ENTRANCE TO KROGER FUEL CENTER,,200.0,W,39.164606,-86.57911368,LOCAL/CITY ROAD,N,URBAN,N,N,N,,DAYLIGHT,CLEAR,DRY,,NO JUNCTION INVOLVED,STRAIGHT/LEVEL,ASPHALT,FAILURE TO YIELD RIGHT OF WAY,LEFT TURN,SLIBERTYDRW3RDST,NONE,2020-08-17 15:40:00
BLOOMINGTON PD,BLOOMINGTON,2,0.0,1.0,0.0,0,,,,W COUNTRY CLUB DR,S WALNUT ST,,,,39.135932,-86.531091,LOCAL/CITY ROAD,N,URBAN,Y,N,N,,DARK (LIGHTED),CLOUDY,DRY,,FOUR-WAY INTERSECTION,STRAIGHT/GRADE,ASPHALT,FOLLOWING TOO CLOSELY,REAR END,COUNTRYCLUBDRWALNUTST,TRAFFIC CONTROL SIGNAL,2020-08-17 21:54:00
INDIANA UNIV BLOOMINGTON PD,BLOOMINGTON,2,0.0,1.0,0.0,0,,,,N WALNUT ST,E 10TH ST,,,,39.171653,-86.533578,LOCAL/CITY ROAD,N,URBAN,N,N,N,,DARK (LIGHTED),CLEAR,DRY,,FOUR-WAY INTERSECTION,STRAIGHT/LEVEL,ASPHALT,FAILURE TO YIELD RIGHT OF WAY,RIGHT ANGLE,TENTHSTWALNUTST,TRAFFIC CONTROL SIGNAL,2020-08-18 00:20:00
MONROE SD,BLOOMINGTON,1,0.0,0.0,0.0,0,,,,E MONROE DAM CT,E MONROE DAM RD,,,,39.010368,-86.507216,LOCAL/CITY ROAD,N,RURAL,N,N,N,,DARK (NOT LIGHTED),CLEAR,DRY,,T-INTERSECTION,CURVE/LEVEL,ASPHALT,UNSAFE SPEED,RAN OFF ROAD,EMONROEDAMCTEMONROEDAMRD,LANE CONTROL,2020-08-18 00:40:00
MONROE SD,BLOOMINGTON,1,0.0,0.0,0.0,0,6915.0,,,SR 45,E COX DR,,,,39.21936967,-86.44920774,STATE ROAD,N,RURAL,N,N,N,,DARK (NOT LIGHTED),CLEAR,DRY,,NO JUNCTION INVOLVED,CURVE/LEVEL,ASPHALT,UNSAFE SPEED,RAN OFF ROAD,SR45E,LANE CONTROL,2020-08-18 05:58:00
INDIANA UNIV BLOOMINGTON PD,BLOOMINGTON,1,0.0,1.0,0.0,0,,,,E 10TH ST,N JEFFERSON ST,,,,0.0,0.0,LOCAL/CITY ROAD,N,URBAN,N,N,N,,DAWN/DUSK,RAIN,WET,,T-INTERSECTION,STRAIGHT/GRADE,ASPHALT,FAILURE TO YIELD RIGHT OF WAY,LEFT TURN,JEFFERSONSTUNIONVILLERD,NONE,2020-08-18 06:55:00
BLOOMINGTON PD,BLOOMINGTON,3,0.0,0.0,0.0,0,,,,KINGSTON DR S,ENTRY DRIVE TO OLD KMART,,150.0,S,39.16424,-86.492944,LOCAL/CITY ROAD,N,URBAN,N,N,N,,DAYLIGHT,RAIN,WET,,FOUR-WAY INTERSECTION,STRAIGHT/LEVEL,ASPHALT,FAILURE TO YIELD RIGHT OF WAY,RIGHT ANGLE,E3RDSTSKINGSTONDR,STOP SIGN,2020-08-18 14:03:00
MONROE SD,BLOOMINGTON,2,0.0,0.0,0.0,0,,,,S ROGERS ST,ENTRANCE TO POST OFFICE (CLEAR CREEK),,1000.0,S,39.11464,-86.539392,LOCAL/CITY ROAD,N,RURAL,N,N,N,,DAYLIGHT,CLOUDY,WET,,NO JUNCTION INVOLVED,STRAIGHT/GRADE,ASPHALT,UNSAFE BACKING,BACKING CRASH,SOUTHROGERSSTWESTTHATRD,NONE,2020-08-18 14:08:00
ISP BLOOMINGTON 33,BLOOMINGTON,2,,0.0,0.0,0,,,,SR 37,,,0.0,S,39.0649617,-86.53637155,STATE ROAD,,RURAL,N,N,N,,DAYLIGHT,CLOUDY,DRY,,NO JUNCTION INVOLVED,,ASPHALT,,RIGHT ANGLE,App.1500ftSofSmithvilleRd,,2020-08-18 16:26:00
ISP BLOOMINGTON 33,BLOOMINGTON,2,,0.0,0.0,0,,,,N WALNUT ST,SR 45/46,,0.0,S,39.186313,-86.534508,LOCAL/CITY ROAD,,URBAN,N,N,N,,DAYLIGHT,CLEAR,DRY,,FOUR-WAY INTERSECTION,,CONCRETE,UNSAFE SPEED,REAR END,NWalnutStEMattlockRd,,2020-08-18 16:39:00
MONROE SD,BLOOMINGTON,1,0.0,0.0,0.0,0,,,,E POINTE RD,S FAIRFAX RD,,200.0,W,0.0,0.0,LOCAL/CITY ROAD,N,RURAL,N,N,N,,DAWN/DUSK,CLEAR,DRY,,T-INTERSECTION,STRAIGHT/GRADE,CONCRETE,UNSAFE SPEED,RAN OFF ROAD,EPOINTRDSFAIRFAXRD,NONE,2020-08-18 20:14:00
ISP BLOOMINGTON 33,BLOOMINGTON,2,,0.0,0.0,0,,,,SR 46,,,475.0,W,39.15199224,-86.40120471,STATE ROAD,,RURAL,N,N,Y,LANE CLOSURE,DAYLIGHT,CLEAR,DRY,,NO JUNCTION INVOLVED,,ASPHALT,UNSAFE SPEED,REAR END,StateRd46EKentRd,,2020-08-19 08:45:00
BLOOMINGTON PD,BLOOMINGTON,2,0.0,2.0,0.0,0,,,,W PATTERSON DR,SERVICE ROAD TO SOCIAL SECURITY OFFICE,,200.0,E,39.153819,-86.5411143,LOCAL/CITY ROAD,N,URBAN,N,N,N,,DAYLIGHT,CLEAR,DRY,,NO JUNCTION INVOLVED,STRAIGHT/LEVEL,ASPHALT,LEFT OF CENTER,SAME DIRECTION SIDESWIPE,FAIRVIEWSTPATTERSONDR,LANE CONTROL,2020-08-19 08:54:00
BLOOMINGTON PD,BLOOMINGTON,2,0.0,0.0,0.0,0,,,,E 3RD ST,S SWAIN AVE,,50.0,E,39.16424,-86.5150236,LOCAL/CITY ROAD,N,URBAN,N,N,N,,DAYLIGHT,CLEAR,DRY,,NO JUNCTION INVOLVED,STRAIGHT/GRADE,ASPHALT,IMPROPER TURNING,LEFT TURN,3RDSTSWAINAVE,NONE,2020-08-19 09:05:00
BLOOMINGTON PD,BLOOMINGTON,3,0.0,0.0,0.0,0,,,,W 3RD ST,S WESTPLEX AVE,,,,39.164394,-86.5539028,LOCAL/CITY ROAD,N,URBAN,N,N,N,,DAYLIGHT,CLEAR,DRY,,NO JUNCTION INVOLVED,STRAIGHT/LEVEL,ASPHALT,DRIVER DISTRACTED - EXPLAIN IN NARRATIVE,REAR END,W3RDSTWESTPLEXAVE,NONE,2020-08-19 09:58:00
BLOOMINGTON PD,BLOOMINGTON,2,0.0,0.0,0.0,0,,,,SR 46,S SMITH RD,,200.0,E,39.16424,-86.480688,LOCAL/CITY ROAD,N,URBAN,N,N,N,,DAYLIGHT,CLEAR,DRY,,NO JUNCTION INVOLVED,STRAIGHT/GRADE,ASPHALT,FOLLOWING TOO CLOSELY,REAR END,E3RDSTSSMITHRD,LANE CONTROL,2020-08-19 12:35:00
INDIANA UNIV BLOOMINGTON PD,BLOOMINGTON,3,0.0,0.0,0.0,0,,,,SR 45/46,E 10TH ST,,300.0,N,0.0,0.0,STATE ROAD,Y,URBAN,Y,N,N,,DAYLIGHT,CLEAR,DRY,,NO JUNCTION INVOLVED,STRAIGHT/LEVEL,ASPHALT,FOLLOWING TOO CLOSELY,REAR END,10THSTSR46S,NONE,2020-08-19 14:38:00
MONROE SD,BLOOMINGTON,2,0.0,0.0,0.0,0,,,,SR 46,E OLD SR 46,,221.0,E,39.153939,-86.40683809,STATE ROAD,N,RURAL,N,N,Y,LANE CLOSURE,DAYLIGHT,CLEAR,DRY,,NO JUNCTION INVOLVED,CURVE/LEVEL,ASPHALT,FOLLOWING TOO CLOSELY,REAR END,OLDSTATEROAD46RDSR46E,OFFICER/CROSSING GUARD/FLAGMAN,2020-08-19 14:40:00
BLOOMINGTON PD,BLOOMINGTON,2,0.0,0.0,0.0,0,,,,W 2ND ST,B-LINE TRAIL / S MORTON ST,,,,39.161378,-86.536299,LOCAL/CITY ROAD,N,URBAN,N,N,N,,DAYLIGHT,CLEAR,DRY,,FOUR-WAY INTERSECTION,STRAIGHT/LEVEL,ASPHALT,FOLLOWING TOO CLOSELY,REAR END,2NDSTMORTONST,LANE CONTROL,2020-08-20 11:35:00
MONROE SD,BLOOMINGTON,2,0.0,0.0,0.0,0,,,,W TULIP ST,,,250.0,W,39.213744,-86.6304,COUNTY ROAD,N,RURAL,N,N,N,,DAYLIGHT,CLEAR,DRY,,NO JUNCTION INVOLVED,STRAIGHT/GRADE,ASPHALT,UNSAFE BACKING,BACKING CRASH,NTHOMASRDWTULIPRD,NONE,2020-08-20 13:01:00
BLOOMINGTON PD,BLOOMINGTON,2,0.0,0.0,0.0,0,,,,E 2ND ST,S COLLEGE MALL RD,,,,39.1609319,-86.4977835,LOCAL/CITY ROAD,N,URBAN,N,N,N,,DAYLIGHT,CLEAR,DRY,,FOUR-WAY INTERSECTION,STRAIGHT/GRADE,ASPHALT,IMPROPER TURNING,RIGHT TURN,2NDSTCOLLEGEMALLRD,TRAFFIC CONTROL SIGNAL,2020-08-20 13:12:00
INDIANA UNIV BLOOMINGTON PD,BLOOMINGTON,2,0.0,0.0,0.0,0,,,,S SWAIN AVE,E 3RD ST,,,,39.164261,-86.515275,LOCAL/CITY ROAD,N,URBAN,N,N,N,,DAYLIGHT,CLEAR,DRY,,T-INTERSECTION,STRAIGHT/LEVEL,ASPHALT,IMPROPER TURNING,LEFT TURN,SWAINAVETHIRDST,NONE,2020-08-20 13:26:00
BLOOMINGTON PD,BLOOMINGTON,1,0.0,1.0,0.0,0,,,,S WASHINGTON ST,ALLEY,,300.0,N,39.1930787,-86.532394,LOCAL/CITY ROAD,N,URBAN,N,N,N,,DAYLIGHT,CLEAR,DRY,,NO JUNCTION INVOLVED,STRAIGHT/LEVEL,ASPHALT,WRONG WAY ON ONE WAY,RIGHT TURN,E2NDSTSWASHINGTONST,NONE,2020-08-20 13:53:00
INDIANA UNIV BLOOMINGTON PD,BLOOMINGTON,2,0.0,0.0,0.0,0,,,,SR 45/46,E DISCOVERY PKWY,,150.0,S,39.16981845,-86.51793689,STATE ROAD,N,URBAN,N,N,N,,DAYLIGHT,CLEAR,DRY,,NO JUNCTION INVOLVED,STRAIGHT/LEVEL,ASPHALT,UNSAFE LANE MOVEMENT,REAR END,DISCOVERYPKWYSR46E,NONE,2020-08-20 15:10:00
BLOOMINGTON PD,BLOOMINGTON,2,0.0,0.0,0.0,0,,,,W JACOB DR,N GATES DR,,,,0.0,0.0,LOCAL/CITY ROAD,Y,URBAN,N,N,N,,DAYLIGHT,CLEAR,DRY,,T-INTERSECTION,STRAIGHT/LEVEL,ASPHALT,FOLLOWING TOO CLOSELY,REAR END,NGATESDRNJACOBSDR,STOP SIGN,2020-08-20 15:45:00
BLOOMINGTON PD,BLOOMINGTON,2,0.0,0.0,0.0,0,,,,S COLLEGE MALL RD,E 2ND ST,,,,39.1609338,-86.4976546,LOCAL/CITY ROAD,N,URBAN,N,N,N,,DAYLIGHT,CLEAR,DRY,,FOUR-WAY INTERSECTION,STRAIGHT/LEVEL,ASPHALT,FAILURE TO YIELD RIGHT OF WAY,LEFT TURN,E2NDSTSCOLLEGEMALLRD,TRAFFIC CONTROL SIGNAL,2020-08-20 16:34:00
MONROE SD,BLOOMINGTON,1,0.0,1.0,0.0,0,,,,SR 37,E SMITHVILLE RD,,1000.0,S,39.06830953,-86.5356351,STATE ROAD,N,RURAL,N,Y,N,,DAYLIGHT,CLEAR,DRY,,NO JUNCTION INVOLVED,STRAIGHT/LEVEL,ASPHALT,RAN OFF ROAD RIGHT,RAN OFF ROAD,ESMITHVILLERDSR37S,LANE CONTROL,2020-08-20 18:13:00
MONROE SD,BLOOMINGTON,1,0.0,0.0,0.0,0,,,,S ROGERS ST,W WALLS DR,,100.0,S,39.12357778,-86.538381,COUNTY ROAD,Y,URBAN,N,N,N,,DAYLIGHT,CLEAR,DRY,,T-INTERSECTION,STRAIGHT/GRADE,ASPHALT,LEFT OF CENTER,,ROGERSSTWALLSDR,NONE,2020-08-20 18:40:00
INDIANA UNIV BLOOMINGTON PD,BLOOMINGTON,2,0.0,0.0,0.0,0,,,,SR 45/46,E 17TH ST,,,,39.1798375,-86.5071788,STATE ROAD,Y,URBAN,N,N,N,,DAYLIGHT,CLEAR,DRY,,T-INTERSECTION,STRAIGHT/LEVEL,ASPHALT,LEFT OF CENTER,SAME DIRECTION SIDESWIPE,EAST17THSTSR46,TRAFFIC CONTROL SIGNAL,2020-08-20 19:50:00
BLOOMINGTON PD,BLOOMINGTON,2,0.0,0.0,0.0,0,,,,S SARE RD,E ROGERS RD,,,,39.1356663,-86.4966673,LOCAL/CITY ROAD,N,URBAN,N,N,N,,DARK (NOT LIGHTED),CLEAR,DRY,,TRAFFIC CIRCLE/ROUNDABOUT,CURVE/LEVEL,ASPHALT,FAILURE TO YIELD RIGHT OF WAY,RIGHT ANGLE,EASTROGERSRDSOUTHSARERD,YIELD SIGN,2020-08-20 21:10:00
BLOOMINGTON PD,BLOOMINGTON,2,0.0,0.0,0.0,0,,,,W 17TH ST,N COLLEGE AVE,,,,39.17896,-86.53472,LOCAL/CITY ROAD,N,URBAN,N,N,N,,DARK (LIGHTED),CLEAR,DRY,,FOUR-WAY INTERSECTION,STRAIGHT/GRADE,ASPHALT,DISREGARD SIGNAL/REG SIGN,RIGHT ANGLE,NCOLLEGEAVEW17THST,TRAFFIC CONTROL SIGNAL,2020-08-21 05:50:00
BLOOMINGTON PD,BLOOMINGTON,1,0.0,0.0,0.0,0,401.0,,,B-LINE TRAIL,,,,,39.170321,-86.536926,UNKNOWN,N,URBAN,N,N,N,,DAYLIGHT,CLEAR,DRY,,NO JUNCTION INVOLVED,STRAIGHT/LEVEL,OTHER - EXPLAIN IN NARRATIVE,OTHER (DRIVER) - EXPLAIN IN NARRATIVE,OTHER - EXPLAIN IN NARRATIVE,NMORTONST,NONE,2020-08-21 11:44:00
BLOOMINGTON PD,BLOOMINGTON,2,0.0,0.0,0.0,0,,,,S WALNUT ST,W 1ST ST,,,,39.17784,-86.533408,LOCAL/CITY ROAD,N,URBAN,N,N,N,,DAYLIGHT,CLEAR,DRY,,FOUR-WAY INTERSECTION,STRAIGHT/LEVEL,CONCRETE,UNSAFE LANE MOVEMENT,LEFT TURN,E1STSTSWALNUTST,TRAFFIC CONTROL SIGNAL,2020-08-21 13:18:00
BLOOMINGTON PD,BLOOMINGTON,2,0.0,0.0,0.0,0,,,,W 3RD ST,S KIMBLE DR,,,,39.16464,-86.568,LOCAL/CITY ROAD,N,URBAN,N,N,N,,DAYLIGHT,CLEAR,DRY,,FOUR-WAY INTERSECTION,STRAIGHT/LEVEL,CONCRETE,FAILURE TO YIELD RIGHT OF WAY,LEFT TURN,SOUTHKIMBLEDRWEST3RDST,TRAFFIC CONTROL SIGNAL,2020-08-21 13:30:00
ISP BLOOMINGTON 33,BLOOMINGTON,2,,0.0,0.0,0,,,,SR 46,N DUBLIN DR,,0.0,S,39.16468162,-86.44997196,STATE ROAD,,RURAL,N,N,N,,DAYLIGHT,CLEAR,DRY,,NO JUNCTION INVOLVED,,ASPHALT,FOLLOWING TOO CLOSELY,REAR END,StateRd46,,2020-08-21 13:50:00
BLOOMINGTON PD,BLOOMINGTON,2,0.0,1.0,0.0,0,,,,SR 48,ENTRANCE TO KROGER FUEL CENTER,,300.0,W,39.164606,-86.57910502,LOCAL/CITY ROAD,N,URBAN,N,N,N,,DAYLIGHT,CLEAR,DRY,,NO JUNCTION INVOLVED,STRAIGHT/GRADE,ASPHALT,FAILURE TO YIELD RIGHT OF WAY,RIGHT ANGLE,SLIBERTYDRW3RDST,NONE,2020-08-21 14:05:00
BLOOMINGTON PD,BLOOMINGTON,2,0.0,0.0,0.0,0,,,,SR 46,S SMITH RD,,300.0,E,39.16424,-86.480688,LOCAL/CITY ROAD,N,URBAN,N,N,N,,DAYLIGHT,CLEAR,DRY,,NO JUNCTION INVOLVED,STRAIGHT/LEVEL,ASPHALT,FOLLOWING TOO CLOSELY,REAR END,E3RDSTSSMITHRD,NONE,2020-08-21 17:30:00
INDIANA UNIV BLOOMINGTON PD,BLOOMINGTON,2,0.0,0.0,0.0,0,,,,E 3RD ST,S FACULTY AVE,,,,39.164251,-86.521079,LOCAL/CITY ROAD,N,URBAN,N,N,N,,DAYLIGHT,CLEAR,DRY,,T-INTERSECTION,STRAIGHT/LEVEL,ASPHALT,OTHER (VEHICLE) - EXPLAIN IN NARRATIVE,SAME DIRECTION SIDESWIPE,FACULTYAVETHIRDST,NONE,2020-08-21 19:30:00
INDIANA UNIV BLOOMINGTON PD,BLOOMINGTON,2,0.0,0.0,0.0,0,,,,SR 45/46,E 17TH ST,,,,39.1798375,-86.5071788,STATE ROAD,N,URBAN,N,N,N,,DAWN/DUSK,CLEAR,DRY,,T-INTERSECTION,STRAIGHT/LEVEL,ASPHALT,DRIVER DISTRACTED - EXPLAIN IN NARRATIVE,REAR END,EAST17THSTSR46,TRAFFIC CONTROL SIGNAL,2020-08-21 19:32:00
ISP BLOOMINGTON 33,ELLETTSVILLE,1,,0.0,0.0,0,,,,N HARTSTRAIT RD,,,792.0,N,39.22188889,-86.6132442,COUNTY ROAD,,URBAN,N,N,N,,DARK (NOT LIGHTED),CLEAR,DRY,,NO JUNCTION INVOLVED,,ASPHALT,OVERCORRECTING/OVERSTEERING,RAN OFF ROAD,WHarbisonRdNHartstraitRd,,2020-08-21 21:05:00
BLOOMINGTON PD,BLOOMINGTON,2,0.0,1.0,0.0,0,,,,W 3RD ST,I-69 S,,,,0.0,0.0,LOCAL/CITY ROAD,N,URBAN,N,N,N,,DARK (LIGHTED),CLEAR,DRY,,NO JUNCTION INVOLVED,STRAIGHT/LEVEL,ASPHALT,FAILURE TO YIELD RIGHT OF WAY,RIGHT ANGLE,69HWYW3RDST,TRAFFIC CONTROL SIGNAL,2020-08-21 23:23:00
BLOOMINGTON PD,BLOOMINGTON,2,0.0,1.0,0.0,0,,,,E 3RD ST,S JEFFERSON ST,,50.0,E,39.164304,-86.506992,LOCAL/CITY ROAD,N,URBAN,N,N,N,,DAYLIGHT,CLEAR,DRY,,NO JUNCTION INVOLVED,STRAIGHT/LEVEL,ASPHALT,FOLLOWING TOO CLOSELY,REAR END,E3RDSTSJEFFERSONST,NONE,2020-08-22 16:25:00
ISP BLOOMINGTON 33,BLOOMINGTON,1,,0.0,0.0,0,,,,SR 37,S OLD SR 37,,264.0,W,39.08561732,-86.54314703,STATE ROAD,,RURAL,N,N,N,,DAYLIGHT,CLEAR,DRY,,NO JUNCTION INVOLVED,,ASPHALT,,RAN OFF ROAD,SOldStateRoad37App.250ftNofOldSR37S,,2020-08-22 16:28:00
ELLETTSVILLE PD,ELLETTSVILLE,2,0.0,0.0,0.0,0,,,,SR 46,N SALE ST (S),,,,39.23384,-86.624704,STATE ROAD,N,URBAN,N,N,N,,DAYLIGHT,CLEAR,DRY,,FOUR-WAY INTERSECTION,STRAIGHT/LEVEL,ASPHALT,FAILURE TO YIELD RIGHT OF WAY,SAME DIRECTION SIDESWIPE,SALESTSR46W,LANE CONTROL,2020-08-22 17:12:00
MONROE SD,BLOOMINGTON,2,0.0,0.0,0.0,0,,,,N SMITH PIKE,W CARMOLA DR,,,,39.204448,-86.583168,COUNTY ROAD,N,RURAL,N,N,N,,DAYLIGHT,CLEAR,DRY,,T-INTERSECTION,STRAIGHT/LEVEL,ASPHALT,FOLLOWING TOO CLOSELY,REAR END,NSMITHPIKEWCARMOLADR,NONE,2020-08-22 17:23:00
INDIANA UNIV BLOOMINGTON PD,BLOOMINGTON,2,0.0,1.0,0.0,0,,,,SR 45,SR 45/46,,,,39.171512,-86.5021044,STATE ROAD,N,URBAN,N,N,N,,DAYLIGHT,CLEAR,DRY,,FOUR-WAY INTERSECTION,STRAIGHT/LEVEL,ASPHALT,CELL PHONE USAGE,REAR END,SR4610THSTREET,TRAFFIC CONTROL SIGNAL,2020-08-22 18:56:00
BLOOMINGTON PD,BLOOMINGTON,1,0.0,1.0,0.0,0,,,,N WALNUT ST,E KIRKWOOD AVE,,,,39.16664,-86.5336,LOCAL/CITY ROAD,N,URBAN,N,N,N,,DAWN/DUSK,CLEAR,DRY,,FOUR-WAY INTERSECTION,STRAIGHT/LEVEL,ASPHALT,PEDESTRIAN ACTION,OTHER - EXPLAIN IN NARRATIVE,KIRKWOODAVENWALNUTST,TRAFFIC CONTROL SIGNAL,2020-08-22 20:23:00
MONROE SD,BLOOMINGTON,2,0.0,1.0,0.0,0,,,,S FAIRFAX RD,E POINTE RD,,,,39.063546,-86.498829,COUNTY ROAD,N,RURAL,N,N,N,,DARK (NOT LIGHTED),CLEAR,DRY,,T-INTERSECTION,STRAIGHT/LEVEL,ASPHALT,FAILURE TO YIELD RIGHT OF WAY,LEFT/RIGHT TURN,FAIRFAXRDSFAIRFAXRD,STOP SIGN,2020-08-22 21:39:00
BLOOMINGTON PD,BLOOMINGTON,2,0.0,0.0,0.0,0,,,,N CLARK ST,,,500.0,N,39.169472,-86.504864,LOCAL/CITY ROAD,N,URBAN,N,N,N,,DAYLIGHT,CLEAR,DRY,,NO JUNCTION INVOLVED,STRAIGHT/LEVEL,ASPHALT,UNSAFE BACKING,BACKING CRASH,8THSTCLARKST,NONE,2020-08-23 08:45:00