Agency,City,Vehicles Involved,Trailers Involved,Number Injured,Number Dead,Number Deer,House Number,Roadway Interchange,Roadway Ramp,Roadway Id,Intersecting Road,Interchange,Feet From,Direction,Latitude,Longitude,Roadway Class,Hit and Run?,Locality,School Zone?,Rumble Strips?,Construction?,Construction Type,Light Condition,Weather Conditions,Surface Condition,Type of Median,Roadway Junction Type,Road Character,Roadway Surface,Primary Factor,Manner of Collision,Unique Location Id,Traffic Control,DateTime
BLOOMINGTON PD,BLOOMINGTON,2,0.0,0.0,0.0,0,,,,E 10TH ST,N GRANT ST,,,,39.171696,-86.529696,LOCAL/CITY ROAD,N,URBAN,N,N,N,,DAYLIGHT,CLEAR,DRY,,T-INTERSECTION,STRAIGHT/GRADE,ASPHALT,FAILURE TO YIELD RIGHT OF WAY,RIGHT TURN,E10THSTNGRANTST,STOP SIGN,2020-08-23 11:25:00
INDIANA UNIV BLOOMINGTON PD,BLOOMINGTON,2,0.0,1.0,0.0,0,,,,E ATWATER AVE,S HAWTHORNE DR,,,,0.0,0.0,LOCAL/CITY ROAD,N,URBAN,N,N,N,,DAYLIGHT,CLEAR,DRY,,FOUR-WAY INTERSECTION,STRAIGHT/LEVEL,ASPHALT,DISREGARD SIGNAL/REG SIGN,RIGHT ANGLE,ATWATERAVEHAWTHORNELN,STOP SIGN,2020-08-23 18:10:00
MONROE SD,BLOOMINGTON,2,0.0,0.0,0.0,0,,,,SR 446,,,1397.0,S,39.01123639,-86.47156349,STATE ROAD,N,RURAL,N,N,N,,DARK (NOT LIGHTED),CLEAR,DRY,,NO JUNCTION INVOLVED,CURVE/GRADE,ASPHALT,TIRE FAILURE OR DEFECTIVE,OTHER - EXPLAIN IN NARRATIVE,ALLENCREEKRDSR446,NONE,2020-08-23 21:34:00
BLOOMINGTON PD,BLOOMINGTON,1,0.0,0.0,0.0,0,,,,E MOORES PIKE,S WINFIELD RD,,,,39.150496,-86.501088,LOCAL/CITY ROAD,Y,URBAN,,,N,,DARK (LIGHTED),CLEAR,DRY,,TRAFFIC CIRCLE/ROUNDABOUT,STRAIGHT/GRADE,ASPHALT,RAN OFF ROAD RIGHT,RAN OFF ROAD,EMOORESPIKEWINFIELDRD,ROUNDABOUT INTERSECTION,2020-08-23 22:23:00
INDIANA UNIV BLOOMINGTON PD,BLOOMINGTON,3,0.0,0.0,0.0,0,,,,E 3RD ST,S JORDAN AVE,,,,39.164263,-86.516394,LOCAL/CITY ROAD,Y,URBAN,N,N,N,,DAYLIGHT,CLEAR,DRY,,FOUR-WAY INTERSECTION,STRAIGHT/LEVEL,ASPHALT,FOLLOWING TOO CLOSELY,REAR END,JORDANAVETHIRDST,NONE,2020-08-24 09:00:00
MONROE SD,BLOOMINGTON,1,0.0,0.0,0.0,0,,,,N STINESVILLE RD,,,1250.0,S,39.281744,-86.662992,LOCAL/CITY ROAD,Y,RURAL,N,N,N,,DAYLIGHT,CLEAR,DRY,,NO JUNCTION INVOLVED,CURVE/GRADE,,RAN OFF ROAD RIGHT,RAN OFF ROAD,NSTINESVILLERDWHEDRICKRD,LANE CONTROL,2020-08-24 10:31:00
BLOOMINGTON PD,BLOOMINGTON,2,0.0,0.0,0.0,0,,,,S COLLEGE AVE,W 3RD ST,,,,39.16464,-86.534816,LOCAL/CITY ROAD,N,URBAN,N,N,N,,DAYLIGHT,CLEAR,DRY,,FOUR-WAY INTERSECTION,STRAIGHT/LEVEL,ASPHALT,DISREGARD SIGNAL/REG SIGN,RIGHT ANGLE,SCOLLEGEAVEW3RDST,TRAFFIC CONTROL SIGNAL,2020-08-24 12:16:00
INDIANA UNIV BLOOMINGTON PD,BLOOMINGTON,2,0.0,1.0,0.0,0,,,,S HIGHLAND AVE,E 3RD ST,,,,39.16426,-86.51771,LOCAL/CITY ROAD,N,URBAN,N,N,N,,DAYLIGHT,CLEAR,DRY,,NO JUNCTION INVOLVED,STRAIGHT/LEVEL,ASPHALT,IMPROPER TURNING,LEFT TURN,HIGHLANDAVETHIRDST,NONE,2020-08-24 12:30:00
INDIANA UNIV BLOOMINGTON PD,BLOOMINGTON,2,0.0,0.0,0.0,0,,,,S SWAIN AVE,E 3RD ST,,,,39.164261,-86.515275,LOCAL/CITY ROAD,N,URBAN,N,N,N,,DAYLIGHT,CLEAR,DRY,,T-INTERSECTION,STRAIGHT/GRADE,ASPHALT,IMPROPER TURNING,LEFT TURN,SWAINAVETHIRDST,NONE,2020-08-24 12:42:00
MONROE SD,BLOOMINGTON,2,0.0,0.0,0.0,0,,,,N CURRY PIKE,W JONATHAN DR,,,,0.0,0.0,COUNTY ROAD,N,URBAN,N,N,N,,DAYLIGHT,CLEAR,DRY,,FOUR-WAY INTERSECTION,STRAIGHT/GRADE,ASPHALT,DISREGARD SIGNAL/REG SIGN,LEFT TURN,SOUTHCURRYPIKEWESTJONATHONDR,TRAFFIC CONTROL SIGNAL,2020-08-24 13:09:00
BLOOMINGTON PD,BLOOMINGTON,2,0.0,0.0,0.0,0,,,,S WALNUT ST,W HILLSIDE DR,,,,39.150544,-86.5336,LOCAL/CITY ROAD,N,URBAN,N,N,N,,DAYLIGHT,CLEAR,DRY,,FOUR-WAY INTERSECTION,STRAIGHT/GRADE,ASPHALT,FAILURE TO YIELD RIGHT OF WAY,LEFT TURN,EHILLSIDEDRSWALNUTST,TRAFFIC CONTROL SIGNAL,2020-08-24 15:55:00
ISP BLOOMINGTON 33,BLOOMINGTON,2,,0.0,0.0,0,,120,M,SR 45/46,I-69 S,,0.0,S,39.1872968,-86.55799574,STATE ROAD,,URBAN,N,N,N,,DAYLIGHT,CLEAR,DRY,,T-INTERSECTION,,ASPHALT,FOLLOWING TOO CLOSELY,REAR END,StateRd46,,2020-08-24 17:45:00
MONROE SD,BLOOMINGTON,2,0.0,1.0,0.0,0,,,,W CONSTITUTION AVE,S LIBERTY DR,,,,39.14955105,-86.57687855,COUNTY ROAD,N,URBAN,N,N,N,,DAYLIGHT,CLEAR,DRY,,NO JUNCTION INVOLVED,STRAIGHT/GRADE,ASPHALT,FOLLOWING TOO CLOSELY,REAR END,CONSTITUTIONAVELIBERTYDR,NONE,2020-08-24 18:29:00
DNR LAW ENFORCEMENT,BLOOMINGTON,1,0.0,0.0,0.0,0,,,,N OLD SR 37,,,1000.0,N,39.42728402,-86.480776,UNKNOWN,N,RURAL,N,N,N,,DAYLIGHT,CLEAR,DRY,,NO JUNCTION INVOLVED,STRAIGHT/GRADE,ASPHALT,RAN OFF ROAD RIGHT,RAN OFF ROAD,BRYANTSCREEKRDRDOLDSR37RDS,NONE,2020-08-24 19:34:00
MONROE SD,BLOOMINGTON,2,0.0,0.0,0.0,0,,,,E RHORER RD,S WALNUT ST PIKE,,,,39.12144,-86.526496,LOCAL/CITY ROAD,N,RURAL,N,N,N,,DAWN/DUSK,CLEAR,DRY,,FOUR-WAY INTERSECTION,STRAIGHT/LEVEL,ASPHALT,FOLLOWING TOO CLOSELY,REAR END,ERHORERRDSWALNUTSTREETPIKE,TRAFFIC CONTROL SIGNAL,2020-08-24 20:23:00
MONROE SD,BLOOMINGTON,1,0.0,0.0,0.0,1,,,,E SCHACHT RD,,,1000.0,E,39.10704,-86.523488,COUNTY ROAD,N,RURAL,N,N,N,,DARK (NOT LIGHTED),CLEAR,DRY,,NO JUNCTION INVOLVED,STRAIGHT/LEVEL,ASPHALT,ANIMAL/OBJECT IN ROADWAY,COLLISION WITH DEER,EFAIRFAXRDESCHACHTRD,NONE,2020-08-24 21:10:00
MONROE SD,ELLETTSVILLE,2,0.0,0.0,0.0,0,816.0,,,SR 46,,,50.0,W,39.236096,-86.625168,LOCAL/CITY ROAD,N,URBAN,N,N,N,,DAYLIGHT,CLEAR,DRY,,FOUR-WAY INTERSECTION,STRAIGHT/LEVEL,ASPHALT,IMPROPER LANE USAGE,LEFT TURN,NMATTHEWSDRWMAINST,NONE,2020-08-25 01:01:00
MONROE SD,BLOOMINGTON,2,0.0,0.0,0.0,0,,,,N HARTSTRAIT RD,W VERNAL PIKE,,,,39.186752,-86.611504,COUNTY ROAD,N,RURAL,N,N,B,,DAYLIGHT,CLEAR,DRY,,FOUR-WAY INTERSECTION,STRAIGHT/LEVEL,ASPHALT,FAILURE TO YIELD RIGHT OF WAY,RIGHT ANGLE,HARTSTRAITRDVERNALPIKE,STOP SIGN,2020-08-25 04:54:00
MONROE SD,BLOOMINGTON,1,0.0,0.0,0.0,1,,,,I-69 N,,,100.0,N,0.0,0.0,INTERSTATE,N,RURAL,N,N,N,,DARK (NOT LIGHTED),CLEAR,DRY,,NO JUNCTION INVOLVED,STRAIGHT/GRADE,CONCRETE,ANIMAL/OBJECT IN ROADWAY,COLLISION WITH DEER,I69N112,NONE,2020-08-25 05:20:00
BLOOMINGTON PD,BLOOMINGTON,2,0.0,0.0,0.0,0,,,,SR 45,,,1000.0,E,39.17154033,-86.4917847,LOCAL/CITY ROAD,N,URBAN,N,N,N,,DAYLIGHT,CLEAR,DRY,,NO JUNCTION INVOLVED,STRAIGHT/LEVEL,ASPHALT,FOLLOWING TOO CLOSELY,REAR END,10THSTPETEELLISDR,NONE,2020-08-25 08:00:00
MONROE SD,ELLETTSVILLE,2,0.0,1.0,0.0,0,,,,SR 46,N UNION VALLEY RD,,300.0,E,39.2153592,-86.59303727,STATE ROAD,N,URBAN,N,N,N,,DAYLIGHT,CLEAR,DRY,,NO JUNCTION INVOLVED,CURVE/LEVEL,ASPHALT,DRIVER DISTRACTED - EXPLAIN IN NARRATIVE,REAR END,NUNIONVALLEYRDSR46W,NONE,2020-08-25 10:21:00
BLOOMINGTON PD,BLOOMINGTON,2,0.0,0.0,0.0,0,,,,S OAKDALE DR,W BLOOMFIELD RD,,,,39.148544,-86.571504,LOCAL/CITY ROAD,Y,URBAN,N,N,N,,DAYLIGHT,CLEAR,DRY,,FOUR-WAY INTERSECTION,CURVE/GRADE,ASPHALT,IMPROPER PASSING,REAR END,SOAKDALEDRWBLOOMFIELDRD,TRAFFIC CONTROL SIGNAL,2020-08-25 12:44:00
INDIANA UNIV BLOOMINGTON PD,BLOOMINGTON,2,0.0,0.0,0.0,0,,,,S HIGHLAND AVE,E 3RD ST,,,,39.16426,-86.51771,LOCAL/CITY ROAD,N,URBAN,N,N,N,,DAYLIGHT,CLEAR,DRY,,T-INTERSECTION,STRAIGHT/LEVEL,ASPHALT,IMPROPER TURNING,LEFT TURN,HIGHLANDAVETHIRDST,NONE,2020-08-25 13:05:00
MONROE SD,BLOOMINGTON,3,0.0,0.0,0.0,0,,,,SR 45,W DINSMORE RD (NE),,,,39.11504,-86.630992,STATE ROAD,N,RURAL,N,N,N,,DAYLIGHT,CLEAR,DRY,,T-INTERSECTION,STRAIGHT/LEVEL,ASPHALT,FOLLOWING TOO CLOSELY,REAR END,SR45WWDINSMORERD,NONE,2020-08-25 17:35:00
INDIANA UNIV BLOOMINGTON PD,BLOOMINGTON,2,0.0,0.0,0.0,0,,,,N JORDAN AVE,E LINGELBACH LN,,,,39.177171,-86.512525,LOCAL/CITY ROAD,N,URBAN,N,N,N,,DAYLIGHT,CLEAR,DRY,,NO JUNCTION INVOLVED,STRAIGHT/LEVEL,ASPHALT,FAILURE TO YIELD RIGHT OF WAY,LEFT TURN,ELINGELBACHLNJORDANAVE,NONE,2020-08-25 18:18:00
BLOOMINGTON PD,BLOOMINGTON,2,0.0,0.0,0.0,0,,,,SR 45,ENTRANCE TO SAM'S CLUB,,,,0.0,0.0,LOCAL/CITY ROAD,N,URBAN,N,N,N,,DAWN/DUSK,CLEAR,DRY,,FOUR-WAY INTERSECTION,STRAIGHT/GRADE,ASPHALT,FAILURE TO YIELD RIGHT OF WAY,REAR END,INTERSTATE69RAMPWBLOOMFIELDRD,TRAFFIC CONTROL SIGNAL,2020-08-25 19:35:00
ISP BLOOMINGTON 33,BLOOMINGTON,1,,0.0,0.0,1,112.0,,,I-69 S,,,1214.0,N,39.31648776,-86.51190765,INTERSTATE,,RURAL,N,N,N,,DARK (NOT LIGHTED),CLEAR,DRY,,NO JUNCTION INVOLVED,,ASPHALT,ANIMAL/OBJECT IN ROADWAY,RIGHT ANGLE,WBurmaRdI-69,,2020-08-25 21:00:00
BLOOMINGTON PD,BLOOMINGTON,2,0.0,0.0,0.0,0,,,,W KIRKWOOD AVE,S MAPLE ST,,,,39.166628,-86.542194,LOCAL/CITY ROAD,N,URBAN,N,N,N,,DARK (LIGHTED),CLEAR,DRY,,FOUR-WAY INTERSECTION,STRAIGHT/LEVEL,ASPHALT,FAILURE TO YIELD RIGHT OF WAY,RIGHT TURN,SOUTHMAPLESTWESTKIRKWOODAVE,NONE,2020-08-25 21:09:00
ELLETTSVILLE PD,ELLETTSVILLE,1,0.0,1.0,0.0,0,,,,SR 46,S SHARP ST,,,,39.235952,-86.627904,LOCAL/CITY ROAD,N,URBAN,N,N,N,,DARK (LIGHTED),CLEAR,DRY,,NO JUNCTION INVOLVED,STRAIGHT/LEVEL,ASPHALT,UNSAFE SPEED,OTHER - EXPLAIN IN NARRATIVE,SSHARPSTWTEMPERANCEST,LANE CONTROL,2020-08-26 00:50:00
MONROE SD,BLOOMINGTON,1,0.0,0.0,0.0,0,,,,E GROSS RD,,,1500.0,E,39.12668,-86.43568265,LOCAL/CITY ROAD,N,RURAL,N,N,N,,DAYLIGHT,CLEAR,DRY,,NO JUNCTION INVOLVED,STRAIGHT/GRADE,GRAVEL,UNSAFE BACKING,OTHER - EXPLAIN IN NARRATIVE,EGROSSRDSKNGHTRIDGERD,NONE,2020-08-26 12:02:00
BLOOMINGTON PD,BLOOMINGTON,2,1.0,2.0,0.0,0,,,,SR 45,S LIBERTY DR,,,,39.145152,-86.5776,STATE ROAD,N,URBAN,N,N,N,,DAYLIGHT,CLEAR,DRY,,FOUR-WAY INTERSECTION,STRAIGHT/GRADE,ASPHALT,FAILURE TO YIELD RIGHT OF WAY,LEFT TURN,SLIBERTYDRSR45W,TRAFFIC CONTROL SIGNAL,2020-08-26 14:30:00
MONROE SD,BLOOMINGTON,1,0.0,2.0,0.0,0,,,,W ISON RD,S CARDWELL RD,,,,39.108016,-86.629376,LOCAL/CITY ROAD,N,RURAL,N,N,N,,DAYLIGHT,CLEAR,DRY,,T-INTERSECTION,STRAIGHT/GRADE,ASPHALT,ANIMAL/OBJECT IN ROADWAY,COLLISION WITH OBJECT IN ROAD,CARDWELLRDISONRD,NONE,2020-08-26 17:01:00
MONROE SD,BLOOMINGTON,1,0.0,0.0,0.0,0,,,,E RHORER RD,S WALNUT ST,,,,39.12144,-86.526496,LOCAL/CITY ROAD,N,URBAN,N,N,N,,DAYLIGHT,CLEAR,DRY,,FOUR-WAY INTERSECTION,STRAIGHT/GRADE,ASPHALT,RAN OFF ROAD RIGHT,RAN OFF ROAD,RHORERRDWALNUTSTREETPIKE,TRAFFIC CONTROL SIGNAL,2020-08-26 18:43:00
BLOOMINGTON PD,BLOOMINGTON,2,0.0,0.0,0.0,0,,,,SR 48,S GATES DR,,,,0.0,0.0,LOCAL/CITY ROAD,N,URBAN,N,N,N,,DAYLIGHT,CLEAR,DRY,,FOUR-WAY INTERSECTION,STRAIGHT/LEVEL,ASPHALT,DISREGARD SIGNAL/REG SIGN,LEFT TURN,NGATESDRW3RDST,TRAFFIC CONTROL SIGNAL,2020-08-26 19:52:00
MONROE SD,BLOOMINGTON,2,0.0,0.0,0.0,0,,,,S PARK SQUARE DR,WOODSIDE DR,,,,39.15704,-86.591696,LOCAL/CITY ROAD,N,URBAN,Y,N,N,,DAYLIGHT,CLOUDY,DRY,,T-INTERSECTION,STRAIGHT/LEVEL,ASPHALT,LEFT OF CENTER,HEAD ON BETWEEN TWO MOTOR VEHICLES,PARKSQUAREDRWOODSIDEDR,NONE,2020-08-27 08:55:00
BLOOMINGTON PD,BLOOMINGTON,2,0.0,1.0,0.0,0,,,,E RECHTER RD / S NOTA DR,E COVENANTER DR,,90.0,S,39.155184,-86.499632,LOCAL/CITY ROAD,N,URBAN,N,N,N,,DAYLIGHT,CLOUDY,DRY,,NO JUNCTION INVOLVED,CURVE/GRADE,ASPHALT,LEFT OF CENTER,HEAD ON BETWEEN TWO MOTOR VEHICLES,ECOVENANTERDRERECHTERRD,NONE,2020-08-27 09:22:00
MONROE SD,BLOOMINGTON,2,0.0,0.0,0.0,0,,,,S CURRY PIKE,W CONSTITUTION WAY,,,,,,LOCAL/CITY ROAD,N,URBAN,N,N,N,,DAYLIGHT,CLOUDY,DRY,,T-INTERSECTION,STRAIGHT/LEVEL,ASPHALT,UNSAFE BACKING,BACKING CRASH,CONSTITUTIONAVESCURRYPIKE,STOP SIGN,2020-08-27 11:20:00
BLOOMINGTON PD,BLOOMINGTON,2,1.0,2.0,0.0,0,,,,S CURRY PIKE,SR 48,,,,39.16465,-86.582939,LOCAL/CITY ROAD,N,URBAN,N,N,N,,DARK (LIGHTED),CLEAR,DRY,,FOUR-WAY INTERSECTION,STRAIGHT/GRADE,ASPHALT,DISREGARD SIGNAL/REG SIGN,LEFT TURN,SCURRYPIKEW3RDST,TRAFFIC CONTROL SIGNAL,2020-08-27 20:55:00
INDIANA UNIV BLOOMINGTON PD,BLOOMINGTON,1,0.0,1.0,0.0,0,900.0,,,SR 46,ENTRANCE TO IU PARKING LOT 11,,,,,,STATE ROAD,N,URBAN,N,N,N,,DARK (NOT LIGHTED),CLEAR,DRY,,NO JUNCTION INVOLVED,STRAIGHT/HILLCREST,CONCRETE,FAILURE TO YIELD RIGHT OF WAY,RIGHT TURN,SR46E,NONE,2020-08-28 06:40:00
BLOOMINGTON PD,BLOOMINGTON,2,0.0,0.0,0.0,9,,,,N WALNUT ST,W 6TH ST,,,,39.167648,-86.533584,LOCAL/CITY ROAD,Y,URBAN,N,N,N,,DAYLIGHT,CLEAR,WET,,FOUR-WAY INTERSECTION,STRAIGHT/GRADE,ASPHALT,FAILURE TO YIELD RIGHT OF WAY,RIGHT ANGLE,NWALNUTSTW6THST,TRAFFIC CONTROL SIGNAL,2020-08-28 11:31:00
BLOOMINGTON PD,BLOOMINGTON,2,0.0,0.0,0.0,0,,,,SR 45/46,N KINSER PIKE,,,,39.186544,-86.537888,STATE ROAD,N,URBAN,N,N,N,,DAYLIGHT,CLOUDY,DRY,,FOUR-WAY INTERSECTION,STRAIGHT/GRADE,ASPHALT,DISREGARD SIGNAL/REG SIGN,LEFT TURN,KINSERPIKESR46W,TRAFFIC CONTROL SIGNAL,2020-08-28 12:06:00
INDIANA UNIV BLOOMINGTON PD,BLOOMINGTON,2,0.0,0.0,0.0,0,,,,SR 45/46,E DISCOVERY PKWY,,150.0,S,,,STATE ROAD,N,URBAN,N,N,N,,DAYLIGHT,CLEAR,DRY,,NO JUNCTION INVOLVED,STRAIGHT/HILLCREST,ASPHALT,FOLLOWING TOO CLOSELY,REAR END,DISCOVERYPKWYSR46S,NONE,2020-08-28 15:24:00
ELLETTSVILLE PD,ELLETTSVILLE,2,0.0,0.0,0.0,0,7398.0,,,SR 46,W MAPLE GROVE RD,,160.0,W,39.24576883,-86.63746025,STATE ROAD,N,URBAN,N,N,N,,DAYLIGHT,CLEAR,DRY,,NO JUNCTION INVOLVED,CURVE/LEVEL,ASPHALT,FAILURE TO YIELD RIGHT OF WAY,LEFT TURN,SR46WWMAPLEGROVERD,LANE CONTROL,2020-08-28 15:48:00
MONROE SD,ELLETTSVILLE,2,0.0,0.0,0.0,0,,,,SR 46,ENTRANCE TO SPEEDWAY GAS STATION,,800.0,E,39.20872783,-86.58104071,STATE ROAD,N,RURAL,N,N,N,,DAYLIGHT,CLEAR,DRY,,NO JUNCTION INVOLVED,STRAIGHT/LEVEL,ASPHALT,FAILURE TO YIELD RIGHT OF WAY,RIGHT ANGLE,NSMITHPIKESR46W,NO PASSING ZONE,2020-08-28 16:57:00
MONROE SD,BLOOMINGTON,1,0.0,0.0,0.0,0,,,,S OLD SR 37,,,1500.0,N,,,LOCAL/CITY ROAD,N,RURAL,N,N,N,,DARK (NOT LIGHTED),CLEAR,DRY,,NO JUNCTION INVOLVED,CURVE/GRADE,ASPHALT,UNSAFE SPEED,RAN OFF ROAD,HARRODSBURGRDSOLD37RD,LANE CONTROL,2020-08-29 01:31:00
BLOOMINGTON PD,BLOOMINGTON,2,0.0,0.0,0.0,0,,,,N COLLEGE AVE,W KIRKWOOD AVE,,,,39.16664,-86.5348,LOCAL/CITY ROAD,N,URBAN,N,N,N,,DARK (LIGHTED),CLEAR,DRY,,T-INTERSECTION,STRAIGHT/GRADE,ASPHALT,FAILURE TO YIELD RIGHT OF WAY,SAME DIRECTION SIDESWIPE,COLLEGEAVEKIRKWOODAVE,TRAFFIC CONTROL SIGNAL,2020-08-29 01:47:00
MONROE SD,BLOOMINGTON,1,0.0,0.0,0.0,1,,,,SR 45,S DARRELL DR,,,,39.114992,-86.62768,STATE ROAD,N,RURAL,N,N,N,,DARK (NOT LIGHTED),CLEAR,DRY,,T-INTERSECTION,CURVE/LEVEL,ASPHALT,ANIMAL/OBJECT IN ROADWAY,COLLISION WITH DEER,DARRELLDRSR45W,NONE,2020-08-29 06:30:00
BLOOMINGTON PD,BLOOMINGTON,1,0.0,1.0,0.0,0,,,,N DUNN ST,E SAVILLE AVE,,,,39.189632,-86.528448,LOCAL/CITY ROAD,N,URBAN,N,N,N,,DAYLIGHT,CLEAR,DRY,,T-INTERSECTION,CURVE/GRADE,ASPHALT,RAN OFF ROAD RIGHT,RAN OFF ROAD,ESAVILLEAVENDUNNST,STOP SIGN,2020-08-29 10:21:00
BLOOMINGTON PD,BLOOMINGTON,2,0.0,0.0,0.0,0,,,,N MORTON ST,,,50.0,S,39.171744,-86.536,LOCAL/CITY ROAD,Y,URBAN,N,N,N,,DAYLIGHT,CLEAR,DRY,,NO JUNCTION INVOLVED,STRAIGHT/HILLCREST,ASPHALT,UNSAFE BACKING,BACKING CRASH,NORTHMORTONSTWEST10THST,NONE,2020-08-29 11:10:00
BLOOMINGTON PD,BLOOMINGTON,2,0.0,0.0,0.0,0,,,,SR 45/46,N KINSER PIKE,,500.0,W,39.18662255,-86.53964972,STATE ROAD,N,URBAN,N,N,N,,DAYLIGHT,CLOUDY,DRY,,NO JUNCTION INVOLVED,STRAIGHT/GRADE,ASPHALT,FOLLOWING TOO CLOSELY,REAR END,NKINSERPIKESR46E,LANE CONTROL,2020-08-29 11:18:00
BLOOMINGTON PD,BLOOMINGTON,1,0.0,1.0,0.0,0,2718.0,,,SR 46 (ENTRANCE TO BURGER KING),S COLLEGE MALL RD,,,,,,LOCAL/CITY ROAD,N,URBAN,N,N,N,,DAYLIGHT,CLEAR,DRY,,T-INTERSECTION,STRAIGHT/GRADE,ASPHALT,FAILURE TO YIELD RIGHT OF WAY,RIGHT ANGLE,E3RDSTENTRANCETO2718E3RDST,STOP SIGN,2020-08-29 11:36:00
ISP BLOOMINGTON 33,BLOOMINGTON,2,,0.0,0.0,0,,,,W OLD SR 37,N WALNUT ST,,0.0,S,39.207108,-86.534849,STATE ROAD,,RURAL,N,N,N,,DAYLIGHT,CLEAR,DRY,,FOUR-WAY INTERSECTION,,ASPHALT,UNSAFE BACKING,BACKING CRASH,NWalnutStNOldStateRoad37,,2020-08-29 13:05:00
BLOOMINGTON PD,BLOOMINGTON,2,0.0,0.0,0.0,0,,,,E 3RD ST,S COLLEGE MALL RD,,,,39.16424,-86.4984,LOCAL/CITY ROAD,Y,URBAN,N,N,N,,DAYLIGHT,CLEAR,DRY,,FOUR-WAY INTERSECTION,STRAIGHT/LEVEL,ASPHALT,IMPROPER PASSING,LEFT TURN,EAST3RDSTSOUTHCOLLEGEMALLRD,TRAFFIC CONTROL SIGNAL,2020-08-29 14:45:00
BLOOMINGTON PD,BLOOMINGTON,2,0.0,0.0,0.0,0,,,,SR 45/46,N KINSER PIKE,,,,39.186544,-86.537888,STATE ROAD,N,URBAN,N,N,N,,DARK (LIGHTED),CLEAR,DRY,,FOUR-WAY INTERSECTION,STRAIGHT/GRADE,ASPHALT,FOLLOWING TOO CLOSELY,REAR END,NKINSERPIKESR46E,TRAFFIC CONTROL SIGNAL,2020-08-29 20:30:00
MONROE SD,ELLETTSVILLE,1,0.0,1.0,0.0,0,,,,N MOUNT TABOR RD,,,300.0,S,,,LOCAL/CITY ROAD,N,RURAL,N,N,N,,DAYLIGHT,CLEAR,DRY,,NO JUNCTION INVOLVED,STRAIGHT/GRADE,ASPHALT,RAN OFF ROAD RIGHT,RAN OFF ROAD,NMOUNTTABORRDOLDDUTCHCHURCHRD,NONE,2020-08-30 10:49:00
BLOOMINGTON PD,BLOOMINGTON,3,0.0,1.0,0.0,0,,,,E 4TH ST,S DUNN ST,,350.0,E,39.165648,-86.529712,LOCAL/CITY ROAD,N,URBAN,N,N,N,,DAYLIGHT,CLOUDY,DRY,,NO JUNCTION INVOLVED,STRAIGHT/LEVEL,ASPHALT,FAILURE TO YIELD RIGHT OF WAY,SAME DIRECTION SIDESWIPE,EAST4THSTSOUTHGRANTST,LANE CONTROL,2020-08-30 14:30:00
MONROE SD,BLOOMINGTON,1,0.0,0.0,0.0,0,,,,N WAYPORT RD,E CHAMBERS PIKE,,500.0,S,,,LOCAL/CITY ROAD,Y,RURAL,N,N,N,,DARK (NOT LIGHTED),CLEAR,DRY,,NO JUNCTION INVOLVED,CURVE/GRADE,ASPHALT,RAN OFF ROAD RIGHT,RAN OFF ROAD,EASTCHAMBERSPIKENORTHWAYPORTRD,NONE,2020-08-30 22:20:00
MONROE SD,BLOOMINGTON,2,0.0,0.0,0.0,0,,,,N CURRY PIKE,W JONATHAN DR,,,,,,LOCAL/CITY ROAD,N,URBAN,N,N,N,,DAWN/DUSK,CLOUDY,DRY,,FOUR-WAY INTERSECTION,STRAIGHT/LEVEL,ASPHALT,FOLLOWING TOO CLOSELY,REAR END,CURRYPIKEJOHNATHANDR,TRAFFIC CONTROL SIGNAL,2020-08-31 06:44:00
BLOOMINGTON PD,BLOOMINGTON,2,0.0,2.0,0.0,0,,,,S WASHINGTON ST,ENTRANCE TO BLOOMINGTON POLICE DEPARTMENT,,150.0,S,39.16422802,-86.5324,LOCAL/CITY ROAD,N,URBAN,N,N,N,,DAYLIGHT,CLOUDY,DRY,,T-INTERSECTION,STRAIGHT/LEVEL,ASPHALT,FAILURE TO YIELD RIGHT OF WAY,LEFT TURN,3RDSTWASHINGTONST,NONE,2020-08-31 12:51:00
MONROE SD,ELLETTSVILLE,2,0.0,0.0,0.0,0,,,,SR 46,N CENTENNIAL DR,,,,39.210144,-86.5832,STATE ROAD,N,URBAN,N,N,N,,DAYLIGHT,CLEAR,DRY,,FOUR-WAY INTERSECTION,STRAIGHT/GRADE,ASPHALT,BRAKE FAILURE OR DEFECTIVE,REAR END,SMITHPIKESR46W,TRAFFIC CONTROL SIGNAL,2020-08-31 18:14:00
BLOOMINGTON PD,BLOOMINGTON,2,0.0,0.0,0.0,0,,,,S CURRY PIKE,SR 48,,,,39.164544,-86.560096,LOCAL/CITY ROAD,Y,URBAN,N,N,N,,DARK (LIGHTED),CLEAR,DRY,,FOUR-WAY INTERSECTION,STRAIGHT/LEVEL,ASPHALT,UNSAFE LANE MOVEMENT,LEFT TURN,SCURRYPIKEW3RDST,TRAFFIC CONTROL SIGNAL,2020-08-31 21:55:00
BLOOMINGTON PD,BLOOMINGTON,2,0.0,0.0,0.0,0,,,,E 2ND ST,S HIGH ST,,,,39.160944,-86.508288,LOCAL/CITY ROAD,N,URBAN,N,N,N,,DAYLIGHT,CLOUDY,DRY,,FOUR-WAY INTERSECTION,STRAIGHT/LEVEL,ASPHALT,DISREGARD SIGNAL/REG SIGN,RIGHT ANGLE,2NDSTHIGHST,TRAFFIC CONTROL SIGNAL,2020-09-01 09:53:00
ELLETTSVILLE PD,ELLETTSVILLE,2,0.0,0.0,0.0,0,,,,SR 46,N RIDGEWOOD DR,,,,39.217248,-86.598992,STATE ROAD,N,URBAN,N,N,N,,DAWN/DUSK,CLEAR,DRY,,NO JUNCTION INVOLVED,STRAIGHT/LEVEL,ASPHALT,FAILURE TO YIELD RIGHT OF WAY,LEFT/RIGHT TURN,RIDGEWOODDRSR46W,STOP SIGN,2020-09-01 10:23:00