Agency,City,Vehicles Involved,Trailers Involved,Number Injured,Number Dead,Number Deer,House Number,Roadway Interchange,Roadway Ramp,Roadway Id,Intersecting Road,Interchange,Feet From,Direction,Latitude,Longitude,Roadway Class,Hit and Run?,Locality,School Zone?,Rumble Strips?,Construction?,Construction Type,Light Condition,Weather Conditions,Surface Condition,Type of Median,Roadway Junction Type,Road Character,Roadway Surface,Primary Factor,Manner of Collision,Unique Location Id,Traffic Control,DateTime
BLOOMINGTON PD,BLOOMINGTON,2,0.0,1.0,0.0,0,,,,S WALNUT ST,ENTRANCE TO SOUTH PARK SHOPPING CENTER,,420.0,N,,,LOCAL/CITY ROAD,N,URBAN,N,N,N,,DAYLIGHT,CLEAR,DRY,,FOUR-WAY INTERSECTION,STRAIGHT/LEVEL,CONCRETE,FAILURE TO YIELD RIGHT OF WAY,LEFT TURN,ERHORERRDSWALNUTST,NONE,2020-09-01 17:12:00
INDIANA UNIV BLOOMINGTON PD,BLOOMINGTON,2,0.0,0.0,0.0,0,,,,E 7TH ST,N WOODLAWN AVE,,,,,,LOCAL/CITY ROAD,Y,URBAN,N,N,N,,DAYLIGHT,CLEAR,DRY,,T-INTERSECTION,STRAIGHT/LEVEL,ASPHALT,FOLLOWING TOO CLOSELY,REAR END,E7THSTWOODLAWNAVE,STOP SIGN,2020-09-01 18:25:00
MONROE SD,BLOOMINGTON,1,0.0,1.0,0.0,0,,,,SR 45,,,400.0,E,,,,Y,RURAL,N,N,N,,DAYLIGHT,CLEAR,DRY,,NO JUNCTION INVOLVED,STRAIGHT/GRADE,ASPHALT,UNSAFE BACKING,,SBUNGERRDWSTATERD45RD,NONE,2020-09-02 12:21:00
ELLETTSVILLE PD,ELLETTSVILLE,2,0.0,0.0,0.0,0,,,,DIANA DR,,,300.0,E,39.23345854,-86.6143284,LOCAL/CITY ROAD,Y,URBAN,N,N,N,,DAYLIGHT,CLEAR,DRY,,NO JUNCTION INVOLVED,STRAIGHT/LEVEL,ASPHALT,OTHER (DRIVER) - EXPLAIN IN NARRATIVE,OTHER - EXPLAIN IN NARRATIVE,DIANADRRENEEDR,NONE,2020-09-02 16:00:00
BLOOMINGTON PD,BLOOMINGTON,2,0.0,1.0,0.0,0,,,,SR 45/46,N DUNN ST,,50.0,W,39.186352,-86.528496,STATE ROAD,N,URBAN,N,N,N,,DAYLIGHT,CLEAR,DRY,,NO JUNCTION INVOLVED,STRAIGHT/LEVEL,ASPHALT,FOLLOWING TOO CLOSELY,REAR END,NDUNNSTSR4546W,NONE,2020-09-02 17:20:00
MONROE SD,BLOOMINGTON,1,0.0,0.0,0.0,0,,,,S LEONARD SPRINGS RD,,,500.0,N,39.09344,-86.591792,COUNTY ROAD,N,RURAL,N,N,N,,DAYLIGHT,CLEAR,DRY,,NO JUNCTION INVOLVED,STRAIGHT/GRADE,ASPHALT,RAN OFF ROAD RIGHT,RAN OFF ROAD,SLEONARDSPRINGSRDWMAYRD,NONE,2020-09-02 17:35:00
BLOOMINGTON PD,BLOOMINGTON,2,0.0,0.0,0.0,0,,,,S WALNUT ST,ENTRANCE TO DAIRY QUEEN,,500.0,N,39.136144,-86.528688,LOCAL/CITY ROAD,N,URBAN,N,N,N,,DAYLIGHT,CLOUDY,DRY,,NO JUNCTION INVOLVED,STRAIGHT/LEVEL,ASPHALT,FAILURE TO YIELD RIGHT OF WAY,RIGHT ANGLE,EWINSLOWRDSWALNUTST,NONE,2020-09-02 17:41:00
BLOOMINGTON PD,BLOOMINGTON,2,0.0,0.0,0.0,0,,,,S COLLEGE MALL RD,E BUICK CADILLAC BLVD,,,,39.15816,-86.497792,LOCAL/CITY ROAD,N,URBAN,N,N,N,,DAYLIGHT,CLEAR,WET,,NO JUNCTION INVOLVED,STRAIGHT/GRADE,ASPHALT,FAILURE TO YIELD RIGHT OF WAY,RIGHT ANGLE,EBUICKCADILLACBLVDSCOLLEGEMALLRD,TRAFFIC CONTROL SIGNAL,2020-09-02 17:54:00
ISP BLOOMINGTON 33,BLOOMINGTON,1,,0.0,0.0,1,,,,I-69 N,,,0.0,S,39.07115464,-86.60989096,INTERSTATE,,RURAL,N,N,Y,LANE CLOSURE,DARK (NOT LIGHTED),CLEAR,DRY,,NO JUNCTION INVOLVED,,ASPHALT,ANIMAL/OBJECT IN ROADWAY,RAN OFF ROAD,I-69110,,2020-09-02 22:45:00
INDIANA UNIV BLOOMINGTON PD,BLOOMINGTON,1,0.0,1.0,0.0,0,,,,E 3RD ST,S INDIANA AVE,,,,,,LOCAL/CITY ROAD,N,URBAN,N,N,N,,DAYLIGHT,CLOUDY,DRY,,FOUR-WAY INTERSECTION,STRAIGHT/LEVEL,ASPHALT,IMPROPER TURNING,RIGHT TURN,INDIANAAVETHIRDST,TRAFFIC CONTROL SIGNAL,2020-09-03 10:55:00
BLOOMINGTON PD,BLOOMINGTON,2,0.0,0.0,0.0,0,,,,S ROGERS ST,W 1ST ST,,,,39.17664,-86.538496,LOCAL/CITY ROAD,N,URBAN,N,N,N,,DAYLIGHT,CLOUDY,DRY,,FOUR-WAY INTERSECTION,STRAIGHT/LEVEL,ASPHALT,DISREGARD SIGNAL/REG SIGN,RIGHT ANGLE,1STSTROGERSST,STOP SIGN,2020-09-03 11:23:00
BLOOMINGTON PD,BLOOMINGTON,2,0.0,0.0,0.0,0,,,,S ADAMS ST,W 2ND ST,,,,39.160544,-86.5508,LOCAL/CITY ROAD,N,URBAN,N,N,N,,DAYLIGHT,CLOUDY,DRY,,FOUR-WAY INTERSECTION,STRAIGHT/LEVEL,ASPHALT,FAILURE TO YIELD RIGHT OF WAY,RIGHT ANGLE,2NDSTADAMSST,TRAFFIC CONTROL SIGNAL,2020-09-03 12:16:00
BLOOMINGTON PD,BLOOMINGTON,2,0.0,2.0,0.0,0,,,,S WALNUT ST,W GORDON PIKE,,,,39.121463,-86.531363,LOCAL/CITY ROAD,N,URBAN,N,N,N,,DARK (LIGHTED),CLEAR,DRY,,NO JUNCTION INVOLVED,STRAIGHT/LEVEL,ASPHALT,FAILURE TO YIELD RIGHT OF WAY,HEAD ON BETWEEN TWO MOTOR VEHICLES,RHORERRDSWALNUTST,TRAFFIC CONTROL SIGNAL,2020-09-03 21:50:00
ISP BLOOMINGTON 33,BLOOMINGTON,1,,0.0,0.0,0,,,,I-69 N,,,0.0,S,39.15897982,-86.57300284,INTERSTATE,,URBAN,N,N,N,,DARK (LIGHTED),CLEAR,DRY,,NO JUNCTION INVOLVED,,ASPHALT,,RAN OFF ROAD,I-69117.5,,2020-09-04 02:30:00
MONROE SD,BLOOMINGTON,1,0.0,1.0,0.0,0,9310.0,,,SR 446,,,,,39.148464,-86.471256,STATE ROAD,N,RURAL,N,Y,N,,DAWN/DUSK,CLEAR,DRY,,T-INTERSECTION,STRAIGHT/LEVEL,ASPHALT,RAN OFF ROAD RIGHT,RAN OFF ROAD,SR446S,NONE,2020-09-04 06:23:00
INDIANA UNIV BLOOMINGTON PD,BLOOMINGTON,2,0.0,0.0,0.0,0,,,,S HAWTHORNE DR,E 3RD ST,,,,39.164257,-86.52007,LOCAL/CITY ROAD,N,URBAN,N,N,N,,DAYLIGHT,CLEAR,DRY,,FOUR-WAY INTERSECTION,STRAIGHT/LEVEL,ASPHALT,IMPROPER TURNING,LEFT TURN,HAWTHORNELNTHIRDST,TRAFFIC CONTROL SIGNAL,2020-09-04 10:34:00
MONROE SD,BLOOMINGTON,2,1.0,0.0,0.0,0,,,,ENTERPRISE DR,W VERNAL PIKE,,,,39.17920055,-86.59114329,LOCAL/CITY ROAD,N,URBAN,N,N,N,,DAYLIGHT,CLEAR,DRY,,FOUR-WAY INTERSECTION,STRAIGHT/LEVEL,ASPHALT,DRIVER DISTRACTED - EXPLAIN IN NARRATIVE,REAR END,ENTERPRISEDRWVERNALPIKE,STOP SIGN,2020-09-04 11:25:00
BLOOMINGTON PD,BLOOMINGTON,2,0.0,0.0,0.0,0,,,,S PETE ELLIS DR,ENTRANCE TO WILLIAMSBURG CENTER (CENTER),,200.0,N,39.16478931,-86.495088,LOCAL/CITY ROAD,N,URBAN,N,N,N,,DAYLIGHT,CLEAR,DRY,,T-INTERSECTION,STRAIGHT/LEVEL,ASPHALT,FAILURE TO YIELD RIGHT OF WAY,LEFT TURN,E3RDSTPETEELLISDR,NONE,2020-09-04 14:52:00
BLOOMINGTON PD,BLOOMINGTON,1,0.0,1.0,0.0,0,,,,S WALNUT ST,PRIVATE,,50.0,N,0.0,0.0,LOCAL/CITY ROAD,N,URBAN,Y,N,N,,DAYLIGHT,CLEAR,DRY,,NO JUNCTION INVOLVED,STRAIGHT/LEVEL,ASPHALT,RAN OFF ROAD RIGHT,RAN OFF ROAD,PRIVATEDRSWALNUTST,NONE,2020-09-04 15:50:00
BLOOMINGTON PD,BLOOMINGTON,1,0.0,1.0,0.0,0,,,,N WASHINGTON ST,E 8TH ST,,100.0,S,39.169552,-86.5324,LOCAL/CITY ROAD,N,URBAN,N,N,N,,DAYLIGHT,CLEAR,DRY,,NO JUNCTION INVOLVED,STRAIGHT/GRADE,ASPHALT,PEDESTRIAN ACTION,RIGHT ANGLE,E8THSTNWASHINGTONST,NONE,2020-09-04 16:33:00
BLOOMINGTON PD,BLOOMINGTON,2,0.0,0.0,0.0,0,,,,S COLLEGE AVE,W 1ST ST,,,,39.17688,-86.534736,LOCAL/CITY ROAD,N,URBAN,N,N,N,,DARK (LIGHTED),CLEAR,DRY,,NO JUNCTION INVOLVED,STRAIGHT/LEVEL,ASPHALT,DISREGARD SIGNAL/REG SIGN,HEAD ON BETWEEN TWO MOTOR VEHICLES,SOUTHCOLLEGEAVEWEST1STST,TRAFFIC CONTROL SIGNAL,2020-09-05 01:50:00
ELLETTSVILLE PD,ELLETTSVILLE,2,0.0,0.0,0.0,0,,,,SR 46,N CENTENNIAL DR,,,,39.210144,-86.5832,STATE ROAD,N,URBAN,N,N,N,,DAYLIGHT,CLEAR,DRY,,FOUR-WAY INTERSECTION,STRAIGHT/GRADE,ASPHALT,FOLLOWING TOO CLOSELY,REAR END,SMITHPIKESR46W,TRAFFIC CONTROL SIGNAL,2020-09-05 11:57:00
BLOOMINGTON PD,BLOOMINGTON,2,0.0,0.0,0.0,0,,,,W BLOOMFIELD RD,I-69 N,,500.0,E,0.0,0.0,STATE ROAD,N,URBAN,N,N,N,,DAYLIGHT,CLEAR,DRY,,NO JUNCTION INVOLVED,STRAIGHT/LEVEL,ASPHALT,FOLLOWING TOO CLOSELY,REAR END,I69NSR45W,NONE,2020-09-05 15:20:00
BLOOMINGTON PD,BLOOMINGTON,2,0.0,1.0,0.0,0,,,,S ROCKPORT RD,W KISSELL DR,,60.0,S,39.14144,-86.543632,COUNTY ROAD,N,URBAN,N,N,N,,DAYLIGHT,CLEAR,DRY,,T-INTERSECTION,STRAIGHT/HILLCREST,ASPHALT,FAILURE TO YIELD RIGHT OF WAY,LEFT TURN,SROCKPORTRDWCOOLIDGEDR,NONE,2020-09-05 16:50:00
BLOOMINGTON PD,BLOOMINGTON,2,1.0,2.0,0.0,0,,,,SR 46,S PETE ELLIS DR,,,,39.16433776,-86.49496406,LOCAL/CITY ROAD,N,URBAN,N,N,N,,DAYLIGHT,CLEAR,DRY,,NO JUNCTION INVOLVED,STRAIGHT/GRADE,ASPHALT,FAILURE TO YIELD RIGHT OF WAY,LEFT/RIGHT TURN,33RDSTPETEELLISDR,TRAFFIC CONTROL SIGNAL,2020-09-05 16:52:00
ELLETTSVILLE PD,ELLETTSVILLE,2,0.0,0.0,0.0,0,,,,SR 46,N UNION VALLEY RD,,50.0,E,39.21505669,-86.59267291,STATE ROAD,N,URBAN,N,N,N,,DAYLIGHT,CLEAR,DRY,,NO JUNCTION INVOLVED,CURVE/LEVEL,ASPHALT,FOLLOWING TOO CLOSELY,REAR END,NUNIONVALLEYRDSR46W,LANE CONTROL,2020-09-05 18:09:00
INDIANA UNIV BLOOMINGTON PD,BLOOMINGTON,2,0.0,1.0,0.0,0,,,,SR 46,SR 45,,,,0.0,0.0,STATE ROAD,Y,URBAN,N,N,N,,DAYLIGHT,CLEAR,DRY,,FOUR-WAY INTERSECTION,STRAIGHT/LEVEL,ASPHALT,OTHER (DRIVER) - EXPLAIN IN NARRATIVE,REAR END,SR45SR46,TRAFFIC CONTROL SIGNAL,2020-09-05 18:40:00
MONROE SD,BLOOMINGTON,1,0.0,0.0,0.0,0,8233.0,,,S FAIRFAX RD,,,500.0,S,38.99313311,-86.490565,COUNTY ROAD,N,RURAL,N,N,N,,DARK (NOT LIGHTED),CLEAR,DRY,,NO JUNCTION INVOLVED,STRAIGHT/LEVEL,ASPHALT,RAN OFF ROAD RIGHT,RAN OFF ROAD,CLEVEBUTCHERRDSFAIRFAXRD,NONE,2020-09-05 21:17:00
MONROE SD,BLOOMINGTON,1,0.0,0.0,0.0,1,,,,SR 45,N VIKING RIDGE RD,,100.0,W,39.21953808,-86.44494463,STATE ROAD,N,RURAL,N,N,N,,DARK (NOT LIGHTED),CLEAR,DRY,,NO JUNCTION INVOLVED,STRAIGHT/GRADE,ASPHALT,ANIMAL/OBJECT IN ROADWAY,COLLISION WITH DEER,SR45EVIKINGRIDGERD,NONE,2020-09-05 23:09:00
BLOOMINGTON PD,BLOOMINGTON,2,0.0,0.0,0.0,0,,,,N SUMMIT ST,W 13TH ST,,,,0.0,0.0,LOCAL/CITY ROAD,Y,,N,N,N,,DAYLIGHT,CLEAR,DRY,,T-INTERSECTION,STRAIGHT/LEVEL,ASPHALT,UNSAFE SPEED,REAR END,13THSTSUMMITRD,STOP SIGN,2020-09-06 04:05:00
MONROE SD,BLOOMINGTON,2,0.0,0.0,0.0,0,,,,N SR 37 BUSINESS,E WHISNAND RD,,,,39.224641,-86.53978,LOCAL/CITY ROAD,N,RURAL,N,N,N,,DAYLIGHT,CLOUDY,DRY,,T-INTERSECTION,STRAIGHT/LEVEL,ASPHALT,FOLLOWING TOO CLOSELY,REAR END,EWHISNANDRDNSTATEROAD37BUSINESSRD,NONE,2020-09-06 12:28:00
MONROE SD,BLOOMINGTON,1,0.0,0.0,0.0,0,,,,SCOUT RIDGE RD,MAIN FOREST RD,,,,0.0,0.0,COUNTY ROAD,N,RURAL,N,N,N,,DAYLIGHT,CLEAR,DRY,,T-INTERSECTION,STRAIGHT/LEVEL,ASPHALT,IMPROPER TURNING,OTHER - EXPLAIN IN NARRATIVE,MAINFORESTRD,NONE,2020-09-06 15:00:00
INDIANA UNIV BLOOMINGTON PD,BLOOMINGTON,2,0.0,0.0,0.0,0,,,,S SWAIN AVE,E 3RD ST,,,,39.164261,-86.515275,LOCAL/CITY ROAD,N,URBAN,N,N,N,,DAYLIGHT,CLEAR,DRY,,T-INTERSECTION,STRAIGHT/LEVEL,ASPHALT,UNSAFE LANE MOVEMENT,LEFT TURN,SWAINAVETHIRDST,NONE,2020-09-06 15:55:00
MONROE SD,BLOOMINGTON,2,0.0,0.0,0.0,0,,,,SR 46,,,500.0,E,39.163636,-86.43800021,STATE ROAD,N,RURAL,N,N,N,,DAYLIGHT,CLOUDY,DRY,,NO JUNCTION INVOLVED,STRAIGHT/GRADE,ASPHALT,FOLLOWING TOO CLOSELY,REAR END,DUBLINDRSR46E,NONE,2020-09-06 16:07:00
BLOOMINGTON PD,BLOOMINGTON,2,0.0,0.0,0.0,0,,,,E ALLEN ST,S HENDERSON ST,,,,39.155548,-86.527023,LOCAL/CITY ROAD,Y,URBAN,N,N,N,,UNKNOWN,CLEAR,DRY,,NO JUNCTION INVOLVED,STRAIGHT/LEVEL,ASPHALT,OTHER (DRIVER) - EXPLAIN IN NARRATIVE,OPPOSITE DIRECTION SIDESWIPE,EALLENSTSOUTHHENDERSONST,NONE,2020-09-06 21:00:00
MONROE SD,BLOOMINGTON,1,0.0,0.0,0.0,0,,,,W BURMA RD,,,4300.0,N,0.0,0.0,LOCAL/CITY ROAD,N,RURAL,N,N,N,,DAYLIGHT,CLEAR,DRY,,NO JUNCTION INVOLVED,CURVE/HILLCREST,ASPHALT,ANIMAL/OBJECT IN ROADWAY,RAN OFF ROAD,WBURMARDWSYLVANLN,NONE,2020-09-07 00:16:00
MONROE SD,BLOOMINGTON,2,0.0,1.0,0.0,0,6560.0,,,SR 45,,,100.0,W,39.11918383,-86.61918243,STATE ROAD,N,URBAN,N,N,N,,DAYLIGHT,CLEAR,DRY,,T-INTERSECTION,STRAIGHT/LEVEL,ASPHALT,IMPROPER LANE USAGE,LEFT/RIGHT TURN,DUNLAPRDSR45W,NONE,2020-09-07 14:55:00
INDIANA UNIV BLOOMINGTON PD,BLOOMINGTON,2,0.0,0.0,0.0,0,,,,E 3RD ST,S JORDAN AVE,,,,39.164263,-86.516394,LOCAL/CITY ROAD,N,URBAN,N,N,N,,DAYLIGHT,CLEAR,DRY,,FOUR-WAY INTERSECTION,STRAIGHT/LEVEL,ASPHALT,UNSAFE LANE MOVEMENT,LEFT TURN,JORDANAVETHIRDST,TRAFFIC CONTROL SIGNAL,2020-09-07 18:49:00
MONROE SD,BLOOMINGTON,2,0.0,0.0,0.0,0,,,,SR 37,S OLD SR 37,,,,39.085632,-86.542304,STATE ROAD,N,RURAL,N,N,N,,DARK (NOT LIGHTED),CLEAR,DRY,,NO JUNCTION INVOLVED,STRAIGHT/LEVEL,ASPHALT,FAILURE TO YIELD RIGHT OF WAY,RIGHT ANGLE,OLDSTATEROAD37RDSR37N,TRAFFIC CONTROL SIGNAL,2020-09-07 21:02:00
ISP BLOOMINGTON 33,BLOOMINGTON,1,,2.0,0.0,0,,,,SR 446,,,0.0,S,39.04115903,-86.40714919,STATE ROAD,,RURAL,N,N,N,,DARK (NOT LIGHTED),CLEAR,DRY,,NO JUNCTION INVOLVED,,ASPHALT,,RAN OFF ROAD,SR4462000SofEHaysRoad,,2020-09-07 22:45:00
MONROE SD,BLOOMINGTON,3,0.0,1.0,0.0,0,,,,SR 46,W HEDRICK RD,,1000.0,E,39.27755,-86.67734867,STATE ROAD,N,RURAL,N,N,N,,DARK (NOT LIGHTED),CLEAR,DRY,,NO JUNCTION INVOLVED,STRAIGHT/HILLCREST,ASPHALT,FOLLOWING TOO CLOSELY,REAR END,SR46WWHEDRICKRD,NONE,2020-09-08 06:21:00
INDIANA UNIV BLOOMINGTON PD,BLOOMINGTON,2,0.0,0.0,0.0,0,,,,SR 45/46,E DISCOVERY PKWY,,,,0.0,0.0,STATE ROAD,N,URBAN,N,N,N,,DAYLIGHT,CLEAR,DRY,,T-INTERSECTION,STRAIGHT/GRADE,ASPHALT,OTHER (DRIVER) - EXPLAIN IN NARRATIVE,REAR END,EDISCOVERYPKWYSR46S,TRAFFIC CONTROL SIGNAL,2020-09-08 09:20:00
ELLETTSVILLE PD,ELLETTSVILLE,2,1.0,0.0,0.0,0,,,,SR 46,N MATTHEWS DR (N),,,,39.234768,-86.626384,STATE ROAD,N,URBAN,N,N,N,,DAYLIGHT,CLEAR,DRY,,NO JUNCTION INVOLVED,STRAIGHT/LEVEL,ASPHALT,FAILURE TO YIELD RIGHT OF WAY,SAME DIRECTION SIDESWIPE,MATTHEWSDRSR46W,TRAFFIC CONTROL SIGNAL,2020-09-08 11:19:00
BLOOMINGTON PD,BLOOMINGTON,2,0.0,1.0,0.0,0,,,,E 16TH ST,N LINCOLN ST,,,,39.177792,-86.530864,LOCAL/CITY ROAD,N,URBAN,N,N,N,,DAYLIGHT,CLEAR,DRY,,FOUR-WAY INTERSECTION,STRAIGHT/LEVEL,ASPHALT,VIEW OBSTRUCTED,RIGHT ANGLE,E16THSTNLINCOLNST,STOP SIGN,2020-09-08 13:45:00
MONROE SD,BLOOMINGTON,2,0.0,0.0,0.0,0,,,,W COUNTRY CLUB DR,S ROGERS ST,,50.0,E,39.13608,-86.538096,LOCAL/CITY ROAD,N,URBAN,N,N,N,,DAYLIGHT,CLEAR,DRY,,NO JUNCTION INVOLVED,STRAIGHT/GRADE,ASPHALT,FOLLOWING TOO CLOSELY,REAR END,SOUTHROGERSSTWESTCOUNTRYCLUBDR,NONE,2020-09-08 13:58:00
INDIANA UNIV BLOOMINGTON PD,BLOOMINGTON,2,0.0,1.0,0.0,0,,,,SR 45,N PETE ELLIS DR,,,,0.0,0.0,LOCAL/CITY ROAD,N,URBAN,N,N,N,,DAYLIGHT,CLEAR,DRY,,FOUR-WAY INTERSECTION,STRAIGHT/GRADE,ASPHALT,FAILURE TO YIELD RIGHT OF WAY,LEFT TURN,PETEELLISDRSR45,TRAFFIC CONTROL SIGNAL,2020-09-08 14:28:00
ELLETTSVILLE PD,ELLETTSVILLE,3,0.0,0.0,0.0,0,,,,SR 46,N SALE ST (N),,,,39.23384,-86.624704,STATE ROAD,N,URBAN,N,N,N,,DAYLIGHT,CLEAR,DRY,,T-INTERSECTION,STRAIGHT/LEVEL,ASPHALT,UNSAFE SPEED,REAR END,SSALESTSR46W,TRAFFIC CONTROL SIGNAL,2020-09-08 15:44:00
BLOOMINGTON PD,BLOOMINGTON,1,0.0,1.0,0.0,0,,,,N SR 37 BUSINESS,W OLD SR 37,,,,39.250688,-86.529744,STATE ROAD,N,URBAN,N,N,N,,DAYLIGHT,CLEAR,DRY,,FOUR-WAY INTERSECTION,STRAIGHT/GRADE,ASPHALT,PEDESTRIAN ACTION,OTHER - EXPLAIN IN NARRATIVE,NWALNUTSTSR37N,TRAFFIC CONTROL SIGNAL,2020-09-09 08:40:00
BLOOMINGTON PD,BLOOMINGTON,3,0.0,0.0,0.0,0,,,,E HILLSIDE DR,S DORCHESTER DR,,,,39.150544,-86.512592,LOCAL/CITY ROAD,N,URBAN,N,N,N,,DAYLIGHT,CLEAR,DRY,,T-INTERSECTION,STRAIGHT/GRADE,ASPHALT,LEFT OF CENTER,OPPOSITE DIRECTION SIDESWIPE,DORCHESTERDRHILLSIDEDR,STOP SIGN,2020-09-09 08:45:00
ELLETTSVILLE PD,ELLETTSVILLE,2,0.0,0.0,0.0,0,,,,SR 46,N UNION VALLEY RD,,,,39.215152,-86.5928,STATE ROAD,N,URBAN,N,N,N,,DAYLIGHT,CLEAR,DRY,,FOUR-WAY INTERSECTION,STRAIGHT/LEVEL,ASPHALT,FOLLOWING TOO CLOSELY,REAR END,SR46WUNIONVALLEYRD,TRAFFIC CONTROL SIGNAL,2020-09-09 13:33:00
BLOOMINGTON PD,BLOOMINGTON,2,0.0,1.0,0.0,0,,,,N WALNUT ST,E 19TH ST,,,,39.181552,-86.5336,LOCAL/CITY ROAD,N,URBAN,N,N,N,,DAYLIGHT,CLEAR,DRY,,T-INTERSECTION,STRAIGHT/LEVEL,ASPHALT,FOLLOWING TOO CLOSELY,REAR END,E19THSTNWALNUTST,NONE,2020-09-09 14:10:00
MONROE SD,BLOOMINGTON,2,0.0,0.0,0.0,0,1322.0,,,S CURRY PIKE,W CURRY CT,,,,39.154053,-86.582632,COUNTY ROAD,N,RURAL,N,N,N,,DAYLIGHT,CLEAR,DRY,,T-INTERSECTION,STRAIGHT/LEVEL,ASPHALT,IMPROPER TURNING,LEFT TURN,CURRYCTCURRYPIKE,NONE,2020-09-09 15:49:00
MONROE SD,BLOOMINGTON,1,0.0,1.0,0.0,0,,,,S DERBY DR,E CITATION DR,,,,39.119594,-86.521475,COUNTY ROAD,N,RURAL,N,N,N,,DAYLIGHT,CLEAR,DRY,,T-INTERSECTION,STRAIGHT/LEVEL,ASPHALT,OTHER (DRIVER) - EXPLAIN IN NARRATIVE,RAN OFF ROAD,CITATIONDRDERBYDR,NONE,2020-09-09 17:25:00
MONROE SD,BLOOMINGTON,1,0.0,1.0,0.0,0,,,,I-69 N,,,100.0,N,0.0,0.0,INTERSTATE,N,URBAN,N,N,N,,DARK (NOT LIGHTED),CLEAR,DRY,,NO JUNCTION INVOLVED,STRAIGHT/LEVEL,ASPHALT,STEERING FAILURE,RAN OFF ROAD,I69N127.0,LANE CONTROL,2020-09-10 00:31:00
MONROE SD,ELLETTSVILLE,1,0.0,1.0,0.0,0,9879.0,,,W REEVES RD,,,,,39.24152825,-86.68116535,LOCAL/CITY ROAD,N,RURAL,N,N,N,,DAYLIGHT,CLEAR,DRY,,NO JUNCTION INVOLVED,CURVE/GRADE,ASPHALT,RAN OFF ROAD RIGHT,RAN OFF ROAD,WREEVESRD,NONE,2020-09-10 01:42:00
MONROE SD,BLOOMINGTON,1,0.0,0.0,0.0,0,,,,SR 37,E MONROE DAM RD,,200.0,N,39.02059174,-86.53601714,STATE ROAD,N,RURAL,N,N,N,,DARK (NOT LIGHTED),CLEAR,DRY,,NO JUNCTION INVOLVED,STRAIGHT/HILLCREST,ASPHALT,ANIMAL/OBJECT IN ROADWAY,COLLISION WITH OBJECT IN ROAD,EASTMONROEDAMRDSR37S,NONE,2020-09-10 07:01:00
BLOOMINGTON PD,BLOOMINGTON,3,0.0,0.0,0.0,0,,,,W SUNSTONE DR,S DELILA STAR DR,,,,39.1391853,-86.5573361,LOCAL/CITY ROAD,N,URBAN,N,N,N,,DAYLIGHT,CLEAR,DRY,,FOUR-WAY INTERSECTION,STRAIGHT/LEVEL,ASPHALT,CELL PHONE USAGE,OPPOSITE DIRECTION SIDESWIPE,DELILASTARDRSUNSTONEDR,NONE,2020-09-10 13:38:00
INDIANA UNIV BLOOMINGTON PD,BLOOMINGTON,2,0.0,1.0,0.0,0,,,,N FEE LN,N JORDAN AVE,,,,39.18384,-86.5192,LOCAL/CITY ROAD,N,URBAN,N,N,N,,DAYLIGHT,CLEAR,DRY,,FOUR-WAY INTERSECTION,STRAIGHT/LEVEL,ASPHALT,FAILURE TO YIELD RIGHT OF WAY,RIGHT ANGLE,NFEELNNJORDANAVE,STOP SIGN,2020-09-10 14:17:00
BLOOMINGTON PD,BLOOMINGTON,2,0.0,3.0,0.0,0,,,,SR 48,S CURRY PIKE,,,,39.16465,-86.582939,LOCAL/CITY ROAD,N,URBAN,N,N,N,,DAYLIGHT,CLEAR,DRY,,FOUR-WAY INTERSECTION,STRAIGHT/LEVEL,CONCRETE,FAILURE TO YIELD RIGHT OF WAY,HEAD ON BETWEEN TWO MOTOR VEHICLES,SCURRYPIKEW3RDST,TRAFFIC CONTROL SIGNAL,2020-09-10 18:16:00
MONROE SD,BLOOMINGTON,1,1.0,1.0,0.0,0,,,,I-69 N,,,10.0,S,0.0,0.0,INTERSTATE,N,RURAL,N,N,N,,DARK (NOT LIGHTED),CLEAR,DRY,,NO JUNCTION INVOLVED,CURVE/GRADE,ASPHALT,DRIVER ASLEEP OR FATIGUED,RAN OFF ROAD,I69N130.5,NONE,2020-09-10 23:16:00
ISP BLOOMINGTON 33,BLOOMINGTON,1,,0.0,0.0,1,,,,SR 37,,,950.0,N,39.07259981,-86.53608746,STATE ROAD,,URBAN,N,N,N,,DARK (NOT LIGHTED),CLEAR,DRY,,NO JUNCTION INVOLVED,,ASPHALT,ANIMAL/OBJECT IN ROADWAY,COLLISION WITH DEER,WSmithvilleRdStateRd37,,2020-09-11 05:30:00
MONROE SD,BLOOMINGTON,1,0.0,0.0,0.0,0,,,,S BREEDEN RD,,,890.0,N,39.058176,-86.671264,COUNTY ROAD,N,RURAL,N,N,N,,DAYLIGHT,CLOUDY,DRY,,NO JUNCTION INVOLVED,CURVE/GRADE,ASPHALT,RAN OFF ROAD RIGHT,RAN OFF ROAD,SOUTHBREEDENRDWESTGRAVESRD,NONE,2020-09-11 10:30:00
BLOOMINGTON PD,BLOOMINGTON,2,0.0,0.0,0.0,0,,Y,N,I-69 N,W 3RD ST,,,,0.0,0.0,INTERSTATE,N,URBAN,N,N,N,,DAYLIGHT,CLOUDY,DRY,,RAMP,STRAIGHT/GRADE,ASPHALT,FAILURE TO YIELD RIGHT OF WAY,SAME DIRECTION SIDESWIPE,I69N,LANE CONTROL,2020-09-11 11:00:00