Agency,City,Vehicles Involved,Trailers Involved,Number Injured,Number Dead,Number Deer,House Number,Roadway Interchange,Roadway Ramp,Roadway Id,Intersecting Road,Interchange,Feet From,Direction,Latitude,Longitude,Roadway Class,Hit and Run?,Locality,School Zone?,Rumble Strips?,Construction?,Construction Type,Light Condition,Weather Conditions,Surface Condition,Type of Median,Roadway Junction Type,Road Character,Roadway Surface,Primary Factor,Manner of Collision,Unique Location Id,Traffic Control,DateTime
BLOOMINGTON PD,BLOOMINGTON,1,0.0,1.0,0.0,0,,,,S COLLEGE AVE,W 1ST ST,,,,39.15944,-86.53488,LOCAL/CITY ROAD,N,URBAN,N,N,N,,DAYLIGHT,CLEAR,DRY,,FOUR-WAY INTERSECTION,STRAIGHT/GRADE,ASPHALT,FAILURE TO YIELD RIGHT OF WAY,NON-COLLISION,E1STSTSCOLLEGEAVE,TRAFFIC CONTROL SIGNAL,2020-09-11 11:44:00
INDIANA UNIV BLOOMINGTON PD,BLOOMINGTON,2,0.0,0.0,0.0,0,,,,S HAWTHORNE DR,E ATWATER AVE,,,,39.163089,-86.520197,LOCAL/CITY ROAD,N,URBAN,N,N,N,,DAYLIGHT,CLOUDY,DRY,,FOUR-WAY INTERSECTION,STRAIGHT/GRADE,ASPHALT,DISREGARD SIGNAL/REG SIGN,RIGHT ANGLE,ATWATERAVEHAWTHORNELN,STOP SIGN,2020-09-11 13:45:00
BLOOMINGTON PD,BLOOMINGTON,2,0.0,0.0,0.0,0,,,,W 3RD ST,I-69 S,,,,0.0,0.0,LOCAL/CITY ROAD,Y,URBAN,N,N,N,,DAYLIGHT,CLOUDY,DRY,,FOUR-WAY INTERSECTION,STRAIGHT/LEVEL,ASPHALT,FAILURE TO YIELD RIGHT OF WAY,RIGHT ANGLE,I69OPASW3RDST,TRAFFIC CONTROL SIGNAL,2020-09-11 15:20:00
BLOOMINGTON PD,BLOOMINGTON,2,0.0,0.0,0.0,0,,,,SR 46,E 3RD ST,,500.0,N,39.21720485,-86.472159,LOCAL/CITY ROAD,N,URBAN,N,N,N,,DAYLIGHT,CLEAR,DRY,,FOUR-WAY INTERSECTION,STRAIGHT/GRADE,ASPHALT,FOLLOWING TOO CLOSELY,REAR END,E3RDSTESTATEROAD46HWY,NONE,2020-09-11 17:10:00
INDIANA UNIV BLOOMINGTON PD,BLOOMINGTON,2,0.0,1.0,0.0,0,,,,SR 45/46,E 10TH ST,,440.0,S,39.12861032,-86.5042677,STATE ROAD,N,URBAN,N,N,N,,DAYLIGHT,CLOUDY,DRY,,NO JUNCTION INVOLVED,STRAIGHT/LEVEL,ASPHALT,CELL PHONE USAGE,REAR END,DISCOVERYPKWYSR45S,NONE,2020-09-11 17:50:00
BLOOMINGTON PD,BLOOMINGTON,1,0.0,1.0,0.0,0,,,,N DUNN ST,E 7TH ST,,,,39.16864,-86.528224,LOCAL/CITY ROAD,Y,URBAN,N,N,N,,DARK (LIGHTED),CLEAR,DRY,,FOUR-WAY INTERSECTION,STRAIGHT/LEVEL,CONCRETE,DISREGARD SIGNAL/REG SIGN,RIGHT TURN,EAST7THSTNORTHDUNNST,STOP SIGN,2020-09-12 01:48:00
MONROE SD,BLOOMINGTON,2,0.0,0.0,0.0,0,,,,SR 45,S BUNGER RD,,,,39.12936,-86.604336,STATE ROAD,N,RURAL,N,N,N,,DAYLIGHT,CLEAR,DRY,,T-INTERSECTION,STRAIGHT/GRADE,ASPHALT,FOLLOWING TOO CLOSELY,REAR END,BUNGERRDSR45W,NONE,2020-09-12 01:49:00
BLOOMINGTON PD,BLOOMINGTON,2,0.0,0.0,0.0,0,,,,SR 45/46,N WALNUT ST,,,,39.186368,-86.5344,STATE ROAD,N,URBAN,N,N,N,,DAYLIGHT,CLEAR,DRY,,FOUR-WAY INTERSECTION,STRAIGHT/LEVEL,ASPHALT,FAILURE TO YIELD RIGHT OF WAY,RIGHT TURN,NWALNUTSTSR46W,TRAFFIC CONTROL SIGNAL,2020-09-12 09:42:00
ELLETTSVILLE PD,ELLETTSVILLE,2,0.0,0.0,0.0,0,4724.0,,,SR 46,N BRIAR GATE DR,,80.0,E,39.216569,-86.59634092,STATE ROAD,N,URBAN,N,N,N,,DAYLIGHT,CLEAR,DRY,,NO JUNCTION INVOLVED,STRAIGHT/LEVEL,ASPHALT,FAILURE TO YIELD RIGHT OF WAY,RIGHT ANGLE,BRIARGATEDRSR46W,LANE CONTROL,2020-09-12 12:35:00
ELLETTSVILLE PD,ELLETTSVILLE,2,0.0,0.0,0.0,0,,,,SR 46,N RIDGEWOOD DR,,,,39.217248,-86.598992,STATE ROAD,N,URBAN,N,N,N,,DAYLIGHT,CLEAR,DRY,,T-INTERSECTION,STRAIGHT/LEVEL,ASPHALT,FAILURE TO YIELD RIGHT OF WAY,SAME DIRECTION SIDESWIPE,RIDGEWOODDRSR46W,LANE CONTROL,2020-09-12 13:25:00
ELLETTSVILLE PD,ELLETTSVILLE,1,0.0,1.0,0.0,0,,,,W REEVES RD,N THOMAS RD,,50.0,S,39.231152,-86.6308,LOCAL/CITY ROAD,N,URBAN,N,N,N,,DAYLIGHT,CLEAR,DRY,,NO JUNCTION INVOLVED,STRAIGHT/LEVEL,ASPHALT,RAN OFF ROAD RIGHT,RAN OFF ROAD,REEVESRDTHOMASRD,NONE,2020-09-12 14:05:00
ISP BLOOMINGTON 33,BLOOMINGTON,1,,1.0,0.0,0,,,,I-69 S,,,0.0,S,39.15858079,-86.57320923,INTERSTATE,,URBAN,N,N,N,,DAYLIGHT,CLEAR,DRY,,NO JUNCTION INVOLVED,,CONCRETE,FOLLOWING TOO CLOSELY,SAME DIRECTION SIDESWIPE,I-69117.5,,2020-09-12 15:15:00
MONROE SD,BLOOMINGTON,2,0.0,1.0,0.0,0,8860.0,,,SR 45,,,,,39.125312,-86.610496,STATE ROAD,Y,RURAL,N,N,N,,DAYLIGHT,CLEAR,DRY,,NO JUNCTION INVOLVED,STRAIGHT/LEVEL,ASPHALT,RAN OFF ROAD RIGHT,RAN OFF ROAD,SR45W,NONE,2020-09-12 15:46:00
BLOOMINGTON PD,BLOOMINGTON,3,0.0,0.0,0.0,0,,,,SR 46,S PARK RIDGE RD,,,,39.16424,-86.476096,LOCAL/CITY ROAD,N,URBAN,N,N,N,,DAYLIGHT,CLOUDY,DRY,,NO JUNCTION INVOLVED,STRAIGHT/GRADE,ASPHALT,FOLLOWING TOO CLOSELY,REAR END,E3RDSTSPARKRIDGERD,NONE,2020-09-12 17:59:00
BLOOMINGTON PD,BLOOMINGTON,2,0.0,0.0,0.0,0,2036.0,,,WALNUT KNOLLS APARTMENT DR,,,,,39.232544,-86.540704,UNKNOWN,Y,URBAN,N,N,N,,UNKNOWN,CLEAR,DRY,,NO JUNCTION INVOLVED,STRAIGHT/LEVEL,ASPHALT,IMPROPER TURNING,LEFT TURN,NWALNUTST,NONE,2020-09-13 00:00:00
MONROE SD,BLOOMINGTON,1,0.0,0.0,0.0,0,,,,SR 48,,,2600.0,W,39.16858213,-86.67016955,STATE ROAD,N,RURAL,N,N,N,,DAYLIGHT,CLOUDY,WET,,NO JUNCTION INVOLVED,CURVE/LEVEL,ASPHALT,SPEED TOO FAST FOR WEATHER CONDITIONS,RAN OFF ROAD,SR48WWVERNALPIKE,NONE,2020-09-13 08:38:00
BLOOMINGTON PD,BLOOMINGTON,2,0.0,1.0,0.0,0,,,,E 3RD ST,S JEFFERSON ST,,,,39.164304,-86.506992,LOCAL/CITY ROAD,N,URBAN,N,N,N,,DAYLIGHT,CLOUDY,DRY,,NO JUNCTION INVOLVED,STRAIGHT/GRADE,ASPHALT,FOLLOWING TOO CLOSELY,REAR END,E3RDSTSJEFFERSONST,NONE,2020-09-13 13:45:00
BLOOMINGTON PD,BLOOMINGTON,2,0.0,0.0,0.0,0,,,,W 3RD ST,I-69 N,,,,0.0,0.0,LOCAL/CITY ROAD,Y,URBAN,N,N,N,,DAYLIGHT,CLEAR,DRY,,FOUR-WAY INTERSECTION,STRAIGHT/LEVEL,ASPHALT,DISREGARD SIGNAL/REG SIGN,RIGHT ANGLE,INTERSTATE69HWYW3RDST,TRAFFIC CONTROL SIGNAL,2020-09-13 14:00:00
BLOOMINGTON PD,BLOOMINGTON,2,0.0,1.0,0.0,0,,,,N ADAMS ST,W 7TH ST,,,,39.168576,-86.5496,LOCAL/CITY ROAD,N,URBAN,N,N,N,,DAYLIGHT,CLEAR,DRY,,NO JUNCTION INVOLVED,STRAIGHT/LEVEL,ASPHALT,OTHER (DRIVER) - EXPLAIN IN NARRATIVE,RAN OFF ROAD,NADAMSSTW7THST,NONE,2020-09-13 15:47:00
BLOOMINGTON PD,BLOOMINGTON,1,0.0,1.0,0.0,0,,,,SR 45/46,N MARTHA ST,,,,39.186352,-86.531696,STATE ROAD,N,URBAN,N,N,N,,DAYLIGHT,CLEAR,DRY,,NO JUNCTION INVOLVED,STRAIGHT/LEVEL,ASPHALT,FOLLOWING TOO CLOSELY,NON-COLLISION,NMARTHASTSR45E,NONE,2020-09-13 18:26:00
MONROE SD,BLOOMINGTON,1,0.0,0.0,0.0,1,,,,W OLD SR 37,,,1500.0,N,39.37424245,-86.521524,STATE ROAD,N,RURAL,N,N,N,,DAYLIGHT,CLEAR,DRY,,NO JUNCTION INVOLVED,CURVE/GRADE,ASPHALT,ANIMAL/OBJECT IN ROADWAY,COLLISION WITH DEER,BETHELLNSR37N,NONE,2020-09-13 18:29:00
BLOOMINGTON PD,BLOOMINGTON,1,0.0,1.0,0.0,0,,,,E COTTAGE GROVE AVE,N INDIANA AVE,,,,39.17264,-86.52704,LOCAL/CITY ROAD,N,URBAN,N,N,N,,DARK (LIGHTED),CLEAR,DRY,,FOUR-WAY INTERSECTION,STRAIGHT/LEVEL,ASPHALT,UNSAFE SPEED,RAN OFF ROAD,ECOTTAGEGROVEAVENINDIANAAVE,NONE,2020-09-13 23:50:00
BLOOMINGTON PD,BLOOMINGTON,2,0.0,0.0,0.0,0,,,,N DUNN ST,SR 45/46,,,,39.186352,-86.528496,LOCAL/CITY ROAD,N,URBAN,N,N,N,,DAYLIGHT,CLEAR,DRY,,FOUR-WAY INTERSECTION,STRAIGHT/GRADE,ASPHALT,FOLLOWING TOO CLOSELY,REAR END,EASTSR4546HWYNORTHDUNNST,TRAFFIC CONTROL SIGNAL,2020-09-14 13:20:00
MONROE SD,BLOOMINGTON,1,0.0,0.0,0.0,0,,,,S STRAIN RIDGE RD,S ANNE AVE,,100.0,E,39.070017,-86.50763165,LOCAL/CITY ROAD,N,RURAL,N,N,N,,DAYLIGHT,CLEAR,DRY,,NO JUNCTION INVOLVED,CURVE/LEVEL,CONCRETE,UNSAFE SPEED,RAN OFF ROAD,SANNEAVESSTRAINRIDGERD,NONE,2020-09-14 14:57:00
INDIANA UNIV BLOOMINGTON PD,BLOOMINGTON,3,0.0,2.0,0.0,0,,,,S HAWTHORNE DR,E ATWATER AVE,,,,39.163089,-86.520197,LOCAL/CITY ROAD,N,URBAN,N,N,N,,DAYLIGHT,CLEAR,DRY,,FOUR-WAY INTERSECTION,STRAIGHT/LEVEL,ASPHALT,DISREGARD SIGNAL/REG SIGN,RIGHT ANGLE,ATWATERAVEHAWTHORNELN,STOP SIGN,2020-09-14 15:25:00
INDIANA UNIV BLOOMINGTON PD,BLOOMINGTON,2,0.0,0.0,0.0,0,,,,E 3RD ST,S JORDAN AVE,,,,39.164263,-86.516394,LOCAL/CITY ROAD,N,URBAN,N,N,N,,DAYLIGHT,CLEAR,DRY,,FOUR-WAY INTERSECTION,STRAIGHT/LEVEL,ASPHALT,UNSAFE LANE MOVEMENT,SAME DIRECTION SIDESWIPE,E3RDSTSJORDANAVE,TRAFFIC CONTROL SIGNAL,2020-09-14 15:32:00
INDIANA UNIV BLOOMINGTON PD,BLOOMINGTON,2,0.0,0.0,0.0,0,,,,S SWAIN AVE,E 3RD ST,,,,39.164261,-86.515275,LOCAL/CITY ROAD,N,URBAN,N,N,N,,DAYLIGHT,CLEAR,DRY,,T-INTERSECTION,STRAIGHT/LEVEL,ASPHALT,IMPROPER TURNING,LEFT TURN,SWAINAVETHIRDST,LANE CONTROL,2020-09-14 16:25:00
INDIANA UNIV BLOOMINGTON PD,BLOOMINGTON,1,0.0,0.0,0.0,0,1018.0,,,S HAWTHORNE DR,,,,,39.16389,-86.52051,LOCAL/CITY ROAD,N,URBAN,N,N,N,,DAYLIGHT,CLEAR,DRY,,NO JUNCTION INVOLVED,STRAIGHT/LEVEL,ASPHALT,UNSAFE BACKING,RAN OFF ROAD,E3RDST,NONE,2020-09-14 18:30:00
MONROE SD,BLOOMINGTON,1,0.0,0.0,0.0,1,,,,SR 45,N RICHARDSON RD,,,,39.23984,-86.387696,STATE ROAD,N,RURAL,N,N,N,,DARK (NOT LIGHTED),CLEAR,DRY,,T-INTERSECTION,CURVE/GRADE,ASPHALT,ANIMAL/OBJECT IN ROADWAY,COLLISION WITH DEER,RICHARDSONRDSR45E,NONE,2020-09-14 19:46:00
BLOOMINGTON PD,BLOOMINGTON,2,0.0,0.0,0.0,0,,,,N COLLEGE AVE,W 10TH ST,,,,39.171744,-86.534768,LOCAL/CITY ROAD,Y,URBAN,N,N,N,,DAYLIGHT,CLEAR,DRY,,FOUR-WAY INTERSECTION,STRAIGHT/GRADE,ASPHALT,UNSAFE LANE MOVEMENT,LEFT/RIGHT TURN,NCOLLEGEAVEW10THST,TRAFFIC CONTROL SIGNAL,2020-09-15 09:56:00
MONROE SD,BLOOMINGTON,2,0.0,2.0,0.0,0,,,,SR 37,E DILLMAN RD,,,,39.092965,-86.546052,STATE ROAD,N,RURAL,N,Y,N,,DAYLIGHT,CLEAR,DRY,,NO JUNCTION INVOLVED,STRAIGHT/LEVEL,ASPHALT,FAILURE TO YIELD RIGHT OF WAY,RIGHT ANGLE,DILLMANRDSR37S,FLASHING OVERHEAD BEACON,2020-09-15 15:06:00
BLOOMINGTON PD,BLOOMINGTON,2,0.0,1.0,0.0,0,,,,S WALNUT ST,W GORDON PIKE,,200.0,N,39.12144,-86.526496,LOCAL/CITY ROAD,N,URBAN,N,N,N,,DAYLIGHT,CLEAR,DRY,,FOUR-WAY INTERSECTION,STRAIGHT/GRADE,ASPHALT,FAILURE TO YIELD RIGHT OF WAY,LEFT TURN,ERHORERRDSWALNUTST,NONE,2020-09-15 15:15:00
MONROE SD,BLOOMINGTON,2,0.0,0.0,0.0,0,,,,N SMITH PIKE,W WOODYARD RD,,,,0.0,0.0,LOCAL/CITY ROAD,N,RURAL,N,N,N,,DAYLIGHT,CLEAR,DRY,,T-INTERSECTION,STRAIGHT/LEVEL,ASPHALT,FOLLOWING TOO CLOSELY,RIGHT ANGLE,NSMITHPIKEWWOODYARDRD,STOP SIGN,2020-09-15 16:26:00
ELLETTSVILLE PD,ELLETTSVILLE,2,0.0,0.0,0.0,0,,,,SR 46,N UNION VALLEY RD,,200.0,E,39.2153592,-86.59302861,STATE ROAD,N,URBAN,N,N,N,,DAYLIGHT,CLEAR,DRY,,NO JUNCTION INVOLVED,STRAIGHT/LEVEL,ASPHALT,FOLLOWING TOO CLOSELY,REAR END,SR46WUNIONVALLEYRD,LANE CONTROL,2020-09-15 17:45:00
BLOOMINGTON PD,BLOOMINGTON,2,0.0,0.0,0.0,0,1341.0,,,W MILIEU DR,S WESTPLEX AVE,,,,39.16235317,-86.55253233,UNKNOWN,Y,URBAN,N,N,N,,UNKNOWN,CLEAR,DRY,,NO JUNCTION INVOLVED,STRAIGHT/LEVEL,ASPHALT,IMPROPER LANE USAGE,LEFT TURN,WMILIEUDR,LANE CONTROL,2020-09-16 00:59:00
MONROE SD,BLOOMINGTON,2,0.0,0.0,0.0,0,,,,N CURRY PIKE,W VERNAL PIKE,,,,39.179248,-86.5832,LOCAL/CITY ROAD,N,URBAN,N,N,N,,DAYLIGHT,CLEAR,DRY,,FOUR-WAY INTERSECTION,STRAIGHT/LEVEL,ASPHALT,FOLLOWING TOO CLOSELY,REAR END,CURRYPIKEVERNALPIKE,TRAFFIC CONTROL SIGNAL,2020-09-16 02:09:00
BLOOMINGTON PD,BLOOMINGTON,2,0.0,1.0,0.0,0,,,,N WALNUT ST,ENTRANCE TO SPEEDWAY GAS STATION,,,,0.0,0.0,LOCAL/CITY ROAD,N,URBAN,N,N,N,,DAYLIGHT,FOG/SMOKE/SMOG,DRY,,T-INTERSECTION,STRAIGHT/GRADE,ASPHALT,FAILURE TO YIELD RIGHT OF WAY,RIGHT ANGLE,ENTRANCETO2700NWALNUTSTNWALNUTST,STOP SIGN,2020-09-16 08:10:00
INDIANA UNIV BLOOMINGTON PD,BLOOMINGTON,1,0.0,0.0,0.0,0,150.0,,,ENTRANCE TO JORDAN PARKING GARAGE,,,,,39.16557833,-86.51795333,UNKNOWN,N,URBAN,N,N,N,,DAYLIGHT,CLEAR,DRY,,NO JUNCTION INVOLVED,NON-ROADWAY CRASH,ASPHALT,UNSAFE SPEED,COLLISION WITH OBJECT IN ROAD,NJORDANAVE,NONE,2020-09-16 13:50:00
BLOOMINGTON PD,BLOOMINGTON,2,0.0,1.0,0.0,0,,,,I-69 S,SR 45,,500.0,N,0.0,0.0,INTERSTATE,N,URBAN,N,N,N,,DARK (LIGHTED),CLEAR,DRY,,INTERCHANGE,STRAIGHT/LEVEL,ASPHALT,DRIVER DISTRACTED - EXPLAIN IN NARRATIVE,REAR END,I69SWBLOOMFIELDRD,NONE,2020-09-17 03:37:00
ISP BLOOMINGTON 33,BLOOMINGTON,1,,0.0,0.0,0,,,,SR 46,,,500.0,W,39.15201227,-86.39087827,STATE ROAD,,RURAL,N,N,N,,DAYLIGHT,FOG/SMOKE/SMOG,WET,,NO JUNCTION INVOLVED,,ASPHALT,,RAN OFF ROAD,StateRd46NBrummettsCreekRd,,2020-09-17 07:05:00
BLOOMINGTON PD,BLOOMINGTON,3,0.0,0.0,0.0,0,,,,S HENDERSON ST,E THORNTON DR,,100.0,S,39.14826934,-86.526912,LOCAL/CITY ROAD,Y,URBAN,N,N,N,,DAYLIGHT,CLEAR,DRY,,NO JUNCTION INVOLVED,STRAIGHT/GRADE,ASPHALT,UNSAFE LANE MOVEMENT,REAR END,HENDERSONSTTHORNTONDR,LANE CONTROL,2020-09-17 11:47:00
BLOOMINGTON PD,BLOOMINGTON,2,0.0,0.0,0.0,0,,,,E HILLSIDE DR,S HIGH ST,,,,39.150445,-86.508421,LOCAL/CITY ROAD,N,URBAN,N,N,N,,DAYLIGHT,CLEAR,DRY,,FOUR-WAY INTERSECTION,STRAIGHT/LEVEL,ASPHALT,FAILURE TO YIELD RIGHT OF WAY,RIGHT ANGLE,EASTHILLSIDEDRSOUTHHIGHST,TRAFFIC CONTROL SIGNAL,2020-09-17 13:30:00
INDIANA UNIV BLOOMINGTON PD,BLOOMINGTON,2,0.0,1.0,0.0,0,,,,SR 45/46,E DISCOVERY PKWY,,300.0,S,39.14341853,-86.5042677,STATE ROAD,N,URBAN,N,N,N,,DAYLIGHT,CLEAR,DRY,,NO JUNCTION INVOLVED,STRAIGHT/LEVEL,ASPHALT,OTHER (DRIVER) - EXPLAIN IN NARRATIVE,REAR END,DISCOVERYPKWYSR45S,LANE CONTROL,2020-09-17 14:30:00
ISP BLOOMINGTON 33,ELLETTSVILLE,3,,0.0,0.0,0,,,,SR 46,N LOVE LN,,475.0,E,39.21960197,-86.60294277,STATE ROAD,,URBAN,N,N,N,,DAYLIGHT,CLEAR,DRY,,T-INTERSECTION,,ASPHALT,FAILURE TO YIELD RIGHT OF WAY,RIGHT ANGLE,StateRd46NLoveLn,,2020-09-17 17:20:00
MONROE SD,BLOOMINGTON,1,0.0,0.0,0.0,0,,,,I-69 S,,,1140.0,N,0.0,0.0,INTERSTATE,N,RURAL,N,Y,N,,DARK (NOT LIGHTED),CLEAR,DRY,,NO JUNCTION INVOLVED,STRAIGHT/LEVEL,ASPHALT,RAN OFF ROAD RIGHT,RAN OFF ROAD,I69S121.0,LANE CONTROL,2020-09-18 01:20:00
MONROE SD,BLOOMINGTON,2,0.0,0.0,0.0,0,,,,SR 37,S WALNUT ST,,50.0,S,39.08551781,-86.54220612,STATE ROAD,N,URBAN,N,N,N,,DARK (NOT LIGHTED),CLEAR,DRY,,FOUR-WAY INTERSECTION,STRAIGHT/LEVEL,ASPHALT,FOLLOWING TOO CLOSELY,REAR END,SOUTHOLDSTATEROAD37RDSR37S,TRAFFIC CONTROL SIGNAL,2020-09-18 06:45:00
BLOOMINGTON PD,BLOOMINGTON,2,0.0,0.0,0.0,0,,,,E 10TH ST,N LINCOLN ST,,,,39.171712,-86.530992,LOCAL/CITY ROAD,N,URBAN,N,N,N,,DAYLIGHT,CLEAR,DRY,,FOUR-WAY INTERSECTION,STRAIGHT/GRADE,ASPHALT,FAILURE TO YIELD RIGHT OF WAY,RIGHT ANGLE,10THSTLINCOLNST,LANE CONTROL,2020-09-18 11:25:00
ISP BLOOMINGTON 33,ELLETTSVILLE,2,,1.0,0.0,0,,,,SR 46,N COUNTY LINE RD E,,0.0,S,39.28149132,-86.68476556,STATE ROAD,,RURAL,N,N,N,,DAYLIGHT,CLEAR,DRY,,T-INTERSECTION,,ASPHALT,OVERCORRECTING/OVERSTEERING,SAME DIRECTION SIDESWIPE,StateRd46,,2020-09-18 13:29:00
BLOOMINGTON PD,BLOOMINGTON,2,0.0,1.0,0.0,0,,,,SR 46,E EASTGATE LN (S),,75.0,N,39.17043196,-86.50148798,STATE ROAD,N,URBAN,N,N,N,,DAYLIGHT,CLEAR,DRY,,NO JUNCTION INVOLVED,STRAIGHT/LEVEL,ASPHALT,FOLLOWING TOO CLOSELY,REAR END,EEASTGATELNSR46N,NONE,2020-09-18 13:40:00
BLOOMINGTON PD,BLOOMINGTON,3,0.0,0.0,0.0,0,,,,N WALNUT ST,E 17TH ST,,300.0,S,39.178944,-86.533392,LOCAL/CITY ROAD,N,URBAN,N,N,N,,DAYLIGHT,CLEAR,DRY,,FOUR-WAY INTERSECTION,STRAIGHT/GRADE,ASPHALT,FOLLOWING TOO CLOSELY,REAR END,E17THSTNWALNUTST,NONE,2020-09-18 14:37:00
BLOOMINGTON PD,BLOOMINGTON,2,0.0,0.0,0.0,0,,,,W ARLINGTON RD,W GOURLEY PIKE,,,,39.186544,-86.551168,LOCAL/CITY ROAD,Y,URBAN,N,N,N,,DAYLIGHT,CLEAR,DRY,,FOUR-WAY INTERSECTION,STRAIGHT/HILLCREST,ASPHALT,FAILURE TO YIELD RIGHT OF WAY,LEFT/RIGHT TURN,WESTARLINGTONRDWESTGOURLEYPIKE,STOP SIGN,2020-09-18 15:14:00
MONROE SD,BLOOMINGTON,1,0.0,0.0,0.0,0,,,,S ROGERS ST,W GORDON PIKE,,,,39.121648,-86.539088,LOCAL/CITY ROAD,N,URBAN,Y,N,N,,DARK (LIGHTED),CLEAR,DRY,,TRAFFIC CIRCLE/ROUNDABOUT,STRAIGHT/GRADE,ASPHALT,ANIMAL/OBJECT IN ROADWAY,RAN OFF ROAD,GORDONPIKEROGERSST,ROUNDABOUT INTERSECTION,2020-09-19 04:07:00
BLOOMINGTON PD,BLOOMINGTON,2,1.0,0.0,0.0,0,,,,N COLLEGE AVE,W 17TH ST,,,,39.17896,-86.53472,LOCAL/CITY ROAD,N,URBAN,N,N,N,,DAYLIGHT,CLEAR,DRY,,FOUR-WAY INTERSECTION,STRAIGHT/LEVEL,ASPHALT,DISREGARD SIGNAL/REG SIGN,RIGHT ANGLE,NCOLLEGEAVEW17THST,NONE,2020-09-19 07:50:00
BLOOMINGTON PD,BLOOMINGTON,2,0.0,0.0,0.0,0,,,,S PATTERSON DR,W 2ND ST,,,,39.160737,-86.548536,LOCAL/CITY ROAD,Y,URBAN,N,N,N,,DAYLIGHT,CLEAR,DRY,,FOUR-WAY INTERSECTION,STRAIGHT/GRADE,ASPHALT,OTHER (DRIVER) - EXPLAIN IN NARRATIVE,REAR END,2NDSTPATTERSONDR,TRAFFIC CONTROL SIGNAL,2020-09-19 09:39:00
INDIANA UNIV BLOOMINGTON PD,BLOOMINGTON,2,0.0,0.0,0.0,0,1000.0,,,HARPER HALL CIRCLE,,,,,39.17523,-86.517975,UNKNOWN,N,URBAN,N,N,N,,DAYLIGHT,CLEAR,DRY,,NO JUNCTION INVOLVED,NON-ROADWAY CRASH,ASPHALT,UNSAFE BACKING,BACKING CRASH,NORTHFEELN,NONE,2020-09-19 12:52:00
BLOOMINGTON PD,BLOOMINGTON,2,0.0,1.0,0.0,0,,,,N DUNN ST,E 9TH ST,,,,39.170544,-86.52824,LOCAL/CITY ROAD,N,URBAN,N,N,N,,DAYLIGHT,CLEAR,DRY,,FOUR-WAY INTERSECTION,STRAIGHT/LEVEL,ASPHALT,OVERCORRECTING/OVERSTEERING,SAME DIRECTION SIDESWIPE,9THSTNDUNNST,STOP SIGN,2020-09-19 14:52:00
BLOOMINGTON PD,BLOOMINGTON,1,0.0,0.0,0.0,0,,,,S HENDERSON ST,E BRENDA LN,,,,39.151801,-86.526947,LOCAL/CITY ROAD,N,URBAN,Y,N,N,,DAYLIGHT,CLEAR,DRY,,T-INTERSECTION,STRAIGHT/LEVEL,ASPHALT,UNSAFE LANE MOVEMENT,COLLISION WITH OBJECT IN ROAD,EBRENDALNSHENDERSONST,NONE,2020-09-19 15:10:00
ISP BLOOMINGTON 33,BLOOMINGTON,2,,0.0,0.0,0,,,,SR 46,SR 446,,0.0,S,39.164341,-86.472115,STATE ROAD,,RURAL,N,N,N,,DAYLIGHT,CLEAR,DRY,,T-INTERSECTION,,ASPHALT,FAILURE TO YIELD RIGHT OF WAY,OTHER - EXPLAIN IN NARRATIVE,StateRoad46StateRd446,,2020-09-19 15:15:00
BLOOMINGTON PD,BLOOMINGTON,1,0.0,0.0,0.0,0,,,,SR 46,S CLARIZZ BLVD,,,,39.16424,-86.4908,LOCAL/CITY ROAD,N,URBAN,N,N,N,,DAYLIGHT,CLEAR,DRY,,NO JUNCTION INVOLVED,STRAIGHT/GRADE,ASPHALT,IMPROPER TURNING,OTHER - EXPLAIN IN NARRATIVE,E3RDSTSCLARIZZBLVD,TRAFFIC CONTROL SIGNAL,2020-09-19 17:42:00
BLOOMINGTON PD,BLOOMINGTON,2,0.0,0.0,0.0,0,,,,S ADAMS ST,W MILIEU DR,,150.0,S,39.14854342,-86.55193,LOCAL/CITY ROAD,N,URBAN,N,N,N,,DAYLIGHT,CLEAR,DRY,,NO JUNCTION INVOLVED,STRAIGHT/GRADE,ASPHALT,BRAKE FAILURE OR DEFECTIVE,LEFT/RIGHT TURN,SADAMSSTWPATTERSONDR,NONE,2020-09-19 18:00:00
BLOOMINGTON PD,BLOOMINGTON,2,0.0,0.0,0.0,0,,,,N WALNUT ST,E 15TH ST,,,,39.176848,-86.533424,LOCAL/CITY ROAD,N,URBAN,N,N,N,,DARK (LIGHTED),CLEAR,DRY,,FOUR-WAY INTERSECTION,STRAIGHT/LEVEL,ASPHALT,FOLLOWING TOO CLOSELY,REAR END,E15THSTNWALNUTST,NONE,2020-09-20 00:32:00
MONROE SD,BLOOMINGTON,1,0.0,0.0,0.0,0,,,,I-69 N,,,25.0,N,0.0,0.0,INTERSTATE,Y,RURAL,N,Y,N,,DARK (NOT LIGHTED),CLEAR,DRY,,NO JUNCTION INVOLVED,STRAIGHT/LEVEL,ASPHALT,OTHER (DRIVER) - EXPLAIN IN NARRATIVE,RAN OFF ROAD,I69N122.5,NONE,2020-09-20 01:52:00