Agency,City,Vehicles Involved,Trailers Involved,Number Injured,Number Dead,Number Deer,House Number,Roadway Interchange,Roadway Ramp,Roadway Id,Intersecting Road,Interchange,Feet From,Direction,Latitude,Longitude,Roadway Class,Hit and Run?,Locality,School Zone?,Rumble Strips?,Construction?,Construction Type,Light Condition,Weather Conditions,Surface Condition,Type of Median,Roadway Junction Type,Road Character,Roadway Surface,Primary Factor,Manner of Collision,Unique Location Id,Traffic Control,DateTime
BLOOMINGTON PD,BLOOMINGTON,2,0.0,2.0,0.0,0,,,,SR 46,S SMITH RD,,,,39.16424,-86.480688,LOCAL/CITY ROAD,N,URBAN,N,N,N,,DAYLIGHT,CLEAR,DRY,,FOUR-WAY INTERSECTION,STRAIGHT/GRADE,ASPHALT,DRIVER DISTRACTED - EXPLAIN IN NARRATIVE,REAR END,E3RDSTSMITHRDS,TRAFFIC CONTROL SIGNAL,2020-09-20 07:45:00
BLOOMINGTON PD,BLOOMINGTON,2,0.0,0.0,0.0,0,1700.0,,,W 8TH ST,ENTRANCE TO MOBILE HOME PARK,,100.0,W,39.169728,-86.5548,UNKNOWN,N,URBAN,Y,N,N,,DAYLIGHT,CLEAR,DRY,,NO JUNCTION INVOLVED,STRAIGHT/GRADE,ASPHALT,FAILURE TO YIELD RIGHT OF WAY,LEFT TURN,W8THST,NONE,2020-09-20 09:25:00
BLOOMINGTON PD,BLOOMINGTON,2,0.0,0.0,0.0,0,,,,S COLLEGE MALL RD,E 2ND ST,,,,39.160944,-86.497696,LOCAL/CITY ROAD,N,URBAN,N,N,N,,DAYLIGHT,CLEAR,DRY,,FOUR-WAY INTERSECTION,STRAIGHT/LEVEL,ASPHALT,FAILURE TO YIELD RIGHT OF WAY,LEFT TURN,2NDSTCOLLEGEMALLRD,TRAFFIC CONTROL SIGNAL,2020-09-20 11:42:00
ISP BLOOMINGTON 33,BLOOMINGTON,1,,0.0,0.0,0,,,,I-69 S,,,0.0,S,39.16058993,-86.57329655,INTERSTATE,,URBAN,N,N,N,,DAYLIGHT,CLEAR,DRY,,NO JUNCTION INVOLVED,,ASPHALT,,RAN OFF ROAD,I-69117.5,,2020-09-20 13:20:00
BLOOMINGTON PD,BLOOMINGTON,2,0.0,0.0,0.0,0,,,,S ADAMS ST,W ALLEN ST,,,,39.155952,-86.550592,LOCAL/CITY ROAD,N,URBAN,N,N,N,,DAYLIGHT,CLEAR,DRY,,FOUR-WAY INTERSECTION,STRAIGHT/GRADE,ASPHALT,IMPROPER TURNING,HEAD ON BETWEEN TWO MOTOR VEHICLES,SADAMSSTWALLENST,STOP SIGN,2020-09-20 16:00:00
INDIANA UNIV BLOOMINGTON PD,BLOOMINGTON,2,0.0,0.0,0.0,0,,,,E 3RD ST,N WOODLAWN AVE,,,,39.164248,-86.522621,LOCAL/CITY ROAD,N,URBAN,N,N,N,,DAYLIGHT,CLEAR,DRY,,T-INTERSECTION,STRAIGHT/LEVEL,ASPHALT,IMPROPER TURNING,LEFT TURN,THIRDSTWOODLAWNAVE,TRAFFIC CONTROL SIGNAL,2020-09-20 16:45:00
MONROE SD,BLOOMINGTON,1,0.0,0.0,0.0,0,,,,N BUSKIRK RD,W DITTEMORE RD,,,,39.295279,-86.551021,LOCAL/CITY ROAD,N,RURAL,N,N,N,,DAYLIGHT,CLOUDY,DRY,,NO JUNCTION INVOLVED,STRAIGHT/GRADE,ASPHALT,OTHER (DRIVER) - EXPLAIN IN NARRATIVE,RAN OFF ROAD,BUSKIRKRDDITTEMORERD,STOP SIGN,2020-09-21 08:30:00
BLOOMINGTON PD,BLOOMINGTON,2,0.0,0.0,0.0,0,,,,S PARK AVE,E UNIVERSITY ST,,,,39.16037997,-86.52852908,LOCAL/CITY ROAD,N,URBAN,N,N,N,,DAYLIGHT,CLEAR,DRY,,NO JUNCTION INVOLVED,STRAIGHT/LEVEL,ASPHALT,FAILURE TO YIELD RIGHT OF WAY,HEAD ON BETWEEN TWO MOTOR VEHICLES,EUNIVERSITYSTSPARKAVE,STOP SIGN,2020-09-21 13:50:00
ELLETTSVILLE PD,ELLETTSVILLE,2,0.0,0.0,0.0,0,,,,SR 46,N CONSTABLE DR,,,,0.0,0.0,STATE ROAD,N,URBAN,N,N,N,,DAYLIGHT,CLEAR,DRY,,T-INTERSECTION,CURVE/GRADE,ASPHALT,UNSAFE LANE MOVEMENT,SAME DIRECTION SIDESWIPE,CONSTABLEDRSR46W,LANE CONTROL,2020-09-21 15:11:00
BLOOMINGTON PD,BLOOMINGTON,2,0.0,0.0,0.0,0,,,,S WALNUT ST,E 1ST ST,,,,39.17784,-86.533408,LOCAL/CITY ROAD,N,URBAN,N,N,N,,DAYLIGHT,CLEAR,DRY,,FOUR-WAY INTERSECTION,STRAIGHT/LEVEL,ASPHALT,FAILURE TO YIELD RIGHT OF WAY,RIGHT ANGLE,E1STSTSWALNUTST,TRAFFIC CONTROL SIGNAL,2020-09-21 17:16:00
BLOOMINGTON PD,BLOOMINGTON,2,0.0,0.0,0.0,0,,,,W COUNTRY CLUB DR,ENTRANCE TO GREASE MONKEY,,200.0,W,39.135932,-86.53107369,LOCAL/CITY ROAD,N,URBAN,N,N,N,,DAYLIGHT,CLEAR,DRY,,NO JUNCTION INVOLVED,STRAIGHT/GRADE,ASPHALT,IMPROPER LANE USAGE,SAME DIRECTION SIDESWIPE,COUNTRYCLUBDRWALNUTST,LANE CONTROL,2020-09-22 00:23:00
BLOOMINGTON PD,BLOOMINGTON,2,0.0,0.0,0.0,0,633.0,,,W MARBLE LN,,,,,39.17974,-86.54109217,,Y,URBAN,N,N,N,,DARK (LIGHTED),CLEAR,DRY,,NO JUNCTION INVOLVED,STRAIGHT/LEVEL,ASPHALT,FAILURE TO YIELD RIGHT OF WAY,BACKING CRASH,WESTMARBLELN,NONE,2020-09-22 00:45:00
BLOOMINGTON PD,BLOOMINGTON,2,0.0,0.0,0.0,0,,,,E MOORES PIKE,S VALLEY FORGE RD,,,,39.150544,-86.502992,LOCAL/CITY ROAD,N,URBAN,N,N,N,,DAYLIGHT,CLEAR,DRY,,T-INTERSECTION,STRAIGHT/GRADE,ASPHALT,OTHER (ENVIRONMENTAL) - EXPLAIN IN NARR,REAR END,EMOORESPIKEVALLEYFORGERD,LANE CONTROL,2020-09-22 08:09:00
MONROE SD,BLOOMINGTON,2,0.0,0.0,0.0,0,,,,N CURRY PIKE,W WOODYARD RD,,,,39.190672,-86.582992,LOCAL/CITY ROAD,N,RURAL,N,N,N,,DAYLIGHT,CLEAR,DRY,,FOUR-WAY INTERSECTION,STRAIGHT/LEVEL,ASPHALT,FOLLOWING TOO CLOSELY,REAR END,NCURRYPIKEWWOODYARDRD,TRAFFIC CONTROL SIGNAL,2020-09-22 09:21:00
BLOOMINGTON PD,BLOOMINGTON,2,0.0,1.0,0.0,0,,,,SR 48,ENTRANCE TO KROGER FUEL CENTER,,100.0,W,39.164606,-86.57912234,LOCAL/CITY ROAD,N,URBAN,N,N,N,,DAYLIGHT,CLEAR,DRY,,T-INTERSECTION,STRAIGHT/LEVEL,ASPHALT,FAILURE TO YIELD RIGHT OF WAY,RIGHT ANGLE,SLIBERTYDRW3RDST,LANE CONTROL,2020-09-22 12:27:00
BLOOMINGTON PD,BLOOMINGTON,1,0.0,1.0,0.0,0,1919.0,,,S WALNUT ST,ENTRANCE TO MCDONALD'S,,,,39.145848,-86.532216,LOCAL/CITY ROAD,N,URBAN,N,N,N,,DAYLIGHT,CLEAR,DRY,,T-INTERSECTION,STRAIGHT/LEVEL,ASPHALT,FAILURE TO YIELD RIGHT OF WAY,RIGHT ANGLE,SWALNUTST,NONE,2020-09-22 14:23:00
MONROE SD,BLOOMINGTON,1,0.0,0.0,0.0,0,,,,S ROCKPORT RD,S HARMONY RD,,500.0,S,39.04921908,-86.61028199,LOCAL/CITY ROAD,N,RURAL,N,N,N,,DAYLIGHT,CLEAR,DRY,,NO JUNCTION INVOLVED,CURVE/GRADE,ASPHALT,RAN OFF ROAD RIGHT,RAN OFF ROAD,HARMONYRDROCKPORTRD,NONE,2020-09-22 15:22:00
BLOOMINGTON PD,BLOOMINGTON,2,0.0,0.0,0.0,0,,,,S PATTERSON DR,S ADAMS ST,,,,39.164405,-86.55193,LOCAL/CITY ROAD,Y,URBAN,N,N,B,,DAYLIGHT,CLEAR,DRY,,FOUR-WAY INTERSECTION,STRAIGHT/LEVEL,ASPHALT,IMPROPER LANE USAGE,HEAD ON BETWEEN TWO MOTOR VEHICLES,SADAMSSTSPATTERSONST,NONE,2020-09-22 18:16:00
BLOOMINGTON PD,BLOOMINGTON,2,0.0,0.0,0.0,0,,,,S COLLEGE AVE,W KIRKWOOD AVE,,,,39.16664,-86.5348,LOCAL/CITY ROAD,N,URBAN,N,N,N,,DARK (LIGHTED),CLEAR,DRY,,T-INTERSECTION,STRAIGHT/GRADE,ASPHALT,FAILURE TO YIELD RIGHT OF WAY,RIGHT ANGLE,COLLEGEAVEKIRKWOODAVE,TRAFFIC CONTROL SIGNAL,2020-09-23 00:36:00
MONROE SD,BLOOMINGTON,2,0.0,0.0,0.0,0,,,,S INDIAN VALLEY DR,,,1000.0,N,39.10544992,-86.63991463,LOCAL/CITY ROAD,N,RURAL,N,N,N,,DARK (LIGHTED),CLEAR,DRY,,NO JUNCTION INVOLVED,STRAIGHT/LEVEL,ASPHALT,UNSAFE BACKING,BACKING CRASH,INDIANVALLEYDRROSECREEKDR,NONE,2020-09-23 05:18:00
ISP BLOOMINGTON 33,HARRODSBURG,1,,0.0,0.0,1,,,,SR 37,,,0.0,S,39.0274987,-86.53413169,STATE ROAD,,RURAL,N,N,N,,DAWN/DUSK,CLEAR,DRY,,NO JUNCTION INVOLVED,,ASPHALT,ANIMAL/OBJECT IN ROADWAY,COLLISION WITH DEER,StateRd37,,2020-09-23 07:35:00
INDIANA UNIV BLOOMINGTON PD,BLOOMINGTON,2,0.0,0.0,0.0,0,,,,E LAW LN,N FEE LN,,,,39.173984,-86.518919,LOCAL/CITY ROAD,N,URBAN,N,N,N,,DAYLIGHT,CLOUDY,DRY,,T-INTERSECTION,STRAIGHT/LEVEL,ASPHALT,FOLLOWING TOO CLOSELY,REAR END,ELAWLNFEELN,NONE,2020-09-23 11:15:00
BLOOMINGTON PD,BLOOMINGTON,2,0.0,0.0,0.0,0,,,,W COUNTRY CLUB DR,S WALNUT ST,,150.0,W,39.135932,-86.53107802,LOCAL/CITY ROAD,N,URBAN,N,N,N,,DAYLIGHT,CLEAR,DRY,,FOUR-WAY INTERSECTION,STRAIGHT/LEVEL,CONCRETE,IMPROPER PASSING,SAME DIRECTION SIDESWIPE,SOUTHWALNUTSTWESTCOUNTRYCLUBDR,NONE,2020-09-23 15:45:00
BLOOMINGTON PD,BLOOMINGTON,2,0.0,2.0,0.0,0,,,,N WALNUT ST,SR 45/46,,300.0,E,39.186368,-86.5344,LOCAL/CITY ROAD,N,URBAN,N,N,N,,DAYLIGHT,CLOUDY,DRY,,NO JUNCTION INVOLVED,STRAIGHT/GRADE,ASPHALT,FOLLOWING TOO CLOSELY,REAR END,EST4546BYPNWALNUTST,NONE,2020-09-23 16:57:00
BLOOMINGTON PD,BLOOMINGTON,2,0.0,0.0,0.0,0,,,,W 3RD ST (N),S PATTERSON DR,,,,39.16342,-86.551249,LOCAL/CITY ROAD,N,URBAN,N,N,N,,DARK (LIGHTED),CLEAR,DRY,,FOUR-WAY INTERSECTION,STRAIGHT/LEVEL,ASPHALT,FAILURE TO YIELD RIGHT OF WAY,LEFT TURN,SPATTERSONSTW3RDST,TRAFFIC CONTROL SIGNAL,2020-09-23 22:06:00
BLOOMINGTON PD,BLOOMINGTON,2,0.0,0.0,0.0,0,3081.0,,,E AMY LN,,,,,39.16946568,-86.49707912,UNKNOWN,Y,URBAN,N,N,N,,UNKNOWN,CLEAR,DRY,,NO JUNCTION INVOLVED,STRAIGHT/LEVEL,ASPHALT,OTHER (DRIVER) - EXPLAIN IN NARRATIVE,SAME DIRECTION SIDESWIPE,EAMYLN,NONE,2020-09-24 00:00:00
BLOOMINGTON PD,BLOOMINGTON,1,0.0,0.0,0.0,0,1100.0,,,W 2ND ST,,,,,39.160831,-86.520012,LOCAL/CITY ROAD,N,URBAN,N,N,N,,DARK (LIGHTED),CLOUDY,DRY,,NO JUNCTION INVOLVED,STRAIGHT/GRADE,ASPHALT,RAN OFF ROAD RIGHT,RAN OFF ROAD,2NDST,NONE,2020-09-24 02:15:00
MONROE SD,BLOOMINGTON,1,0.0,0.0,0.0,0,7465.0,,,S OLD SR 37,W ROGERS RD,,,,39.07704,-86.53616,STATE ROAD,N,RURAL,N,N,N,,DAYLIGHT,RAIN,WET,,NO JUNCTION INVOLVED,CURVE/HILLCREST,ASPHALT,RAN OFF ROAD RIGHT,RAN OFF ROAD,SR37S,NONE,2020-09-24 07:39:00
INDIANA UNIV BLOOMINGTON PD,BLOOMINGTON,2,0.0,0.0,0.0,0,,,,E 10TH ST,N GRANT ST,,,,39.171671,-86.52977,LOCAL/CITY ROAD,N,URBAN,N,N,N,,DAYLIGHT,CLEAR,DRY,,FOUR-WAY INTERSECTION,STRAIGHT/GRADE,ASPHALT,FAILURE TO YIELD RIGHT OF WAY,RIGHT ANGLE,GRANTSTTENTHST,STOP SIGN,2020-09-24 11:30:00
MONROE SD,BLOOMINGTON,2,0.0,1.0,0.0,0,,,,SR 48,S GARRISON CHAPEL RD,,1580.0,E,39.163468,-86.644142,STATE ROAD,N,RURAL,N,N,N,,DAYLIGHT,CLEAR,DRY,,NO JUNCTION INVOLVED,STRAIGHT/GRADE,ASPHALT,FOLLOWING TOO CLOSELY,REAR END,SGARRISONCHAPELRDSR48W,NONE,2020-09-24 11:32:00
BLOOMINGTON PD,BLOOMINGTON,2,0.0,0.0,0.0,0,,,,S ADAMS ST,W KIRKWOOD AVE,,,,39.166816,-86.549488,LOCAL/CITY ROAD,Y,URBAN,N,N,N,,DAYLIGHT,CLEAR,DRY,,FOUR-WAY INTERSECTION,STRAIGHT/GRADE,ASPHALT,FAILURE TO YIELD RIGHT OF WAY,LEFT TURN,ADAMSSTKIRKWOODAVE,TRAFFIC CONTROL SIGNAL,2020-09-24 13:12:00
BLOOMINGTON PD,BLOOMINGTON,2,0.0,0.0,0.0,0,,,,W 2ND ST,B-LINE TRAIL / S MORTON ST,,,,39.161378,-86.536299,LOCAL/CITY ROAD,Y,URBAN,N,N,N,,DAYLIGHT,CLEAR,DRY,,FOUR-WAY INTERSECTION,STRAIGHT/GRADE,ASPHALT,FOLLOWING TOO CLOSELY,REAR END,SMORTONSTW2NDST,NONE,2020-09-24 14:17:00
ISP BLOOMINGTON 33,BLOOMINGTON,2,,0.0,0.0,0,,,,N CURRY PIKE,W VERNAL PIKE,,53.0,S,39.17908452,-86.58311195,LOCAL/CITY ROAD,,URBAN,N,N,N,,DAYLIGHT,CLEAR,DRY,,FOUR-WAY INTERSECTION,,ASPHALT,OTHER (DRIVER) - EXPLAIN IN NARRATIVE,REAR END,WVernalPikeNCurryPike,,2020-09-24 15:30:00
BLOOMINGTON PD,BLOOMINGTON,3,0.0,0.0,0.0,0,,,,S ROGERS ST,W PATTERSON DR,,,,39.153791,-86.538749,LOCAL/CITY ROAD,N,URBAN,N,N,N,,DAYLIGHT,CLEAR,DRY,,FOUR-WAY INTERSECTION,STRAIGHT/LEVEL,ASPHALT,UNSAFE SPEED,REAR END,SROGERSSTWPATTERSONDR,TRAFFIC CONTROL SIGNAL,2020-09-24 15:49:00
BLOOMINGTON PD,BLOOMINGTON,2,0.0,0.0,0.0,0,,,,W 17TH ST,N KINSER PIKE,,,,39.178992,-86.537792,LOCAL/CITY ROAD,Y,URBAN,N,N,N,,DAYLIGHT,CLEAR,DRY,,FOUR-WAY INTERSECTION,STRAIGHT/LEVEL,ASPHALT,UNSAFE LANE MOVEMENT,SAME DIRECTION SIDESWIPE,NKINSERPIKEW17THST,TRAFFIC CONTROL SIGNAL,2020-09-24 17:42:00
BLOOMINGTON PD,BLOOMINGTON,2,0.0,0.0,0.0,0,,,,S HENDERSON ST,E HILLSIDE DR,,50.0,S,39.14525468,-86.526935,LOCAL/CITY ROAD,Y,URBAN,N,N,N,,DARK (LIGHTED),CLEAR,DRY,,FOUR-WAY INTERSECTION,STRAIGHT/GRADE,ASPHALT,UNSAFE LANE MOVEMENT,SAME DIRECTION SIDESWIPE,EHILLSIDEDRSHENDERSONST,NONE,2020-09-24 21:14:00
ISP BLOOMINGTON 33,BLOOMINGTON,3,,0.0,0.0,0,,,,I-69 S,SR 45/46,,0.0,S,39.18957032,-86.55463609,INTERSTATE,,URBAN,N,N,N,,DARK (NOT LIGHTED),CLEAR,DRY,,NO JUNCTION INVOLVED,,ASPHALT,UNSAFE LANE MOVEMENT,SAME DIRECTION SIDESWIPE,I-69120,,2020-09-25 06:27:00
BLOOMINGTON PD,BLOOMINGTON,2,0.0,0.0,0.0,0,3219.0,,,E BRAESIDE DR,,,,,39.16819709,-86.49501309,LOCAL/CITY ROAD,Y,URBAN,N,N,N,,DAYLIGHT,CLEAR,DRY,,NO JUNCTION INVOLVED,STRAIGHT/GRADE,ASPHALT,UNSAFE BACKING,BACKING CRASH,BRAESIDEDR,NONE,2020-09-25 08:00:00
MONROE SD,BLOOMINGTON,3,0.0,0.0,0.0,0,,,,SR 46,N CURRY PIKE,,161.0,S,39.17674731,-86.5710361,STATE ROAD,N,RURAL,N,N,N,,DAYLIGHT,CLEAR,DRY,,FOUR-WAY INTERSECTION,STRAIGHT/LEVEL,ASPHALT,DRIVER DISTRACTED - EXPLAIN IN NARRATIVE,REAR END,CURRYPIKESR46,STOP SIGN,2020-09-25 16:05:00
BLOOMINGTON PD,BLOOMINGTON,2,0.0,0.0,0.0,0,,,,S COLLEGE AVE,W 1ST ST,,,,39.17688,-86.534736,LOCAL/CITY ROAD,Y,URBAN,N,N,N,,DAYLIGHT,CLEAR,DRY,,FOUR-WAY INTERSECTION,STRAIGHT/LEVEL,ASPHALT,FOLLOWING TOO CLOSELY,REAR END,SCOLLEGEAVEW1STST,TRAFFIC CONTROL SIGNAL,2020-09-25 16:08:00
MONROE SD,BLOOMINGTON,1,0.0,0.0,0.0,0,,,,S ROCKPORT RD,W TAPP RD,,,,39.136448,-86.548704,LOCAL/CITY ROAD,Y,URBAN,N,N,N,,DAYLIGHT,CLEAR,DRY,,FOUR-WAY INTERSECTION,STRAIGHT/GRADE,ASPHALT,FAILURE TO YIELD RIGHT OF WAY,OTHER - EXPLAIN IN NARRATIVE,ROCKPORTRDTAPPRD,TRAFFIC CONTROL SIGNAL,2020-09-25 16:15:00
BLOOMINGTON PD,BLOOMINGTON,2,0.0,0.0,0.0,0,,,,N MADISON ST,W KENWOOD DR,,,,39.178464,-86.537776,LOCAL/CITY ROAD,Y,URBAN,N,N,N,,DAYLIGHT,CLEAR,DRY,,T-INTERSECTION,STRAIGHT/LEVEL,ASPHALT,FOLLOWING TOO CLOSELY,REAR END,NMADISONSTWKENWOODDR,NONE,2020-09-25 17:06:00
INDIANA UNIV BLOOMINGTON PD,BLOOMINGTON,2,0.0,0.0,0.0,0,,,,E 17TH ST,N DUNN ST,,,,39.17904,-86.5284,LOCAL/CITY ROAD,Y,URBAN,N,N,N,,DAYLIGHT,CLEAR,DRY,,FOUR-WAY INTERSECTION,STRAIGHT/LEVEL,ASPHALT,FOLLOWING TOO CLOSELY,REAR END,E17THSTNDUNNST,TRAFFIC CONTROL SIGNAL,2020-09-25 18:04:00
INDIANA UNIV BLOOMINGTON PD,BLOOMINGTON,2,0.0,0.0,0.0,0,,,,SR 45/46,E 10TH ST,,,,0.0,0.0,STATE ROAD,N,URBAN,N,N,N,,DAYLIGHT,CLEAR,DRY,,FOUR-WAY INTERSECTION,STRAIGHT/LEVEL,ASPHALT,FAILURE TO YIELD RIGHT OF WAY,RIGHT TURN,SR46UNIONVILLERD,TRAFFIC CONTROL SIGNAL,2020-09-25 18:40:00
BLOOMINGTON PD,BLOOMINGTON,2,0.0,3.0,0.0,0,,,,SR 45,S LEONARD SPRINGS RD,,,,39.142048,-86.582592,STATE ROAD,N,URBAN,N,N,N,,DAYLIGHT,CLOUDY,DRY,,FOUR-WAY INTERSECTION,STRAIGHT/GRADE,ASPHALT,FAILURE TO YIELD RIGHT OF WAY,LEFT TURN,SOUTHLEONARDSPRINGSRDSR45W,TRAFFIC CONTROL SIGNAL,2020-09-25 19:35:00
MONROE SD,BLOOMINGTON,1,0.0,0.0,0.0,0,,,,S OLD SR 37,,,1425.0,N,39.099408,-86.537904,LOCAL/CITY ROAD,N,RURAL,N,N,N,,DARK (NOT LIGHTED),CLEAR,DRY,,NO JUNCTION INVOLVED,CURVE/GRADE,ASPHALT,RAN OFF ROAD RIGHT,RAN OFF ROAD,SOLDSR37RDSROGERSST,LANE CONTROL,2020-09-26 00:40:00
BLOOMINGTON PD,BLOOMINGTON,2,0.0,0.0,0.0,0,,,,W 3RD ST,I-69 S,,,,0.0,0.0,LOCAL/CITY ROAD,N,URBAN,N,N,N,,DAYLIGHT,CLOUDY,DRY,,FOUR-WAY INTERSECTION,STRAIGHT/GRADE,ASPHALT,FOLLOWING TOO CLOSELY,REAR END,I69SW3RDST,TRAFFIC CONTROL SIGNAL,2020-09-26 12:18:00
BLOOMINGTON PD,BLOOMINGTON,2,0.0,0.0,0.0,0,,,,W SUNSTONE DR,S DELILA STAR DR,,,,39.1391853,-86.5573361,LOCAL/CITY ROAD,Y,URBAN,N,N,N,,DAYLIGHT,CLEAR,DRY,,NO JUNCTION INVOLVED,STRAIGHT/GRADE,ASPHALT,,,SDELILASTARDRWSUNSTONEDR,NONE,2020-09-26 14:30:00
MONROE SD,BLOOMINGTON,2,0.0,0.0,0.0,0,8660.0,,,S FAIRFAX RD,,,,,39.034241,-86.490833,UNKNOWN,Y,RURAL,N,N,N,,DARK (LIGHTED),CLEAR,DRY,,T-INTERSECTION,STRAIGHT/LEVEL,ASPHALT,UNSAFE BACKING,BACKING CRASH,FAIRFAXRD,NONE,2020-09-26 19:30:00
BLOOMINGTON PD,BLOOMINGTON,2,0.0,0.0,0.0,0,,,,W 17TH ST,N JACKSON ST,,,,39.179024,-86.539616,LOCAL/CITY ROAD,N,URBAN,N,N,N,,DAWN/DUSK,CLEAR,DRY,,FOUR-WAY INTERSECTION,STRAIGHT/GRADE,ASPHALT,FAILURE TO YIELD RIGHT OF WAY,RIGHT ANGLE,NJACKSONSTW17THST,STOP SIGN,2020-09-27 07:45:00
BLOOMINGTON PD,BLOOMINGTON,2,0.0,0.0,0.0,0,116.0,,,N WALNUT ST,ALLEY,,150.0,S,39.16723605,-86.53359054,LOCAL/CITY ROAD,Y,URBAN,N,N,N,,DAYLIGHT,CLEAR,DRY,,NO JUNCTION INVOLVED,STRAIGHT/GRADE,ASPHALT,IMPROPER LANE USAGE,SAME DIRECTION SIDESWIPE,6THSTWALNUTST,NONE,2020-09-27 09:00:00
BLOOMINGTON PD,BLOOMINGTON,2,0.0,0.0,0.0,0,,,,N WALNUT ST,SR 45/46,,,,39.186368,-86.5344,LOCAL/CITY ROAD,N,URBAN,N,N,N,,DARK (LIGHTED),CLOUDY,DRY,,FOUR-WAY INTERSECTION,STRAIGHT/GRADE,ASPHALT,FOLLOWING TOO CLOSELY,REAR END,NWALNUTSTSR46E,TRAFFIC CONTROL SIGNAL,2020-09-27 20:53:00
BLOOMINGTON PD,BLOOMINGTON,2,0.0,0.0,0.0,0,,,,W 6TH ST,,,100.0,E,39.167696,-86.542096,LOCAL/CITY ROAD,Y,URBAN,N,N,N,,DARK (NOT LIGHTED),CLEAR,DRY,,FOUR-WAY INTERSECTION,STRAIGHT/LEVEL,CONCRETE,,OTHER - EXPLAIN IN NARRATIVE,NMAPLESTW6THST,NONE,2020-09-28 00:01:00
BLOOMINGTON PD,BLOOMINGTON,2,0.0,1.0,0.0,0,,,,N HEADLEY RD,,,500.0,S,39.19008,-86.514288,LOCAL/CITY ROAD,N,URBAN,N,N,N,,DAYLIGHT,RAIN,WET,,NO JUNCTION INVOLVED,CURVE/GRADE,ASPHALT,SPEED TOO FAST FOR WEATHER CONDITIONS,RIGHT ANGLE,NHEADLYRDTREADWELLDR,NONE,2020-09-28 00:06:00
BLOOMINGTON PD,BLOOMINGTON,2,0.0,1.0,0.0,0,,,,SR 48,S GATES DR,,,,0.0,0.0,LOCAL/CITY ROAD,N,URBAN,N,N,N,,DARK (LIGHTED),RAIN,WET,,FOUR-WAY INTERSECTION,STRAIGHT/GRADE,ASPHALT,DISREGARD SIGNAL/REG SIGN,RIGHT ANGLE,E3RDSTNGATESDR,TRAFFIC CONTROL SIGNAL,2020-09-28 06:42:00
MONROE SD,BLOOMINGTON,1,0.0,0.0,0.0,0,,,,E SAMPLE RD,,,2500.0,W,,,LOCAL/CITY ROAD,N,RURAL,N,N,N,,DAYLIGHT,RAIN,WET,,T-INTERSECTION,STRAIGHT/GRADE,ASPHALT,RAN OFF ROAD RIGHT,RAN OFF ROAD,ESAMPLERDNOLD37HWY,NONE,2020-09-28 08:46:00
ISP BLOOMINGTON 33,BLOOMINGTON,1,,0.0,0.0,0,,,,W GIFFORD RD,,,,,39.15490363,-86.58597655,COUNTY ROAD,,RURAL,N,N,N,,DAYLIGHT,CLOUDY,WET,,NO JUNCTION INVOLVED,,ASPHALT,SPEED TOO FAST FOR WEATHER CONDITIONS,RAN OFF ROAD,WGiffordRdW.ofCurryPike,,2020-09-28 09:19:00
MONROE SD,BLOOMINGTON,2,0.0,0.0,0.0,0,,,,E MEL CURRIE RD,,,2500.0,E,39.237208,-86.52913132,LOCAL/CITY ROAD,Y,RURAL,N,N,N,,DAYLIGHT,RAIN,WET,,T-INTERSECTION,STRAIGHT/HILLCREST,ASPHALT,LEFT OF CENTER,,EMELCURRIERDSHOWERSRD,NONE,2020-09-28 09:42:00
MONROE SD,BLOOMINGTON,1,0.0,1.0,0.0,0,,,,N BOTTOM RD,,,900.0,N,39.24744,-86.547792,LOCAL/CITY ROAD,N,RURAL,N,N,N,,DAYLIGHT,CLOUDY,DRY,,NO JUNCTION INVOLVED,CURVE/LEVEL,ASPHALT,RAN OFF ROAD RIGHT,RAN OFF ROAD,NBOTTOMRDWMAPLEGROVERD,NONE,2020-09-28 10:14:00
INDIANA UNIV BLOOMINGTON PD,BLOOMINGTON,1,0.0,0.0,0.0,0,,,,N WALNUT ST,SR 45/46,,,,39.183384,-86.5343925,STATE ROAD,N,URBAN,N,N,N,,DAYLIGHT,RAIN,WET,,FOUR-WAY INTERSECTION,STRAIGHT/LEVEL,ASPHALT,SPEED TOO FAST FOR WEATHER CONDITIONS,OTHER - EXPLAIN IN NARRATIVE,COLLEGEAVEWALNUTST,TRAFFIC CONTROL SIGNAL,2020-09-28 10:30:00
BLOOMINGTON PD,BLOOMINGTON,1,0.0,0.0,0.0,0,,,,N WALNUT ST,SR 45/46,,,,39.232544,-86.540704,LOCAL/CITY ROAD,N,URBAN,Y,N,N,,DAYLIGHT,RAIN,WET,,NO JUNCTION INVOLVED,STRAIGHT/LEVEL,ASPHALT,SPEED TOO FAST FOR WEATHER CONDITIONS,RAN OFF ROAD,NWALNUTST,LANE CONTROL,2020-09-28 10:45:00
BLOOMINGTON PD,BLOOMINGTON,2,0.0,1.0,0.0,0,,,,E HILLSIDE DR,S OLIVE ST,,50.0,W,39.150542,-86.51883567,LOCAL/CITY ROAD,N,URBAN,N,N,N,,DAYLIGHT,CLOUDY,WET,,NO JUNCTION INVOLVED,STRAIGHT/LEVEL,ASPHALT,CELL PHONE USAGE,REAR END,EHILLSIDEDRSOLIVEST,NONE,2020-09-28 12:15:00