Agency,City,Vehicles Involved,Trailers Involved,Number Injured,Number Dead,Number Deer,House Number,Roadway Interchange,Roadway Ramp,Roadway Id,Intersecting Road,Interchange,Feet From,Direction,Latitude,Longitude,Roadway Class,Hit and Run?,Locality,School Zone?,Rumble Strips?,Construction?,Construction Type,Light Condition,Weather Conditions,Surface Condition,Type of Median,Roadway Junction Type,Road Character,Roadway Surface,Primary Factor,Manner of Collision,Unique Location Id,Traffic Control,DateTime
INDIANA UNIV BLOOMINGTON PD,BLOOMINGTON,2,0.0,0.0,0.0,0,,,,N DUNN ST,E 17TH ST,,,,39.178993,-86.528324,LOCAL/CITY ROAD,N,URBAN,N,N,N,,DAYLIGHT,RAIN,WET,,FOUR-WAY INTERSECTION,STRAIGHT/LEVEL,ASPHALT,FOLLOWING TOO CLOSELY,REAR END,DUNNSTEAST17THST,TRAFFIC CONTROL SIGNAL,2020-09-28 12:50:00
BLOOMINGTON PD,BLOOMINGTON,2,0.0,0.0,0.0,0,,,,W 2ND ST,S WALKER ST,,,,39.161431,-86.546144,LOCAL/CITY ROAD,N,URBAN,N,N,N,,DAYLIGHT,RAIN,WET,,FOUR-WAY INTERSECTION,STRAIGHT/GRADE,ASPHALT,FOLLOWING TOO CLOSELY,REAR END,2NDSTWALKERST,TRAFFIC CONTROL SIGNAL,2020-09-28 13:05:00
INDIANA UNIV BLOOMINGTON PD,BLOOMINGTON,2,0.0,0.0,0.0,0,,,,E 3RD ST,S FESS AVE,,,,39.164281,-86.525871,LOCAL/CITY ROAD,N,URBAN,N,N,N,,DAYLIGHT,RAIN,WET,,T-INTERSECTION,STRAIGHT/LEVEL,ASPHALT,FOLLOWING TOO CLOSELY,REAR END,FESSAVETHIRDST,NONE,2020-09-28 13:55:00
MONROE SD,BLOOMINGTON,2,0.0,0.0,0.0,0,2450.0,,,W KARST FARM PARK RD,S ENDWRIGHT RD,,,,39.148848,-86.5964,LOCAL/CITY ROAD,N,URBAN,N,N,N,,DAYLIGHT,RAIN,WET,,T-INTERSECTION,STRAIGHT/LEVEL,ASPHALT,UNSAFE BACKING,OTHER - EXPLAIN IN NARRATIVE,SENDWRIGHTRD,NONE,2020-09-28 14:15:00
BLOOMINGTON PD,BLOOMINGTON,3,0.0,0.0,0.0,0,,,,SR 46,E 3RD ST,,,,39.16424,-86.473296,STATE ROAD,N,URBAN,N,N,N,,DAYLIGHT,RAIN,WET,,FOUR-WAY INTERSECTION,STRAIGHT/LEVEL,ASPHALT,STEERING FAILURE,OTHER - EXPLAIN IN NARRATIVE,E3RDSTSR46S,TRAFFIC CONTROL SIGNAL,2020-09-28 14:44:00
ISP BLOOMINGTON 33,BLOOMINGTON,1,,0.0,0.0,0,,Y,123C,I-69 S,N SR 37 BUSINESS,,1690.0,W,39.23483763,-86.542509,INTERSTATE,,RURAL,N,N,N,,DAYLIGHT,CLOUDY,WET,,RAMP,,CONCRETE,SPEED TOO FAST FOR WEATHER CONDITIONS,RAN OFF ROAD,NWalnutStI69-123-C,,2020-09-28 14:56:00
INDIANA UNIV BLOOMINGTON PD,BLOOMINGTON,2,0.0,0.0,0.0,0,,,,N JORDAN AVE,E LAW LN,,,,39.173403,-86.515448,LOCAL/CITY ROAD,N,URBAN,N,N,N,,DAYLIGHT,CLOUDY,WET,,FOUR-WAY INTERSECTION,STRAIGHT/LEVEL,ASPHALT,SPEED TOO FAST FOR WEATHER CONDITIONS,REAR END,EASTLAWLNNORTHJORDANAVE,TRAFFIC CONTROL SIGNAL,2020-09-28 15:20:00
INDIANA UNIV BLOOMINGTON PD,BLOOMINGTON,3,0.0,0.0,0.0,0,,,,E 3RD ST,S FACULTY AVE,,,,39.164251,-86.521079,LOCAL/CITY ROAD,N,URBAN,N,N,N,,DAYLIGHT,CLEAR,DRY,,NO JUNCTION INVOLVED,STRAIGHT/LEVEL,ASPHALT,UNSAFE LANE MOVEMENT,SAME DIRECTION SIDESWIPE,FACULTYAVETHIRDST,NONE,2020-09-28 16:50:00
INDIANA UNIV BLOOMINGTON PD,BLOOMINGTON,2,0.0,1.0,1.0,0,,,,S INDIANA AVE,E 3RD ST,,,,,,LOCAL/CITY ROAD,N,URBAN,N,N,N,,DAYLIGHT,CLEAR,DRY,,T-INTERSECTION,STRAIGHT/LEVEL,ASPHALT,DISREGARD SIGNAL/REG SIGN,RIGHT ANGLE,INDIANAAVETHIRDST,TRAFFIC CONTROL SIGNAL,2020-09-29 09:30:00
BLOOMINGTON PD,BLOOMINGTON,3,0.0,0.0,0.0,0,,,,W COUNTRY CLUB DR,S MADISON ST,,,,39.136048,-86.536992,LOCAL/CITY ROAD,N,URBAN,N,N,N,,DAYLIGHT,CLEAR,DRY,,T-INTERSECTION,STRAIGHT/LEVEL,ASPHALT,FOLLOWING TOO CLOSELY,REAR END,COUNTRYCLUBDRMADISONST,NONE,2020-09-29 11:47:00
BLOOMINGTON PD,BLOOMINGTON,2,0.0,0.0,0.0,0,,,,S MULLER PKWY,ENTRANCE TO LONGVIEW MOBILE PARK (E),,75.0,W,39.164469,-86.5627025,LOCAL/CITY ROAD,N,URBAN,N,N,N,,DAYLIGHT,CLEAR,DRY,,NO JUNCTION INVOLVED,STRAIGHT/GRADE,CONCRETE,UNSAFE BACKING,BACKING CRASH,SMULLERPKWYW3RDST,NONE,2020-09-29 14:14:00
INDIANA UNIV BLOOMINGTON PD,BLOOMINGTON,2,0.0,0.0,0.0,0,,,,E 3RD ST,S SWAIN AVE,,,,39.164261,-86.515275,LOCAL/CITY ROAD,N,URBAN,N,N,N,,DAWN/DUSK,CLEAR,DRY,,T-INTERSECTION,STRAIGHT/LEVEL,ASPHALT,IMPROPER TURNING,LEFT TURN,SWAINAVETHIRDST,LANE CONTROL,2020-09-29 19:00:00
MONROE SD,BLOOMINGTON,1,0.0,0.0,0.0,1,,,,S HANDY RD,,,3000.0,N,39.092688,-86.483568,LOCAL/CITY ROAD,N,RURAL,N,N,N,,DARK (NOT LIGHTED),CLEAR,DRY,,NO JUNCTION INVOLVED,STRAIGHT/LEVEL,ASPHALT,ANIMAL/OBJECT IN ROADWAY,COLLISION WITH DEER,SFISCUSRDSHANDYRD,NONE,2020-09-29 21:50:00
MONROE SD,BLOOMINGTON,1,0.0,1.0,0.0,0,6694.0,,,SR 45,,,,,39.125312,-86.610496,STATE ROAD,N,RURAL,N,N,N,,DARK (NOT LIGHTED),CLEAR,DRY,,NO JUNCTION INVOLVED,STRAIGHT/GRADE,ASPHALT,RAN OFF ROAD RIGHT,RAN OFF ROAD,SR45W,NONE,2020-09-29 22:21:00
MONROE SD,BLOOMINGTON,2,0.0,1.0,0.0,0,,,,N OARD RD,,,4752.0,N,39.17555533,-86.62532854,LOCAL/CITY ROAD,N,RURAL,N,N,N,,DARK (NOT LIGHTED),CLEAR,WET,,NO JUNCTION INVOLVED,STRAIGHT/GRADE,ASPHALT,FAILURE TO YIELD RIGHT OF WAY,REAR END,OARDRDSR48W,NONE,2020-09-30 00:27:00
ISP BLOOMINGTON 33,BLOOMINGTON,2,,0.0,0.0,0,,,,I-69 S,,,0.0,S,39.28977599,-86.5184337,INTERSTATE,,RURAL,N,N,N,,DAYLIGHT,CLEAR,DRY,,NO JUNCTION INVOLVED,,ASPHALT,OVERCORRECTING/OVERSTEERING,,I-69127,,2020-09-30 17:40:00
BLOOMINGTON PD,BLOOMINGTON,2,0.0,0.0,0.0,0,,,,E 10TH ST,N FEE LN,,,,39.171584,-86.518688,LOCAL/CITY ROAD,N,URBAN,N,N,N,,DAYLIGHT,CLEAR,DRY,,T-INTERSECTION,STRAIGHT/GRADE,CONCRETE,FOLLOWING TOO CLOSELY,REAR END,E10THSTNFEELN,NONE,2020-09-30 18:24:00
MONROE SD,BLOOMINGTON,1,0.0,0.0,0.0,0,728.0,,,S TUPLIP AVE,,,,,,,UNKNOWN,Y,URBAN,Y,N,N,,DARK (NOT LIGHTED),CLEAR,DRY,,NO JUNCTION INVOLVED,NON-ROADWAY CRASH,OTHER - EXPLAIN IN NARRATIVE,OTHER (DRIVER) - EXPLAIN IN NARRATIVE,RAN OFF ROAD,WHITEHORNPL,NONE,2020-10-01 01:08:00
BLOOMINGTON PD,BLOOMINGTON,2,0.0,0.0,0.0,0,,,,S WALNUT ST,E DODDS ST,,,,39.157552,-86.5336,LOCAL/CITY ROAD,N,URBAN,N,N,N,,DAYLIGHT,CLEAR,DRY,,NO JUNCTION INVOLVED,STRAIGHT/LEVEL,ASPHALT,UNSAFE LANE MOVEMENT,SAME DIRECTION SIDESWIPE,EDODDSSTSWALNUTST,LANE CONTROL,2020-10-01 13:00:00
MONROE SD,BLOOMINGTON,2,0.0,0.0,0.0,0,,,,SR 37,E SMITHVILLE RD,,,,39.071056,-86.5356,STATE ROAD,N,RURAL,N,N,N,,DAYLIGHT,CLEAR,DRY,,FOUR-WAY INTERSECTION,STRAIGHT/LEVEL,ASPHALT,DRIVER DISTRACTED - EXPLAIN IN NARRATIVE,REAR END,ESMITHVILLERDSR37S,STOP SIGN,2020-10-01 13:50:00
BLOOMINGTON PD,BLOOMINGTON,2,0.0,0.0,0.0,0,,,,S SARE RD,E MOORES PIKE,,,,,,LOCAL/CITY ROAD,N,URBAN,N,N,Y,LANE CLOSURE,DAYLIGHT,CLOUDY,DRY,,FOUR-WAY INTERSECTION,STRAIGHT/GRADE,ASPHALT,IMPROPER TURNING,LEFT TURN,EMOORESPIKESSARERD,TRAFFIC CONTROL SIGNAL,2020-10-01 15:14:00
INDIANA UNIV BLOOMINGTON PD,BLOOMINGTON,2,0.0,0.0,0.0,0,,,,SR 45/46,E 10TH ST,,,,0.0,0.0,STATE ROAD,N,URBAN,N,N,N,,DAYLIGHT,CLEAR,WET,,FOUR-WAY INTERSECTION,STRAIGHT/LEVEL,CONCRETE,SPEED TOO FAST FOR WEATHER CONDITIONS,REAR END,SR46UNIONVILLERD,TRAFFIC CONTROL SIGNAL,2020-10-01 17:25:00
BLOOMINGTON PD,BLOOMINGTON,2,0.0,0.0,0.0,0,,,,E 10TH ST,N GRANT ST,,,,39.171696,-86.529696,LOCAL/CITY ROAD,N,URBAN,N,N,N,,DAYLIGHT,CLEAR,DRY,,FOUR-WAY INTERSECTION,STRAIGHT/GRADE,ASPHALT,FAILURE TO YIELD RIGHT OF WAY,RIGHT ANGLE,E10THSTNGRANTST,STOP SIGN,2020-10-01 18:05:00
BLOOMINGTON PD,BLOOMINGTON,2,0.0,0.0,0.0,0,,,,SR 48,S LIBERTY DR,,,,,,LOCAL/CITY ROAD,N,URBAN,N,N,N,,DARK (NOT LIGHTED),CLEAR,DRY,,FOUR-WAY INTERSECTION,STRAIGHT/LEVEL,ASPHALT,FAILURE TO YIELD RIGHT OF WAY,LEFT TURN,LIBERTYDRW3RDST,TRAFFIC CONTROL SIGNAL,2020-10-01 19:40:00
BLOOMINGTON PD,BLOOMINGTON,2,0.0,0.0,0.0,0,,,,SR 45,S LEONARD SPRINGS RD,,,,,,STATE ROAD,Y,URBAN,N,N,N,,DARK (NOT LIGHTED),CLOUDY,DRY,,FOUR-WAY INTERSECTION,STRAIGHT/GRADE,ASPHALT,FOLLOWING TOO CLOSELY,REAR END,CURRYPIKESR45E,TRAFFIC CONTROL SIGNAL,2020-10-01 23:31:00
ISP BLOOMINGTON 33,ELLETTSVILLE,1,,0.0,0.0,1,,,,SR 46,,,0.0,S,39.26257812,-86.6605137,STATE ROAD,,RURAL,N,N,N,,DAWN/DUSK,FOG/SMOKE/SMOG,DRY,,NO JUNCTION INVOLVED,,ASPHALT,ANIMAL/OBJECT IN ROADWAY,COLLISION WITH DEER,StateRd46,,2020-10-02 08:05:00
ISP BLOOMINGTON 33,BLOOMINGTON,3,,0.0,0.0,0,,,,I-69 S,SR 48,,686.0,E,39.16911205,-86.57211489,INTERSTATE,,URBAN,N,N,N,,DAYLIGHT,CLEAR,DRY,,NO JUNCTION INVOLVED,,ASPHALT,ANIMAL/OBJECT IN ROADWAY,COLLISION WITH OBJECT IN ROAD,WAlexanderDrI-69,,2020-10-02 08:40:00
BLOOMINGTON PD,BLOOMINGTON,2,0.0,0.0,0.0,0,,,,N WALNUT ST,W OLD SR 37,,,,39.20704,-86.534704,LOCAL/CITY ROAD,N,URBAN,N,N,N,,DAYLIGHT,CLEAR,DRY,,T-INTERSECTION,STRAIGHT/LEVEL,ASPHALT,UNSAFE LANE MOVEMENT,REAR END,NWALNUTSTOLDSTATEROAD37TRWY,STOP SIGN,2020-10-02 08:57:00
BLOOMINGTON PD,BLOOMINGTON,2,0.0,0.0,0.0,0,,,,E SOUTHERN DR,S GRANT ST,,50.0,E,39.14984,-86.530096,LOCAL/CITY ROAD,N,URBAN,N,N,N,,DAYLIGHT,CLEAR,DRY,,NO JUNCTION INVOLVED,STRAIGHT/LEVEL,ASPHALT,UNSAFE BACKING,BACKING CRASH,ESOUTHERNDRSGRANTST,NONE,2020-10-02 11:56:00
INDIANA UNIV BLOOMINGTON PD,BLOOMINGTON,1,0.0,0.0,0.0,0,,,,N FESS AVE,E 8TH ST,,,,,,UNKNOWN,N,URBAN,N,N,Y,WORK ON SHOULDER,DAYLIGHT,CLEAR,DRY,,NO JUNCTION INVOLVED,NON-ROADWAY CRASH,OTHER - EXPLAIN IN NARRATIVE,OTHER (DRIVER) - EXPLAIN IN NARRATIVE,OTHER - EXPLAIN IN NARRATIVE,EIGHTHSTFESSAVE,OTHER,2020-10-02 12:30:00
BLOOMINGTON PD,BLOOMINGTON,2,0.0,0.0,0.0,0,,,,W BLOOMFIELD RD,S BASSWOOD DR,,,,,,LOCAL/CITY ROAD,N,URBAN,N,N,N,,DAYLIGHT,CLEAR,DRY,,FOUR-WAY INTERSECTION,CURVE/GRADE,ASPHALT,FAILURE TO YIELD RIGHT OF WAY,RIGHT TURN,BASSWOODDRBLOOMFIELDRD,TRAFFIC CONTROL SIGNAL,2020-10-02 12:50:00
BLOOMINGTON PD,BLOOMINGTON,3,0.0,0.0,0.0,0,1017.0,,,W 6TH ST,N OAK ST,,70.0,E,39.167712,-86.5468,LOCAL/CITY ROAD,Y,URBAN,N,N,N,,DAYLIGHT,CLEAR,DRY,,FOUR-WAY INTERSECTION,STRAIGHT/LEVEL,ASPHALT,UNSAFE LANE MOVEMENT,OPPOSITE DIRECTION SIDESWIPE,NOAKSTW6THST,NONE,2020-10-02 12:54:00
INDIANA UNIV BLOOMINGTON PD,BLOOMINGTON,3,0.0,0.0,0.0,0,,,,SR 45/46,E DISCOVERY PKWY,,100.0,S,,,STATE ROAD,N,URBAN,N,N,N,,DAYLIGHT,CLEAR,DRY,,NO JUNCTION INVOLVED,STRAIGHT/GRADE,ASPHALT,FOLLOWING TOO CLOSELY,REAR END,DISCOVERYPKWYSR46N,NONE,2020-10-02 16:35:00
MONROE SD,BLOOMINGTON,1,0.0,0.0,0.0,0,,,,S ROGERS ST,,,705.0,N,39.11464,-86.539392,LOCAL/CITY ROAD,N,RURAL,N,N,N,,DAYLIGHT,CLOUDY,DRY,,NO JUNCTION INVOLVED,STRAIGHT/LEVEL,CONCRETE,OTHER (VEHICLE) - EXPLAIN IN NARRATIVE,OTHER - EXPLAIN IN NARRATIVE,SROGERSSTWTHATRD,NONE,2020-10-02 17:27:00
MONROE SD,BLOOMINGTON,2,0.0,1.0,0.0,0,,,,S GARRISON CHAPEL RD,W AIRPORT RD,,,,39.13704,-86.642832,COUNTY ROAD,N,RURAL,N,N,N,,DAYLIGHT,CLOUDY,DRY,,FOUR-WAY INTERSECTION,STRAIGHT/LEVEL,ASPHALT,FAILURE TO YIELD RIGHT OF WAY,RIGHT ANGLE,SOUTHGARRISONCHAPELRDWESTAIRPORTRD,STOP SIGN,2020-10-02 17:36:00
BLOOMINGTON PD,BLOOMINGTON,2,0.0,0.0,0.0,0,,,,SR 45,N PETE ELLIS DR,,200.0,E,39.171504,-86.495312,LOCAL/CITY ROAD,N,URBAN,N,N,N,,DAYLIGHT,CLOUDY,DRY,,NO JUNCTION INVOLVED,STRAIGHT/LEVEL,ASPHALT,FOLLOWING TOO CLOSELY,REAR END,E10THSTNPETEELLISDR,NONE,2020-10-02 17:40:00
MONROE SD,BLOOMINGTON,2,1.0,0.0,0.0,0,,,,SR 45,S LEONARD SPRINGS RD,,,,39.142048,-86.582592,STATE ROAD,N,RURAL,N,N,N,,DARK (NOT LIGHTED),CLEAR,DRY,,FOUR-WAY INTERSECTION,STRAIGHT/GRADE,ASPHALT,FAILURE TO YIELD RIGHT OF WAY,RIGHT ANGLE,LEONARDSPRINGSRDSR45W,STOP SIGN,2020-10-02 19:55:00
BLOOMINGTON PD,BLOOMINGTON,2,0.0,0.0,0.0,0,,,,W KIRKWOOD AVE,S ADAMS ST,,,,39.166816,-86.549488,,Y,URBAN,N,N,N,,DARK (LIGHTED),CLEAR,DRY,,NO JUNCTION INVOLVED,STRAIGHT/HILLCREST,ASPHALT,IMPROPER LANE USAGE,BACKING CRASH,SADAMSSTWKIRKWOODAVE,TRAFFIC CONTROL SIGNAL,2020-10-02 20:45:00
BLOOMINGTON PD,BLOOMINGTON,2,0.0,0.0,0.0,0,,,,S HENDERSON ST,E WYLE FARM RD,,,,,,LOCAL/CITY ROAD,N,URBAN,Y,N,N,,DARK (LIGHTED),CLEAR,DRY,,FOUR-WAY INTERSECTION,STRAIGHT/LEVEL,ASPHALT,FAILURE TO YIELD RIGHT OF WAY,RIGHT ANGLE,EWYLIEFARMRDSHENDERSONST,STOP SIGN,2020-10-02 22:04:00
MONROE SD,BLOOMINGTON,2,0.0,0.0,0.0,0,,,,SR 48,N PROFILE PKWY,,,,,,STATE ROAD,N,RURAL,N,N,N,,DARK (LIGHTED),CLOUDY,DRY,,FOUR-WAY INTERSECTION,STRAIGHT/LEVEL,CONCRETE,CELL PHONE USAGE,RIGHT ANGLE,SPROFILEPKWYSR48W,TRAFFIC CONTROL SIGNAL,2020-10-02 22:09:00
BLOOMINGTON PD,BLOOMINGTON,2,0.0,0.0,0.0,0,,,,N INDIANA AVE,E 13TH ST,,,,39.175504,-86.527104,LOCAL/CITY ROAD,N,URBAN,N,N,N,,DAYLIGHT,CLEAR,DRY,,FOUR-WAY INTERSECTION,STRAIGHT/GRADE,ASPHALT,FAILURE TO YIELD RIGHT OF WAY,RIGHT ANGLE,E13THSTNINDIANAAVE,STOP SIGN,2020-10-03 08:57:00
INDIANA UNIV BLOOMINGTON PD,BLOOMINGTON,2,0.0,0.0,0.0,0,,,,SR 45/46,E 17TH ST,,,,,,STATE ROAD,N,URBAN,N,N,N,,DAYLIGHT,CLEAR,DRY,,T-INTERSECTION,STRAIGHT/LEVEL,ASPHALT,FOLLOWING TOO CLOSELY,REAR END,EAST17THSTSR46,TRAFFIC CONTROL SIGNAL,2020-10-03 12:00:00
BLOOMINGTON PD,BLOOMINGTON,2,0.0,0.0,0.0,0,4217.0,,,SR 46,S PARK RIDGE RD,,300.0,W,39.16424,-86.476096,LOCAL/CITY ROAD,N,URBAN,N,N,N,,DARK (NOT LIGHTED),RAIN,WET,,NO JUNCTION INVOLVED,STRAIGHT/LEVEL,ASPHALT,FOLLOWING TOO CLOSELY,REAR END,4217E3RDSTSPARKRIDGERD,NONE,2020-10-03 18:47:00
MONROE SD,BLOOMINGTON,1,0.0,0.0,0.0,1,,,,S STRAIN RIDGE RD,,,300.0,S,,,COUNTY ROAD,N,RURAL,N,N,N,,DARK (NOT LIGHTED),RAIN,WET,,NO JUNCTION INVOLVED,STRAIGHT/GRADE,ASPHALT,ANIMAL/OBJECT IN ROADWAY,COLLISION WITH DEER,GREENRDSTRAINRIDGERD,NONE,2020-10-03 19:34:00
INDIANA UNIV BLOOMINGTON PD,BLOOMINGTON,2,0.0,0.0,0.0,0,,,,S MITCHELL ST,E 3RD ST,,,,,,LOCAL/CITY ROAD,N,URBAN,N,N,N,,DARK (LIGHTED),RAIN,WET,,T-INTERSECTION,STRAIGHT/LEVEL,ASPHALT,FOLLOWING TOO CLOSELY,REAR END,MITCHELLSTTHIRDST,LANE CONTROL,2020-10-03 19:35:00
BLOOMINGTON PD,BLOOMINGTON,2,0.0,0.0,0.0,0,,,,S MADISON ST,W HILLSIDE DR,,,,,,LOCAL/CITY ROAD,Y,URBAN,N,N,N,,DARK (NOT LIGHTED),CLEAR,DRY,,T-INTERSECTION,STRAIGHT/LEVEL,ASPHALT,OTHER (DRIVER) - EXPLAIN IN NARRATIVE,OPPOSITE DIRECTION SIDESWIPE,SMADISONSTWHILLSIDEST,NONE,2020-10-03 21:40:00
BLOOMINGTON PD,BLOOMINGTON,1,0.0,1.0,0.0,0,301.0,,,E BROWNSTONE DR,,,,,,,LOCAL/CITY ROAD,N,URBAN,N,N,N,,DARK (LIGHTED),CLEAR,DRY,,NO JUNCTION INVOLVED,STRAIGHT/GRADE,ASPHALT,LEFT OF CENTER,SAME DIRECTION SIDESWIPE,EBROWNSTONEDR,NONE,2020-10-04 01:09:00
INDIANA UNIV BLOOMINGTON PD,BLOOMINGTON,2,0.0,2.0,0.0,0,,,,E 3RD ST,S JORDAN AVE,,,,,,LOCAL/CITY ROAD,N,URBAN,N,N,N,,DAYLIGHT,CLOUDY,DRY,,NO JUNCTION INVOLVED,STRAIGHT/LEVEL,ASPHALT,UNSAFE LANE MOVEMENT,SAME DIRECTION SIDESWIPE,JORDANAVETHIRDST,LANE CONTROL,2020-10-04 15:30:00
BLOOMINGTON PD,BLOOMINGTON,3,0.0,0.0,0.0,0,,,,E 3RD ST,S JEFFERSON ST,,50.0,E,39.164304,-86.506992,LOCAL/CITY ROAD,N,URBAN,N,N,N,,DAYLIGHT,CLEAR,DRY,,T-INTERSECTION,STRAIGHT/GRADE,ASPHALT,FOLLOWING TOO CLOSELY,REAR END,E3RDSTSJEFFERSONST,LANE CONTROL,2020-10-04 17:01:00
BLOOMINGTON PD,BLOOMINGTON,2,0.0,1.0,0.0,0,,,,S WALNUT ST,ENTRANCE TO MCDONALD'S,,200.0,N,39.144752,-86.531888,LOCAL/CITY ROAD,Y,URBAN,N,N,N,,DARK (LIGHTED),CLEAR,DRY,,T-INTERSECTION,STRAIGHT/LEVEL,ASPHALT,FAILURE TO YIELD RIGHT OF WAY,RIGHT TURN,NORTHDRSOUTHWALNUTST,NONE,2020-10-04 20:30:00
BLOOMINGTON PD,BLOOMINGTON,1,0.0,0.0,0.0,0,1726.0,,,W ARLINGTON RD,W 20TH ST,,50.0,E,,,COUNTY ROAD,N,URBAN,N,N,N,,DARK (NOT LIGHTED),CLEAR,DRY,,T-INTERSECTION,CURVE/LEVEL,ASPHALT,ANIMAL/OBJECT IN ROADWAY,RAN OFF ROAD,1700BLKWARLINGTONDRW20THST,LANE CONTROL,2020-10-05 06:55:00
ISP BLOOMINGTON 33,BLOOMINGTON,1,,0.0,0.0,1,,,,I-69 S,SR 37,,0.0,S,39.10420246,-86.55945487,INTERSTATE,,RURAL,N,N,N,,DAWN/DUSK,CLEAR,DRY,,NO JUNCTION INVOLVED,,ASPHALT,ANIMAL/OBJECT IN ROADWAY,COLLISION WITH DEER,I-69114,,2020-10-05 07:00:00
BLOOMINGTON PD,BLOOMINGTON,2,0.0,0.0,0.0,0,,,,SR 48,S CURRY PIKE,,,,,,LOCAL/CITY ROAD,N,URBAN,N,N,N,,DAYLIGHT,CLEAR,DRY,,FOUR-WAY INTERSECTION,STRAIGHT/LEVEL,ASPHALT,IMPROPER TURNING,SAME DIRECTION SIDESWIPE,SCURRYPIKEW3RDST,TRAFFIC CONTROL SIGNAL,2020-10-05 11:21:00
MONROE SD,BLOOMINGTON,1,0.0,0.0,0.0,0,,,,S STRAIN RIDGE RD,,,527.0,W,,,COUNTY ROAD,N,RURAL,Y,N,N,,DAYLIGHT,CLEAR,DRY,,NO JUNCTION INVOLVED,STRAIGHT/LEVEL,ASPHALT,ANIMAL/OBJECT IN ROADWAY,COLLISION WITH OBJECT IN ROAD,SFRONTNINEDRSTRAINRIDGERD,NONE,2020-10-05 17:18:00
MONROE SD,ELLETTSVILLE,2,0.0,0.0,0.0,0,,,,W MCNEELY ST,N SHELLY DR,,,,,,COUNTY ROAD,N,RURAL,N,N,N,,DAYLIGHT,CLEAR,DRY,,FOUR-WAY INTERSECTION,STRAIGHT/LEVEL,ASPHALT,FAILURE TO YIELD RIGHT OF WAY,RIGHT ANGLE,NSHELLYDRWMCNEELYST,STOP SIGN,2020-10-05 17:21:00
BLOOMINGTON PD,BLOOMINGTON,1,0.0,1.0,0.0,0,,,,E 7TH ST,N WALNUT ST,,,,39.16864,-86.533568,LOCAL/CITY ROAD,N,URBAN,N,N,N,,DAYLIGHT,CLEAR,DRY,,FOUR-WAY INTERSECTION,STRAIGHT/GRADE,ASPHALT,PEDESTRIAN ACTION,OTHER - EXPLAIN IN NARRATIVE,E7THSTNWALNUTST,TRAFFIC CONTROL SIGNAL,2020-10-05 18:30:00
BLOOMINGTON PD,BLOOMINGTON,3,0.0,0.0,0.0,0,,,,W BLOOMFIELD RD,S LANDMARK AVE,,,,,,LOCAL/CITY ROAD,N,URBAN,N,N,N,,DAYLIGHT,CLEAR,DRY,,T-INTERSECTION,STRAIGHT/LEVEL,ASPHALT,VIEW OBSTRUCTED,REAR END,BLOOMFIELDRDLANDMARKAVE,TRAFFIC CONTROL SIGNAL,2020-10-05 18:45:00
ISP BLOOMINGTON 33,BLOOMINGTON,2,,0.0,0.0,0,,,,SR 45,S HARMONY RD,,0.0,N,39.11110887,-86.63822092,STATE ROAD,,RURAL,N,N,N,,DARK (NOT LIGHTED),CLEAR,DRY,,FOUR-WAY INTERSECTION,,ASPHALT,FAILURE TO YIELD RIGHT OF WAY,RIGHT ANGLE,StateRd45sharmonyroad,,2020-10-05 20:05:00
BLOOMINGTON PD,BLOOMINGTON,1,0.0,2.0,0.0,0,,,,E MORNINGSIDE DR,,,500.0,N,39.16424,-86.473696,LOCAL/CITY ROAD,N,URBAN,N,N,N,,DARK (NOT LIGHTED),CLEAR,DRY,,NO JUNCTION INVOLVED,CURVE/LEVEL,ASPHALT,TIRE FAILURE OR DEFECTIVE,NON-COLLISION,E3RDSTEMORNINGSIDEDR,NONE,2020-10-05 21:19:00
BLOOMINGTON PD,BLOOMINGTON,2,0.0,0.0,0.0,0,,,,E 17TH ST,N GRANT ST,,,,39.178944,-86.5296,LOCAL/CITY ROAD,N,URBAN,N,N,N,,DARK (LIGHTED),CLEAR,DRY,,T-INTERSECTION,STRAIGHT/GRADE,ASPHALT,DRIVER DISTRACTED - EXPLAIN IN NARRATIVE,REAR END,E17THSTNGRANTST,NONE,2020-10-06 02:30:00
BLOOMINGTON PD,BLOOMINGTON,2,0.0,1.0,0.0,0,,,,S COLLEGE MALL RD,E 2ND ST,,,,39.160944,-86.497696,LOCAL/CITY ROAD,N,URBAN,N,N,N,,DAYLIGHT,CLEAR,DRY,,FOUR-WAY INTERSECTION,STRAIGHT/LEVEL,ASPHALT,FAILURE TO YIELD RIGHT OF WAY,RIGHT ANGLE,E2NDSTSCOLLEGEMALLRD,TRAFFIC CONTROL SIGNAL,2020-10-06 09:02:00
ELLETTSVILLE PD,ELLETTSVILLE,2,0.0,0.0,0.0,0,,,,SR 46,N SMITH PIKE,,,,39.210144,-86.5832,STATE ROAD,N,URBAN,N,N,N,,DAYLIGHT,CLEAR,DRY,,FOUR-WAY INTERSECTION,STRAIGHT/LEVEL,ASPHALT,FAILURE TO YIELD RIGHT OF WAY,LEFT TURN,NSMITHPIKESR46W,TRAFFIC CONTROL SIGNAL,2020-10-06 16:10:00
ELLETTSVILLE PD,ELLETTSVILLE,2,0.0,1.0,0.0,0,,,,N UNION VALLEY RD,W LYNWEST DR,,150.0,N,39.21584,-86.5928,LOCAL/CITY ROAD,N,URBAN,N,N,N,,DARK (NOT LIGHTED),CLEAR,DRY,,T-INTERSECTION,STRAIGHT/LEVEL,ASPHALT,FOLLOWING TOO CLOSELY,REAR END,NUNIONVALLEYRDWLYNWESTDR,LANE CONTROL,2020-10-06 20:52:00