Agency,City,Vehicles Involved,Trailers Involved,Number Injured,Number Dead,Number Deer,House Number,Roadway Interchange,Roadway Ramp,Roadway Id,Intersecting Road,Interchange,Feet From,Direction,Latitude,Longitude,Roadway Class,Hit and Run?,Locality,School Zone?,Rumble Strips?,Construction?,Construction Type,Light Condition,Weather Conditions,Surface Condition,Type of Median,Roadway Junction Type,Road Character,Roadway Surface,Primary Factor,Manner of Collision,Unique Location Id,Traffic Control,DateTime
BLOOMINGTON PD,BLOOMINGTON,2,0.0,0.0,0.0,0,,,,E WINSLOW RD,S HENDERSON ST,,,,39.136144,-86.5268,LOCAL/CITY ROAD,N,URBAN,N,N,N,,DAYLIGHT,CLOUDY,DRY,,FOUR-WAY INTERSECTION,STRAIGHT/LEVEL,ASPHALT,FAILURE TO YIELD RIGHT OF WAY,LEFT TURN,EWINSLOWRDSHENDERSONST,LANE CONTROL,2020-10-20 12:13:00
BLOOMINGTON PD,BLOOMINGTON,2,0.0,0.0,0.0,0,,,,S COLLEGE MALL RD,SR 46,,,,39.16424,-86.4984,LOCAL/CITY ROAD,N,URBAN,N,N,N,,DAYLIGHT,CLOUDY,DRY,,FOUR-WAY INTERSECTION,STRAIGHT/LEVEL,ASPHALT,FOLLOWING TOO CLOSELY,REAR END,3RDSTCOLLEGEMALLRD,TRAFFIC CONTROL SIGNAL,2020-10-20 12:36:00
MONROE SD,BLOOMINGTON,1,0.0,0.0,0.0,0,8460.0,,,S BREEDEN RD,,,2500.0,S,39.043792,-86.666048,LOCAL/CITY ROAD,N,RURAL,N,N,N,,DAYLIGHT,CLOUDY,DRY,,NO JUNCTION INVOLVED,CURVE/GRADE,ASPHALT,RAN OFF ROAD RIGHT,RAN OFF ROAD,8460SBREEDENRDCARTERRD,NONE,2020-10-20 14:43:00
ELLETTSVILLE PD,ELLETTSVILLE,2,0.0,0.0,0.0,0,,,,SR 46,N UNION VALLEY RD,,,,39.215152,-86.5928,STATE ROAD,Y,URBAN,N,N,N,,DAYLIGHT,RAIN,WET,,FOUR-WAY INTERSECTION,STRAIGHT/LEVEL,ASPHALT,FOLLOWING TOO CLOSELY,REAR END,NUNIONVALLEYRDSR46W,TRAFFIC CONTROL SIGNAL,2020-10-20 17:17:00
INDIANA UNIV BLOOMINGTON PD,BLOOMINGTON,2,0.0,0.0,0.0,0,,,,E 3RD ST,S ROSE AVE,,,,39.164263,-86.510912,LOCAL/CITY ROAD,Y,URBAN,N,N,N,,DARK (LIGHTED),RAIN,WET,,T-INTERSECTION,STRAIGHT/GRADE,ASPHALT,SPEED TOO FAST FOR WEATHER CONDITIONS,REAR END,ROSEAVETHIRDST,LANE CONTROL,2020-10-20 19:10:00
MONROE SD,BLOOMINGTON,2,0.0,0.0,0.0,0,,,,N HARTSTRAIT RD,W VERNAL PIKE,,,,39.186752,-86.611504,LOCAL/CITY ROAD,N,RURAL,N,N,N,,DARK (NOT LIGHTED),FOG/SMOKE/SMOG,WET,,FOUR-WAY INTERSECTION,STRAIGHT/GRADE,ASPHALT,FAILURE TO YIELD RIGHT OF WAY,RIGHT ANGLE,HARTSTRAITRDVERNALPIKE,NONE,2020-10-20 21:29:00
MONROE SD,BLOOMINGTON,1,0.0,0.0,0.0,0,5550.0,,,W VERNAL PIKE,,,870.0,W,0.0,0.0,LOCAL/CITY ROAD,Y,RURAL,N,N,N,,DARK (LIGHTED),CLEAR,DRY,,NO JUNCTION INVOLVED,STRAIGHT/GRADE,ASPHALT,RAN OFF ROAD RIGHT,RAN OFF ROAD,ANGELINAWVERNALPIKE,LANE CONTROL,2020-10-21 00:29:00
MONROE SD,BLOOMINGTON,1,0.0,0.0,0.0,0,,,,S FAIRFAX RD,E SCHACHT RD,,,,39.10704,-86.523488,LOCAL/CITY ROAD,N,URBAN,N,N,N,,DARK (NOT LIGHTED),CLOUDY,WET,,T-INTERSECTION,CURVE/GRADE,ASPHALT,ANIMAL/OBJECT IN ROADWAY,RAN OFF ROAD,ESCHACHTRDSFAIRFAXRD,LANE CONTROL,2020-10-21 05:33:00
MONROE SD,BLOOMINGTON,1,0.0,0.0,0.0,0,,,,S KETCHAM RD,S SUNDAY DR,,100.0,W,39.0711466,-86.55763424,COUNTY ROAD,N,RURAL,N,N,N,,DARK (NOT LIGHTED),RAIN,WET,,NO JUNCTION INVOLVED,STRAIGHT/GRADE,ASPHALT,RAN OFF ROAD RIGHT,RAN OFF ROAD,SOUTHKETCHAMRDSOUTHSUNDAYDR,NONE,2020-10-21 06:59:00
BLOOMINGTON PD,BLOOMINGTON,1,0.0,0.0,0.0,0,,,,SR 46,INDIANA RAILROAD CROSSING,,500.0,S,39.17036824,-86.50145612,STATE ROAD,N,URBAN,N,N,N,,DARK (NOT LIGHTED),RAIN,WET,,NO JUNCTION INVOLVED,STRAIGHT/LEVEL,ASPHALT,RAN OFF ROAD RIGHT,RAN OFF ROAD,10THSTSR46E,NONE,2020-10-21 07:37:00
ELLETTSVILLE PD,ELLETTSVILLE,2,0.0,0.0,0.0,0,,,,SR 46,,,500.0,E,39.216569,-86.59637729,STATE ROAD,N,URBAN,N,N,N,,DARK (NOT LIGHTED),CLOUDY,WET,,NO JUNCTION INVOLVED,STRAIGHT/LEVEL,ASPHALT,FOLLOWING TOO CLOSELY,REAR END,NORTHBRIARGATEDRSR46W,LANE CONTROL,2020-10-21 07:40:00
BLOOMINGTON PD,BLOOMINGTON,2,0.0,0.0,0.0,0,,,,E HILLSIDE DR,S HENDERSON ST,,75.0,E,39.15064,-86.52696,LOCAL/CITY ROAD,Y,URBAN,Y,N,N,,DAYLIGHT,CLOUDY,WET,,NO JUNCTION INVOLVED,STRAIGHT/LEVEL,ASPHALT,OTHER (DRIVER) - EXPLAIN IN NARRATIVE,REAR END,EHILLSIDEDRSHENDERSONST,LANE CONTROL,2020-10-21 09:18:00
ELLETTSVILLE PD,ELLETTSVILLE,2,0.0,0.0,0.0,0,,,,SR 46,N HARTSTRAIT RD,,100.0,E,0.0,0.0,STATE ROAD,N,URBAN,N,N,N,,DAYLIGHT,CLOUDY,WET,,NO JUNCTION INVOLVED,STRAIGHT/LEVEL,ASPHALT,FAILURE TO YIELD RIGHT OF WAY,RIGHT TURN,NORTHHARTSTRAIGHTRDSR46W,LANE CONTROL,2020-10-21 11:47:00
MONROE SD,BLOOMINGTON,2,0.0,0.0,0.0,0,,,,S CURRY PIKE,W GIFFORD RD (ENTRANCE TO CARDINAL METAL FINISHING),,250.0,S,39.15620936,-86.58270634,COUNTY ROAD,N,RURAL,N,N,N,,DAYLIGHT,CLOUDY,WET,,NO JUNCTION INVOLVED,STRAIGHT/LEVEL,ASPHALT,FAILURE TO YIELD RIGHT OF WAY,RIGHT ANGLE,CURRYPIKEGIFFORDRD,TRAFFIC CONTROL SIGNAL,2020-10-21 16:43:00
BLOOMINGTON PD,BLOOMINGTON,2,0.0,0.0,0.0,0,,,,S SARE RD,S MCCARTNEY LN,,100.0,S,,,LOCAL/CITY ROAD,N,URBAN,N,N,Y,LANE CLOSURE,DARK (NOT LIGHTED),CLEAR,DRY,,T-INTERSECTION,CURVE/GRADE,ASPHALT,OTHER (DRIVER) - EXPLAIN IN NARRATIVE,REAR END,EMCCARTNEYDRSSARERD,NONE,2020-10-21 19:27:00
MONROE SD,BLOOMINGTON,2,0.0,0.0,0.0,0,,,,N DANIEL'S WAY,W ZENITH DR,,,,39.170137,-86.598301,COUNTY ROAD,N,URBAN,N,N,N,,DARK (NOT LIGHTED),CLOUDY,DRY,,T-INTERSECTION,STRAIGHT/LEVEL,ASPHALT,DRIVER ASLEEP OR FATIGUED,REAR END,DANIELSWAYZENITHDR,NONE,2020-10-22 06:59:00
ELLETTSVILLE PD,ELLETTSVILLE,2,0.0,0.0,0.0,0,,,,SR 46,N CONSTABLE DR,,,,,,STATE ROAD,N,URBAN,N,N,N,,DARK (LIGHTED),CLEAR,DRY,,NO JUNCTION INVOLVED,STRAIGHT/GRADE,ASPHALT,FAILURE TO YIELD RIGHT OF WAY,SAME DIRECTION SIDESWIPE,CONSTABLEDRSR46W,LANE CONTROL,2020-10-22 07:13:00
BLOOMINGTON PD,BLOOMINGTON,2,0.0,3.0,0.0,0,,,,S ROGERS ST,W GRAHAM DR,,,,,,LOCAL/CITY ROAD,N,URBAN,N,N,N,,UNKNOWN,CLEAR,DRY,,FOUR-WAY INTERSECTION,STRAIGHT/GRADE,ASPHALT,FAILURE TO YIELD RIGHT OF WAY,RIGHT ANGLE,SROGERSSTWGRAHAMDR,STOP SIGN,2020-10-22 08:47:00
ISP BLOOMINGTON 33,BLOOMINGTON,1,,1.0,0.0,0,,,,SR 446,,,950.0,S,39.04346975,-86.40675946,STATE ROAD,,RURAL,N,N,N,,DAYLIGHT,CLEAR,DRY,,NO JUNCTION INVOLVED,,ASPHALT,,RAN OFF ROAD,StateRd446EHaysRd,,2020-10-22 12:55:00
ISP BLOOMINGTON 33,BLOOMINGTON,1,,0.0,0.0,0,9550.0,,,SR 46,,,0.0,S,39.15269043,-86.37608293,STATE ROAD,,RURAL,N,N,N,,DAYLIGHT,CLEAR,DRY,,NO JUNCTION INVOLVED,,ASPHALT,UNSAFE SPEED,NON-COLLISION,StateRd46,,2020-10-22 13:00:00
BLOOMINGTON PD,BLOOMINGTON,2,1.0,3.0,0.0,0,,,,SR 45/46,W STONELAKE DR,,,,,,STATE ROAD,N,URBAN,N,Y,N,,DAYLIGHT,CLEAR,DRY,,T-INTERSECTION,STRAIGHT/LEVEL,ASPHALT,FAILURE TO YIELD RIGHT OF WAY,RIGHT TURN,NSTONELAKEDRSR46W,NONE,2020-10-22 16:03:00
BLOOMINGTON PD,BLOOMINGTON,2,0.0,1.0,0.0,0,,,,SR 48,S LIBERTY DR,,,,,,LOCAL/CITY ROAD,N,URBAN,N,N,N,,DAYLIGHT,CLEAR,DRY,,NO JUNCTION INVOLVED,STRAIGHT/LEVEL,ASPHALT,FAILURE TO YIELD RIGHT OF WAY,RIGHT ANGLE,SLIBERTYDRW3RDST,NONE,2020-10-22 16:21:00
BLOOMINGTON PD,BLOOMINGTON,2,0.0,2.0,0.0,0,,,,SR 45,S LEONARD SPRINGS RD,,,,,,LOCAL/CITY ROAD,Y,URBAN,N,N,N,,DAYLIGHT,CLEAR,DRY,,FOUR-WAY INTERSECTION,STRAIGHT/LEVEL,ASPHALT,FOLLOWING TOO CLOSELY,LEFT/RIGHT TURN,SCURRYPIKEWST45RD,TRAFFIC CONTROL SIGNAL,2020-10-22 17:28:00
INDIANA UNIV BLOOMINGTON PD,BLOOMINGTON,2,0.0,0.0,0.0,0,,,,E ATWATER AVE,S FESS AVE,,,,39.163132,-86.525907,LOCAL/CITY ROAD,N,URBAN,N,N,N,,DAYLIGHT,CLEAR,DRY,,T-INTERSECTION,STRAIGHT/LEVEL,ASPHALT,FAILURE TO YIELD RIGHT OF WAY,RIGHT ANGLE,ATWATERAVEFESSAVE,STOP SIGN,2020-10-22 17:53:00
BLOOMINGTON PD,BLOOMINGTON,2,0.0,0.0,0.0,0,,,,N MONROE ST,W 11TH ST,,,,39.173344,-86.547104,LOCAL/CITY ROAD,Y,URBAN,N,N,N,,DARK (LIGHTED),CLEAR,DRY,,FOUR-WAY INTERSECTION,STRAIGHT/LEVEL,ASPHALT,DISREGARD SIGNAL/REG SIGN,LEFT/RIGHT TURN,NMONROESTW11THST,STOP SIGN,2020-10-22 19:07:00
BLOOMINGTON PD,BLOOMINGTON,2,0.0,0.0,0.0,0,,,,S PETE ELLIS DR,ENTRANCE TO WOODWIND TERRACE APARTMENTS,,100.0,N,39.166848,-86.495088,LOCAL/CITY ROAD,N,URBAN,N,N,N,,DAWN/DUSK,CLEAR,DRY,,T-INTERSECTION,STRAIGHT/LEVEL,ASPHALT,FOLLOWING TOO CLOSELY,REAR END,ELONGVIEWDRSPETEELLISDR,NONE,2020-10-22 19:40:00
MONROE SD,BLOOMINGTON,1,0.0,0.0,0.0,1,,,,S OLD SR 37,W SMITHVILLE RD,,1900.0,N,,,LOCAL/CITY ROAD,N,RURAL,N,N,N,,DARK (LIGHTED),CLEAR,DRY,,NO JUNCTION INVOLVED,CURVE/GRADE,ASPHALT,ANIMAL/OBJECT IN ROADWAY,COLLISION WITH DEER,SOLD37RDSMITHVILLERD,LANE CONTROL,2020-10-23 03:44:00
BLOOMINGTON PD,BLOOMINGTON,2,0.0,0.0,0.0,0,,,,S WALNUT ST,E GRIMES LN,,,,,,LOCAL/CITY ROAD,Y,URBAN,N,N,N,,DAYLIGHT,RAIN,WET,,FOUR-WAY INTERSECTION,STRAIGHT/GRADE,ASPHALT,FOLLOWING TOO CLOSELY,REAR END,GRIMESLNWALNUTST,TRAFFIC CONTROL SIGNAL,2020-10-23 10:45:00
BLOOMINGTON PD,BLOOMINGTON,2,0.0,0.0,0.0,0,,,,E 3RD ST,S COLLEGE MALL RD,,,,39.164752,-86.573104,,Y,URBAN,N,N,N,,DAYLIGHT,CLOUDY,DRY,,NO JUNCTION INVOLVED,STRAIGHT/LEVEL,ASPHALT,FAILURE TO YIELD RIGHT OF WAY,RIGHT ANGLE,E3RDSTSR45E,TRAFFIC CONTROL SIGNAL,2020-10-23 11:50:00
MONROE SD,BLOOMINGTON,1,0.0,1.0,0.0,0,,,,SR 48,SR 43,,100.0,E,,,STATE ROAD,N,URBAN,N,N,N,,DAYLIGHT,RAIN,WET,,NO JUNCTION INVOLVED,CURVE/GRADE,ASPHALT,SPEED TOO FAST FOR WEATHER CONDITIONS,RAN OFF ROAD,SR43RDSR48W,NONE,2020-10-23 16:26:00
INDIANA UNIV BLOOMINGTON PD,BLOOMINGTON,4,0.0,0.0,0.0,0,,,,SR 45/46,E 10TH ST,,200.0,N,,,STATE ROAD,N,URBAN,N,N,N,,DAYLIGHT,RAIN,WET,,NO JUNCTION INVOLVED,STRAIGHT/GRADE,ASPHALT,FOLLOWING TOO CLOSELY,REAR END,10THSTSR46S,NONE,2020-10-23 16:32:00
BLOOMINGTON PD,BLOOMINGTON,2,0.0,0.0,0.0,0,,,,W 3RD ST,S MADISON ST,,,,39.164704,-86.537296,LOCAL/CITY ROAD,N,URBAN,N,N,N,,DAYLIGHT,RAIN,WET,,FOUR-WAY INTERSECTION,STRAIGHT/GRADE,ASPHALT,DISREGARD SIGNAL/REG SIGN,RIGHT ANGLE,SMADISONSTW3RDST,TRAFFIC CONTROL SIGNAL,2020-10-23 17:02:00
MONROE SD,BLOOMINGTON,1,0.0,0.0,0.0,1,,,,I-69 N,,,300.0,N,,,INTERSTATE,N,RURAL,N,N,N,,DAYLIGHT,CLEAR,WET,,NO JUNCTION INVOLVED,STRAIGHT/LEVEL,ASPHALT,ANIMAL/OBJECT IN ROADWAY,COLLISION WITH DEER,I69N125.5,NONE,2020-10-23 17:10:00
BLOOMINGTON PD,BLOOMINGTON,2,0.0,0.0,0.0,0,,,,W KIRKWOOD AVE,S ROGERS ST,,,,39.166672,-86.538608,LOCAL/CITY ROAD,N,URBAN,N,N,N,,DAYLIGHT,RAIN,WET,,FOUR-WAY INTERSECTION,STRAIGHT/LEVEL,ASPHALT,FAILURE TO YIELD RIGHT OF WAY,RIGHT ANGLE,SROGERSSTWKIRKWOODAVE,TRAFFIC CONTROL SIGNAL,2020-10-23 17:23:00
BLOOMINGTON PD,BLOOMINGTON,2,0.0,0.0,0.0,0,,,,N COLLEGE AVE,W 17TH ST,,,,39.17896,-86.53472,LOCAL/CITY ROAD,N,URBAN,N,N,N,,DARK (LIGHTED),RAIN,WET,,FOUR-WAY INTERSECTION,STRAIGHT/LEVEL,ASPHALT,FAILURE TO YIELD RIGHT OF WAY,LEFT TURN,NCOLLEGEAVEW17THST,TRAFFIC CONTROL SIGNAL,2020-10-23 17:56:00
INDIANA UNIV BLOOMINGTON PD,BLOOMINGTON,2,0.0,0.0,0.0,0,,,,E ATWATER AVE,S FESS AVE,,,,,,LOCAL/CITY ROAD,N,URBAN,N,N,N,,DAWN/DUSK,RAIN,WET,,FOUR-WAY INTERSECTION,STRAIGHT/LEVEL,ASPHALT,FAILURE TO YIELD RIGHT OF WAY,RIGHT ANGLE,ATWATERAVEFESSAVE,STOP SIGN,2020-10-23 18:40:00
INDIANA UNIV BLOOMINGTON PD,BLOOMINGTON,2,0.0,0.0,0.0,0,,,,S JORDAN AVE,E ATWATER AVE,,160.0,N,,,LOCAL/CITY ROAD,N,URBAN,N,N,N,,DARK (NOT LIGHTED),RAIN,WATER (STANDING OR MOVING),,NO JUNCTION INVOLVED,STRAIGHT/LEVEL,ASPHALT,IMPROPER LANE USAGE,REAR END,ATWATERAVEJORDANAVE,NONE,2020-10-23 19:44:00
MONROE SD,BLOOMINGTON,1,0.0,1.0,0.0,0,,,,E SMITHVILLE RD,S ZIKES RD,,,,,,COUNTY ROAD,N,RURAL,N,N,N,,DARK (NOT LIGHTED),CLEAR,DRY,,NO JUNCTION INVOLVED,CURVE/GRADE,ASPHALT,RAN OFF ROAD RIGHT,RAN OFF ROAD,SMITHVILLERDZIKESRD,NONE,2020-10-23 22:35:00
BLOOMINGTON PD,BLOOMINGTON,2,0.0,0.0,0.0,0,,,,SR 46,KINGSTON DR S,,300.0,E,39.16424001,-86.49188557,LOCAL/CITY ROAD,N,URBAN,N,N,N,,DAYLIGHT,CLOUDY,DRY,,NO JUNCTION INVOLVED,STRAIGHT/LEVEL,ASPHALT,FOLLOWING TOO CLOSELY,REAR END,3RDSTKINGSTONDR,NONE,2020-10-24 12:35:00
BLOOMINGTON PD,BLOOMINGTON,2,0.0,0.0,0.0,0,,,,E COVENANTER DR,S COLLEGE MALL RD,,,,,,LOCAL/CITY ROAD,Y,URBAN,N,N,N,,DAYLIGHT,CLEAR,DRY,,NO JUNCTION INVOLVED,STRAIGHT/GRADE,ASPHALT,FOLLOWING TOO CLOSELY,REAR TO REAR,ECOVENANTERDRSCOLLEGEMALLRD,TRAFFIC CONTROL SIGNAL,2020-10-24 14:00:00
INDIANA UNIV BLOOMINGTON PD,BLOOMINGTON,1,0.0,0.0,0.0,1,,,,SR 45/46,,,,,,,STATE ROAD,N,URBAN,N,N,N,,DAWN/DUSK,CLEAR,DRY,,NO JUNCTION INVOLVED,CURVE/LEVEL,ASPHALT,ANIMAL/OBJECT IN ROADWAY,COLLISION WITH DEER,NJORDANAVESR46,LANE CONTROL,2020-10-24 18:40:00
ISP BLOOMINGTON 33,BLOOMINGTON,1,,0.0,0.0,0,,,,I-69 N,,,211.0,W,39.17622348,-86.56268408,INTERSTATE,,URBAN,N,N,N,,DAWN/DUSK,CLOUDY,DRY,,NO JUNCTION INVOLVED,,ASPHALT,DRIVER ILLNESS,RAN OFF ROAD,StateRd37I-69,,2020-10-24 18:50:00
MONROE SD,BLOOMINGTON,1,0.0,0.0,0.0,1,7890.0,,,SR 45,,,,,39.125312,-86.610496,STATE ROAD,Y,,N,N,N,,DARK (NOT LIGHTED),CLEAR,DRY,,NO JUNCTION INVOLVED,STRAIGHT/LEVEL,ASPHALT,ANIMAL/OBJECT IN ROADWAY,COLLISION WITH ANIMAL OTHER,SR45W,NONE,2020-10-24 22:50:00
MONROE SD,BLOOMINGTON,1,0.0,0.0,0.0,1,,,,SR 46,,,500.0,E,39.20891792,-86.58132778,STATE ROAD,N,RURAL,N,N,N,,DARK (NOT LIGHTED),CLEAR,DRY,,NO JUNCTION INVOLVED,STRAIGHT/LEVEL,ASPHALT,ANIMAL/OBJECT IN ROADWAY,COLLISION WITH DEER,ARLINGTONRDSR46W,NONE,2020-10-25 00:10:00
BLOOMINGTON PD,BLOOMINGTON,3,0.0,0.0,0.0,0,553.0,,,S DOLIMAH AVE,,,100.0,S,,,LOCAL/CITY ROAD,N,URBAN,N,N,N,,DARK (LIGHTED),CLEAR,DRY,,NO JUNCTION INVOLVED,CURVE/LEVEL,ASPHALT,UNSAFE BACKING,BACKING CRASH,SDOLIMAHAVEWMILIEUDR,NONE,2020-10-25 02:30:00
MONROE SD,BLOOMINGTON,1,0.0,1.0,0.0,0,,,,N THOMAS RD,W TULIP ST,,,,39.213744,-86.6304,LOCAL/CITY ROAD,N,RURAL,N,N,N,,DAYLIGHT,CLOUDY,DRY,,NO JUNCTION INVOLVED,STRAIGHT/HILLCREST,ASPHALT,RAN OFF ROAD RIGHT,RAN OFF ROAD,NTHOMASRDTULIPST,NONE,2020-10-25 11:58:00
MONROE SD,BLOOMINGTON,1,0.0,0.0,1.0,0,6694.0,,,SR 45,,,1300.0,W,39.11726176,-86.6226195,STATE ROAD,N,RURAL,N,N,N,,DAYLIGHT,CLEAR,DRY,,NO JUNCTION INVOLVED,CURVE/LEVEL,ASPHALT,RAN OFF ROAD RIGHT,RAN OFF ROAD,SDUNLAPRDSR45W,NONE,2020-10-25 12:10:00
BLOOMINGTON PD,BLOOMINGTON,2,0.0,1.0,0.0,0,,,,E WINSLOW RD,S WALNUT ST,,100.0,E,39.136144,-86.528688,LOCAL/CITY ROAD,N,URBAN,N,N,N,,DAYLIGHT,CLEAR,DRY,,FOUR-WAY INTERSECTION,STRAIGHT/GRADE,ASPHALT,FAILURE TO YIELD RIGHT OF WAY,LEFT/RIGHT TURN,SWALNUTSTWWINSLOWRD,NONE,2020-10-25 12:34:00
ISP BLOOMINGTON 33,BLOOMINGTON,1,,0.0,0.0,0,,,,I-69 N,,,0.0,S,39.0709101,-86.61361981,INTERSTATE,,RURAL,N,N,N,,DARK (NOT LIGHTED),RAIN,WET,,NO JUNCTION INVOLVED,,ASPHALT,OTHER (DRIVER) - EXPLAIN IN NARRATIVE,RIGHT ANGLE,I-69109.8,,2020-10-25 18:50:00
BLOOMINGTON PD,BLOOMINGTON,1,0.0,0.0,0.0,0,,,,W CLUB HOUSE DR,W OLD SR 37,,100.0,W,,,LOCAL/CITY ROAD,N,URBAN,N,N,N,,DAYLIGHT,RAIN,WET,,NO JUNCTION INVOLVED,CURVE/LEVEL,ASPHALT,SPEED TOO FAST FOR WEATHER CONDITIONS,RAN OFF ROAD,CLUBHOUSEDROLDSR37RD,LANE CONTROL,2020-10-26 02:49:00
ISP BLOOMINGTON 33,BLOOMINGTON,2,,0.0,0.0,0,,,,SR 37,W DILLMAN RD,,0.0,S,39.092983,-86.546054,STATE ROAD,,RURAL,N,N,N,,DAYLIGHT,CLOUDY,DRY,,FOUR-WAY INTERSECTION,,ASPHALT,FAILURE TO YIELD RIGHT OF WAY,RIGHT ANGLE,WDillmanRdStateRd37,,2020-10-26 10:51:00
BLOOMINGTON PD,BLOOMINGTON,2,0.0,1.0,0.0,0,,,,S LIBERTY DR,SR 45,,100.0,S,,,LOCAL/CITY ROAD,N,URBAN,N,N,N,,DAYLIGHT,RAIN,WET,,T-INTERSECTION,STRAIGHT/LEVEL,CONCRETE,FAILURE TO YIELD RIGHT OF WAY,LEFT TURN,SOUTHLIBERTYDRWEST3RDST,NONE,2020-10-26 12:33:00
MONROE SD,BLOOMINGTON,2,0.0,0.0,0.0,0,,,,N CURRY PIKE,W WOODYARD RD,,,,39.190672,-86.582992,COUNTY ROAD,N,RURAL,N,N,N,,DAYLIGHT,RAIN,WET,,FOUR-WAY INTERSECTION,CURVE/LEVEL,ASPHALT,UNSAFE LANE MOVEMENT,SAME DIRECTION SIDESWIPE,NORTHCURRYPIKEWOODYARDRD,TRAFFIC CONTROL SIGNAL,2020-10-26 17:01:00
ISP BLOOMINGTON 33,BLOOMINGTON,2,,0.0,0.0,0,,,,SR 37,,,2376.0,S,39.08211423,-86.53947643,STATE ROAD,,RURAL,N,Y,N,,DAYLIGHT,RAIN,WET,,NO JUNCTION INVOLVED,,ASPHALT,FOLLOWING TOO CLOSELY,REAR END,StateRd37SOldStateRoad37,,2020-10-26 17:30:00
ISP BLOOMINGTON 33,BLOOMINGTON,1,,0.0,0.0,0,,106,C,I-69 S,N SR 37 BUSINESS,,370.0,W,39.23632473,-86.54025427,INTERSTATE,,RURAL,N,N,N,,DAYLIGHT,RAIN,WET,,RAMP,,ASPHALT,,RAN OFF ROAD,SR37NWalnutSt,,2020-10-26 17:50:00
INDIANA UNIV BLOOMINGTON PD,BLOOMINGTON,2,0.0,0.0,0.0,0,,,,SR 45/46,E 10TH ST,,150.0,N,,,STATE ROAD,N,URBAN,N,N,N,,DARK (NOT LIGHTED),RAIN,WET,,FOUR-WAY INTERSECTION,STRAIGHT/LEVEL,ASPHALT,UNSAFE LANE MOVEMENT,SAME DIRECTION SIDESWIPE,EAST10THSTSR46S,LANE CONTROL,2020-10-26 19:15:00
ISP BLOOMINGTON 33,SMITHVILLE(MONROE),1,,0.0,0.0,1,,,,SR 37,S ZIKES RD,,0.0,S,39.05522988,-86.5361022,STATE ROAD,,RURAL,N,N,N,,DARK (NOT LIGHTED),RAIN,WET,,NO JUNCTION INVOLVED,,ASPHALT,ANIMAL/OBJECT IN ROADWAY,COLLISION WITH DEER,StateRd37,,2020-10-26 19:20:00
INDIANA UNIV BLOOMINGTON PD,BLOOMINGTON,2,0.0,0.0,0.0,0,,,,S WASHINGTON ST,E 2ND ST,,,,,,LOCAL/CITY ROAD,N,URBAN,N,N,N,,DARK (NOT LIGHTED),RAIN,WET,,FOUR-WAY INTERSECTION,STRAIGHT/LEVEL,ASPHALT,FAILURE TO YIELD RIGHT OF WAY,RIGHT ANGLE,SECONDSTWASHINGTONST,STOP SIGN,2020-10-26 20:40:00
ISP BLOOMINGTON 33,BLOOMINGTON,1,,0.0,0.0,0,,,,W MONROE DAM RD,,,686.0,W,39.01978057,-86.54063649,LOCAL/CITY ROAD,,RURAL,N,N,N,,DARK (NOT LIGHTED),RAIN,WET,,NO JUNCTION INVOLVED,,ASPHALT,SPEED TOO FAST FOR WEATHER CONDITIONS,RAN OFF ROAD,WMonroeDamRdSOldStateRoad37,,2020-10-26 21:15:00
INDIANA UNIV BLOOMINGTON PD,BLOOMINGTON,1,0.0,0.0,0.0,0,,,,S WOODLAWN AVE,E 3RD ST,,,,,,LOCAL/CITY ROAD,Y,URBAN,N,N,N,,UNKNOWN,RAIN,WET,,NO JUNCTION INVOLVED,STRAIGHT/LEVEL,ASPHALT,IMPROPER TURNING,RAN OFF ROAD,THIRDSTWOODLAWNAVE,TRAFFIC CONTROL SIGNAL,2020-10-27 00:01:00
BLOOMINGTON PD,BLOOMINGTON,2,0.0,1.0,0.0,0,,,,SR 45,I-69,,,,,,LOCAL/CITY ROAD,N,URBAN,N,N,N,,DARK (LIGHTED),RAIN,WET,,FOUR-WAY INTERSECTION,STRAIGHT/LEVEL,ASPHALT,FOLLOWING TOO CLOSELY,REAR END,I69BYPWBLOOMFIELDRD,TRAFFIC CONTROL SIGNAL,2020-10-27 07:42:00
MONROE SD,BLOOMINGTON,1,0.0,0.0,0.0,0,,,,S FAIRFAX RD,E CLEVE BUTCHER RD,,150.0,N,39.059984,-86.498432,LOCAL/CITY ROAD,N,RURAL,N,N,N,,DAYLIGHT,CLOUDY,DRY,,T-INTERSECTION,CURVE/LEVEL,ASPHALT,DRIVER ASLEEP OR FATIGUED,RAN OFF ROAD,ECLEVEBUTCHERRDSFAIRFAXRD,NONE,2020-10-27 14:00:00
BLOOMINGTON PD,BLOOMINGTON,2,0.0,1.0,0.0,0,,,,W 3RD ST,S MADISON ST,,,,39.164704,-86.537296,LOCAL/CITY ROAD,N,URBAN,N,N,N,,DAYLIGHT,CLOUDY,WET,,FOUR-WAY INTERSECTION,STRAIGHT/GRADE,ASPHALT,DISREGARD SIGNAL/REG SIGN,RIGHT ANGLE,SMADISONSTW3RDST,TRAFFIC CONTROL SIGNAL,2020-10-27 14:25:00