Agency,City,Vehicles Involved,Trailers Involved,Number Injured,Number Dead,Number Deer,House Number,Roadway Interchange,Roadway Ramp,Roadway Id,Intersecting Road,Interchange,Feet From,Direction,Latitude,Longitude,Roadway Class,Hit and Run?,Locality,School Zone?,Rumble Strips?,Construction?,Construction Type,Light Condition,Weather Conditions,Surface Condition,Type of Median,Roadway Junction Type,Road Character,Roadway Surface,Primary Factor,Manner of Collision,Unique Location Id,Traffic Control,DateTime
BLOOMINGTON PD,BLOOMINGTON,2,0.0,0.0,0.0,0,,,,S GATES DR,SR 48,,50.0,N,,,LOCAL/CITY ROAD,Y,URBAN,N,N,N,,DAYLIGHT,RAIN,WET,,NO JUNCTION INVOLVED,STRAIGHT/LEVEL,ASPHALT,UNSAFE LANE MOVEMENT,SAME DIRECTION SIDESWIPE,SGATESDRW3RDST,TRAFFIC CONTROL SIGNAL,2020-10-27 15:19:00
BLOOMINGTON PD,BLOOMINGTON,3,0.0,2.0,0.0,0,,,,E 3RD ST,S JEFFERSON ST,,,,39.164304,-86.506992,LOCAL/CITY ROAD,N,URBAN,N,N,N,,DAYLIGHT,RAIN,WET,,T-INTERSECTION,STRAIGHT/GRADE,ASPHALT,FOLLOWING TOO CLOSELY,REAR END,E3RDSTSJEFFERSONST,NONE,2020-10-27 15:25:00
MONROE SD,BLOOMINGTON,2,0.0,0.0,0.0,0,,,,S FAIRFAX RD,E SCHACHT RD,,,,39.10704,-86.523488,LOCAL/CITY ROAD,N,RURAL,N,N,N,,DAYLIGHT,CLOUDY,WET,,T-INTERSECTION,CURVE/GRADE,CONCRETE,FOLLOWING TOO CLOSELY,REAR END,ESCHACHTRDSFAIRFAXRD,NONE,2020-10-27 16:34:00
ELLETTSVILLE PD,ELLETTSVILLE,2,0.0,1.0,0.0,0,,,,SR 46,N LAKEVIEW DR,,50.0,W,39.22123484,-86.60574082,STATE ROAD,N,URBAN,N,N,N,,DAYLIGHT,CLOUDY,WET,,NO JUNCTION INVOLVED,STRAIGHT/GRADE,ASPHALT,FAILURE TO YIELD RIGHT OF WAY,RIGHT ANGLE,LAKEVIEWDRSR46W,NONE,2020-10-27 17:00:00
BLOOMINGTON PD,BLOOMINGTON,2,0.0,0.0,0.0,0,3233.0,,,W JACOB DR,N JACOB DR,,,,,,LOCAL/CITY ROAD,Y,URBAN,N,N,N,,DAYLIGHT,CLOUDY,DRY,,FOUR-WAY INTERSECTION,STRAIGHT/LEVEL,ASPHALT,FOLLOWING TOO CLOSELY,REAR END,3233NJACOBDRNJACOBDR,STOP SIGN,2020-10-28 12:35:00
BLOOMINGTON PD,BLOOMINGTON,2,0.0,1.0,0.0,0,,,,SR 45/46,N MONROE ST,,,,39.186944,-86.5468,STATE ROAD,N,URBAN,N,N,N,,DAYLIGHT,CLOUDY,DRY,,FOUR-WAY INTERSECTION,STRAIGHT/GRADE,ASPHALT,FAILURE TO YIELD RIGHT OF WAY,RIGHT ANGLE,SOUTHMONROESTSR46E,STOP SIGN,2020-10-28 17:30:00
BLOOMINGTON PD,BLOOMINGTON,2,0.0,0.0,0.0,0,,,,W TAPP RD,S ADAMS ST,,,,,,LOCAL/CITY ROAD,N,URBAN,N,N,N,,DAYLIGHT,CLOUDY,WET,,TRAFFIC CIRCLE/ROUNDABOUT,STRAIGHT/GRADE,ASPHALT,FOLLOWING TOO CLOSELY,REAR END,SADAMSSTWTAPPRD,LANE CONTROL,2020-10-29 11:09:00
INDIANA UNIV BLOOMINGTON PD,BLOOMINGTON,2,0.0,0.0,0.0,0,,,,SR 45/46,E 10TH ST,,,,,,STATE ROAD,N,URBAN,N,N,N,,DAYLIGHT,RAIN,WET,,FOUR-WAY INTERSECTION,STRAIGHT/LEVEL,ASPHALT,FOLLOWING TOO CLOSELY,REAR END,SR46UNIONVILLERD,TRAFFIC CONTROL SIGNAL,2020-10-29 12:55:00
BLOOMINGTON PD,BLOOMINGTON,1,0.0,1.0,0.0,0,,,,S ROGERS ST,W 4TH ST,,,,39.165696,-86.538592,LOCAL/CITY ROAD,N,URBAN,N,N,N,,DAYLIGHT,RAIN,WET,,FOUR-WAY INTERSECTION,STRAIGHT/LEVEL,ASPHALT,FAILURE TO YIELD RIGHT OF WAY,LEFT TURN,SROGERSSTW4THST,STOP SIGN,2020-10-29 14:22:00
MONROE SD,BLOOMINGTON,1,0.0,0.0,0.0,0,,,,N SHILO RD,,,5000.0,E,39.279744,-86.464416,LOCAL/CITY ROAD,N,RURAL,N,N,N,,DAYLIGHT,RAIN,WET,,NO JUNCTION INVOLVED,CURVE/GRADE,ASPHALT,RAN OFF ROAD RIGHT,RAN OFF ROAD,EASTANDERSONRDNSHILORD,NONE,2020-10-29 14:45:00
MONROE SD,ELLETTSVILLE,2,0.0,0.0,0.0,0,,,,N SMITH PIKE,SR 46,,,,39.210144,-86.5832,LOCAL/CITY ROAD,N,URBAN,N,N,N,,DAYLIGHT,RAIN,WET,,FOUR-WAY INTERSECTION,STRAIGHT/GRADE,ASPHALT,FOLLOWING TOO CLOSELY,REAR END,SMITHPIKESR46W,TRAFFIC CONTROL SIGNAL,2020-10-29 16:44:00
BLOOMINGTON PD,BLOOMINGTON,2,0.0,0.0,0.0,0,,,,SR 46,,,500.0,N,39.16619049,-86.46728758,STATE ROAD,N,URBAN,N,N,N,,DAYLIGHT,RAIN,WET,,NO JUNCTION INVOLVED,STRAIGHT/LEVEL,ASPHALT,FOLLOWING TOO CLOSELY,REAR END,E3RDSTSR46S,NONE,2020-10-29 16:46:00
INDIANA UNIV BLOOMINGTON PD,BLOOMINGTON,2,0.0,0.0,0.0,0,,,,SR 45/46,E 10TH ST,,,,0.0,0.0,STATE ROAD,N,URBAN,N,N,N,,DAYLIGHT,RAIN,WET,,FOUR-WAY INTERSECTION,STRAIGHT/LEVEL,ASPHALT,FOLLOWING TOO CLOSELY,REAR END,SR46UNIONVILLERD,TRAFFIC CONTROL SIGNAL,2020-10-29 16:49:00
INDIANA UNIV BLOOMINGTON PD,BLOOMINGTON,3,0.0,0.0,0.0,0,,,,SR 45/46,E DISCOVERY PKWY,,30.0,S,39.1838228,-86.54926199,,Y,URBAN,N,N,N,,DAYLIGHT,RAIN,WET,,NO JUNCTION INVOLVED,STRAIGHT/LEVEL,ASPHALT,FOLLOWING TOO CLOSELY,REAR END,DISCOVERYPKWYSR46BYP,NONE,2020-10-29 16:50:00
BLOOMINGTON PD,BLOOMINGTON,3,0.0,0.0,0.0,0,,,,SR 45/46,N WALNUT ST,,,,39.186368,-86.5344,LOCAL/CITY ROAD,N,URBAN,N,N,N,,DAYLIGHT,CLOUDY,WET,,FOUR-WAY INTERSECTION,STRAIGHT/LEVEL,ASPHALT,SPEED TOO FAST FOR WEATHER CONDITIONS,RIGHT TURN,NWALNUTSTSR4546W,TRAFFIC CONTROL SIGNAL,2020-10-29 17:57:00
MONROE SD,BLOOMINGTON,2,0.0,0.0,0.0,0,,,,S ROGERS ST,W THAT RD,,,,39.11464,-86.539392,LOCAL/CITY ROAD,N,RURAL,N,N,N,,DARK (NOT LIGHTED),CLOUDY,WET,,T-INTERSECTION,STRAIGHT/GRADE,ASPHALT,DRIVER ILLNESS,RIGHT ANGLE,ROGERSSTTHATRD,NONE,2020-10-29 19:36:00
BLOOMINGTON PD,BLOOMINGTON,2,0.0,0.0,0.0,0,,,,S PATTERSON DR,W ISAACS DR,,,,39.16342,-86.551249,LOCAL/CITY ROAD,N,URBAN,N,N,N,,DARK (LIGHTED),CLEAR,DRY,,FOUR-WAY INTERSECTION,STRAIGHT/LEVEL,ASPHALT,FAILURE TO YIELD RIGHT OF WAY,RIGHT TURN,ISSACDRPATTERSONDR,STOP SIGN,2020-10-30 06:54:00
BLOOMINGTON PD,BLOOMINGTON,2,0.0,0.0,0.0,0,,,,S HENDERSON ST,E HILLSIDE DR,,,,39.15064,-86.52696,LOCAL/CITY ROAD,N,URBAN,N,N,N,,DAYLIGHT,CLEAR,DRY,,FOUR-WAY INTERSECTION,STRAIGHT/GRADE,ASPHALT,FOLLOWING TOO CLOSELY,REAR END,HENDERSONSTHILLSIDEDR,NONE,2020-10-30 09:55:00
ISP BLOOMINGTON 33,BLOOMINGTON,1,,1.0,0.0,0,,,,I-69 S,,,0.0,S,39.0500898,-86.67995971,INTERSTATE,,RURAL,N,Y,N,,DAYLIGHT,CLEAR,DRY,,NO JUNCTION INVOLVED,,ASPHALT,TIRE FAILURE OR DEFECTIVE,RAN OFF ROAD,I-69105,,2020-10-30 11:51:00
BLOOMINGTON PD,BLOOMINGTON,5,0.0,0.0,0.0,0,,,,E HILLSIDE DR,S DORCHESTER DR,,150.0,W,39.150497,-86.51250802,LOCAL/CITY ROAD,N,URBAN,N,N,N,,DAYLIGHT,CLEAR,DRY,,FOUR-WAY INTERSECTION,STRAIGHT/GRADE,ASPHALT,FOLLOWING TOO CLOSELY,REAR END,EHILLSIDEDRSDORCHESTERDR,NONE,2020-10-30 14:55:00
BLOOMINGTON PD,BLOOMINGTON,2,0.0,2.0,0.0,0,,,,E 3RD ST,SR 46,,300.0,W,39.16424,-86.4984,LOCAL/CITY ROAD,N,URBAN,N,N,N,,DAYLIGHT,CLEAR,DRY,,NO JUNCTION INVOLVED,STRAIGHT/LEVEL,ASPHALT,FAILURE TO YIELD RIGHT OF WAY,LEFT TURN,E3RDSTSCOLLEGEMALLRD,NONE,2020-10-30 15:43:00
INDIANA UNIV BLOOMINGTON PD,BLOOMINGTON,2,0.0,0.0,0.0,0,,,,SR 45/46,E 10TH ST,,,,0.0,0.0,STATE ROAD,N,URBAN,N,N,N,,DAYLIGHT,CLEAR,DRY,,FOUR-WAY INTERSECTION,STRAIGHT/LEVEL,ASPHALT,FOLLOWING TOO CLOSELY,REAR END,SR46UNIONVILLERD,TRAFFIC CONTROL SIGNAL,2020-10-30 16:10:00
BLOOMINGTON PD,BLOOMINGTON,3,0.0,0.0,0.0,0,,,,S PATTERSON DR,W 2ND ST,,300.0,S,39.1290168,-86.548536,LOCAL/CITY ROAD,N,URBAN,N,N,N,,DAYLIGHT,CLEAR,DRY,,NO JUNCTION INVOLVED,STRAIGHT/LEVEL,ASPHALT,FOLLOWING TOO CLOSELY,REAR END,SPATTERSONDRW2NDST,NONE,2020-10-30 16:20:00
INDIANA UNIV BLOOMINGTON PD,BLOOMINGTON,2,0.0,0.0,0.0,0,,,,SR 45/46,E DISCOVERY PKWY,,,,39.18699695,-86.54926199,STATE ROAD,N,URBAN,N,N,N,,DAYLIGHT,CLEAR,DRY,,NO JUNCTION INVOLVED,STRAIGHT/LEVEL,ASPHALT,FOLLOWING TOO CLOSELY,REAR END,SR46DISCOVERYPARKWAY,LANE CONTROL,2020-10-30 17:57:00
BLOOMINGTON PD,BLOOMINGTON,2,0.0,0.0,0.0,0,,,,N GATES DR,W WHITEHALL CROSSING BLVD,,,,39.172352,-86.573605,LOCAL/CITY ROAD,N,URBAN,N,N,Y,LANE CLOSURE,DAYLIGHT,CLEAR,DRY,,T-INTERSECTION,STRAIGHT/LEVEL,CONCRETE,OTHER (DRIVER) - EXPLAIN IN NARRATIVE,HEAD ON BETWEEN TWO MOTOR VEHICLES,NGATESDRWWHITEHALLCROSSINGBLVD,NONE,2020-10-30 17:59:00
MONROE SD,BLOOMINGTON,1,0.0,0.0,0.0,0,,,,I-69 S,,,,,0.0,0.0,INTERSTATE,N,RURAL,N,N,N,,DAYLIGHT,CLEAR,DRY,,NO JUNCTION INVOLVED,STRAIGHT/GRADE,ASPHALT,RAN OFF ROAD RIGHT,RAN OFF ROAD,I69S124.5,NONE,2020-10-30 18:35:00
BLOOMINGTON PD,BLOOMINGTON,1,0.0,0.0,0.0,1,,,,E 3RD ST,S JEFFERSON ST,,,,39.164304,-86.506992,LOCAL/CITY ROAD,N,URBAN,N,N,N,,DARK (LIGHTED),CLEAR,DRY,,T-INTERSECTION,STRAIGHT/LEVEL,ASPHALT,OTHER (ENVIRONMENTAL) - EXPLAIN IN NARR,COLLISION WITH ANIMAL OTHER,3THIRDSTSJEFFERSONST,NONE,2020-10-30 19:17:00
MONROE SD,BLOOMINGTON,1,0.0,1.0,0.0,1,,,,I-69 N,,,100.0,S,0.0,0.0,INTERSTATE,N,RURAL,N,N,N,,DARK (NOT LIGHTED),CLEAR,DRY,,NO JUNCTION INVOLVED,STRAIGHT/LEVEL,CONCRETE,ANIMAL/OBJECT IN ROADWAY,COLLISION WITH DEER,I69N110.5,LANE CONTROL,2020-10-30 23:00:00
INDIANA UNIV BLOOMINGTON PD,BLOOMINGTON,2,0.0,0.0,0.0,0,,,,S JORDAN AVE,E JONES AVE,,,,39.1654211,-86.5163693,LOCAL/CITY ROAD,N,URBAN,N,N,N,,DARK (LIGHTED),CLEAR,DRY,,T-INTERSECTION,STRAIGHT/LEVEL,ASPHALT,UNSAFE SPEED,LEFT TURN,EJONESAVEJORDANAVE,NONE,2020-10-31 00:12:00
BLOOMINGTON PD,BLOOMINGTON,2,0.0,0.0,0.0,0,912.0,,,S COPPER BEECH WAY,,,,,0.0,0.0,UNKNOWN,Y,URBAN,N,N,N,,DARK (LIGHTED),CLEAR,DRY,,NO JUNCTION INVOLVED,STRAIGHT/LEVEL,ASPHALT,UNSAFE BACKING,BACKING CRASH,COPPERBEACHWAY,NONE,2020-10-31 00:30:00
MONROE SD,BLOOMINGTON,1,0.0,0.0,0.0,1,,,,I-69 S,,,300.0,S,0.0,0.0,INTERSTATE,N,RURAL,N,N,N,,DARK (NOT LIGHTED),CLEAR,DRY,,NO JUNCTION INVOLVED,STRAIGHT/LEVEL,CONCRETE,ANIMAL/OBJECT IN ROADWAY,COLLISION WITH DEER,I69S109.5,NONE,2020-10-31 01:33:00
MONROE SD,BLOOMINGTON,1,0.0,0.0,0.0,0,2277.0,,,N MT GILEAD RD,,,,,39.1888393,-86.4612113,LOCAL/CITY ROAD,Y,RURAL,N,N,N,,DARK (NOT LIGHTED),CLEAR,DRY,,NO JUNCTION INVOLVED,CURVE/GRADE,ASPHALT,RAN OFF ROAD RIGHT,RAN OFF ROAD,NMTGILEADRD,LANE CONTROL,2020-10-31 03:20:00
MONROE SD,BLOOMINGTON,1,0.0,0.0,0.0,1,,,,I-69 N,,,0.0,N,0.0,0.0,INTERSTATE,N,RURAL,N,N,N,,DARK (NOT LIGHTED),CLEAR,DRY,,NO JUNCTION INVOLVED,STRAIGHT/GRADE,ASPHALT,ANIMAL/OBJECT IN ROADWAY,COLLISION WITH DEER,I69N124.5,NONE,2020-10-31 04:15:00
MONROE SD,BLOOMINGTON,1,0.0,0.0,0.0,1,,,,SR 37,W MONROE DAM RD,,,,0.0,0.0,STATE ROAD,N,RURAL,N,Y,N,,DARK (NOT LIGHTED),CLOUDY,DRY,,RAMP,STRAIGHT/GRADE,ASPHALT,ANIMAL/OBJECT IN ROADWAY,COLLISION WITH DEER,HARRODSBURGEXITRDSR37S,LANE CONTROL,2020-10-31 07:23:00
MONROE SD,BLOOMINGTON,2,0.0,0.0,0.0,0,,,,W VERNAL PIKE,N CURRY PIKE,,,,39.179248,-86.5832,LOCAL/CITY ROAD,N,URBAN,N,N,N,,DAYLIGHT,CLEAR,DRY,,FOUR-WAY INTERSECTION,STRAIGHT/LEVEL,ASPHALT,FOLLOWING TOO CLOSELY,REAR END,NORTHCURRYPIKEWESTVERNALPIKE,TRAFFIC CONTROL SIGNAL,2020-10-31 12:02:00
INDIANA UNIV BLOOMINGTON PD,BLOOMINGTON,2,0.0,1.0,0.0,0,,,,SR 45/46,E DISCOVERY PKWY,,,,0.0,0.0,LOCAL/CITY ROAD,N,URBAN,N,N,N,,DAYLIGHT,CLEAR,DRY,,FOUR-WAY INTERSECTION,STRAIGHT/LEVEL,ASPHALT,FOLLOWING TOO CLOSELY,REAR END,RANGERDSR45,TRAFFIC CONTROL SIGNAL,2020-10-31 12:20:00
MONROE SD,BLOOMINGTON,2,0.0,0.0,0.0,0,,,,SR 46,N CENTENNIAL DR,,50.0,E,39.21005745,-86.58306296,STATE ROAD,N,RURAL,N,N,N,,DAYLIGHT,CLEAR,DRY,,FOUR-WAY INTERSECTION,STRAIGHT/GRADE,ASPHALT,FOLLOWING TOO CLOSELY,REAR END,NORTHSMITHPIKESR46W,TRAFFIC CONTROL SIGNAL,2020-10-31 12:33:00
BLOOMINGTON PD,BLOOMINGTON,2,0.0,0.0,0.0,0,,,,N MONROE ST,W ARLINGTON VALLEY DR,,50.0,S,39.182288,-86.54688,LOCAL/CITY ROAD,Y,URBAN,N,N,N,,DAYLIGHT,CLEAR,DRY,,FOUR-WAY INTERSECTION,STRAIGHT/GRADE,ASPHALT,UNSAFE BACKING,OPPOSITE DIRECTION SIDESWIPE,NMONROESTWARLINGTONVALLEYDR,NONE,2020-10-31 15:49:00
MONROE SD,BLOOMINGTON,2,0.0,0.0,0.0,0,,,,S ROGERS ST,S WALNUT ST,,,,39.099408,-86.537904,COUNTY ROAD,N,RURAL,N,N,N,,DAYLIGHT,CLEAR,DRY,,T-INTERSECTION,STRAIGHT/LEVEL,ASPHALT,FOLLOWING TOO CLOSELY,REAR END,SOLDSTATE37RDSROGERSST,STOP SIGN,2020-10-31 17:36:00
MONROE SD,BLOOMINGTON,1,0.0,0.0,0.0,1,,,,SR 48,,,700.0,E,39.16344396,-86.64723023,STATE ROAD,N,RURAL,N,N,N,,DARK (NOT LIGHTED),CLEAR,DRY,,NO JUNCTION INVOLVED,STRAIGHT/GRADE,ASPHALT,ANIMAL/OBJECT IN ROADWAY,COLLISION WITH DEER,GARRISONCHAPELRDSR48W,NONE,2020-10-31 20:16:00
INDIANA UNIV BLOOMINGTON PD,BLOOMINGTON,2,0.0,1.0,0.0,0,,,,S JORDAN AVE,E JONES AVE,,,,39.1654211,-86.5163693,LOCAL/CITY ROAD,N,URBAN,N,N,N,,DARK (LIGHTED),CLEAR,DRY,,T-INTERSECTION,STRAIGHT/LEVEL,ASPHALT,FOLLOWING TOO CLOSELY,REAR END,EJONESAVEJORDANAVE,NONE,2020-10-31 20:20:00
BLOOMINGTON PD,BLOOMINGTON,2,0.0,0.0,0.0,0,,,,E ROGERS RD,S SARE RD,,,,39.13584,-86.496288,LOCAL/CITY ROAD,N,URBAN,N,N,N,,DARK (LIGHTED),CLOUDY,DRY,,TRAFFIC CIRCLE/ROUNDABOUT,CURVE/LEVEL,ASPHALT,FAILURE TO YIELD RIGHT OF WAY,RIGHT ANGLE,EROGERSRDSSARERD,YIELD SIGN,2020-10-31 21:50:00
INDIANA UNIV BLOOMINGTON PD,BLOOMINGTON,2,0.0,3.0,0.0,0,,,,S WOODLAWN AVE,E 3RD ST,,,,39.164248,-86.522621,LOCAL/CITY ROAD,N,URBAN,N,N,N,,DARK (LIGHTED),CLEAR,DRY,,T-INTERSECTION,STRAIGHT/LEVEL,ASPHALT,IMPROPER LANE USAGE,SAME DIRECTION SIDESWIPE,THIRDSTWOODLAWNAVE,TRAFFIC CONTROL SIGNAL,2020-11-01 00:30:00
BLOOMINGTON PD,BLOOMINGTON,2,0.0,0.0,0.0,0,,,,S WOODLAWN AVE,E HUNTER AVE,,,,39.162217,-86.522622,LOCAL/CITY ROAD,N,URBAN,N,N,N,,DARK (LIGHTED),CLEAR,DRY,,FOUR-WAY INTERSECTION,STRAIGHT/LEVEL,ASPHALT,FAILURE TO YIELD RIGHT OF WAY,RIGHT ANGLE,EHUNTERAVESWOODLAWNAVE,STOP SIGN,2020-11-01 00:30:00
MONROE SD,BLOOMINGTON,1,0.0,0.0,0.0,1,,,,I-69 S,,,0.0,N,0.0,0.0,INTERSTATE,N,RURAL,N,N,N,,DARK (NOT LIGHTED),CLEAR,DRY,,NO JUNCTION INVOLVED,STRAIGHT/LEVEL,ASPHALT,ANIMAL/OBJECT IN ROADWAY,COLLISION WITH DEER,I69S125,NONE,2020-11-01 01:05:00
BLOOMINGTON PD,BLOOMINGTON,2,0.0,0.0,0.0,0,,,,N COLLEGE AVE,W 17TH ST,,,,39.17896,-86.53472,LOCAL/CITY ROAD,Y,URBAN,N,N,N,,DARK (LIGHTED),CLEAR,DRY,,NO JUNCTION INVOLVED,STRAIGHT/LEVEL,ASPHALT,FAILURE TO YIELD RIGHT OF WAY,RIGHT ANGLE,NCOLLEGEAVEW17THST,TRAFFIC CONTROL SIGNAL,2020-11-01 01:40:00
MONROE SD,BLOOMINGTON,2,0.0,0.0,0.0,0,,,,N SR 37 BUSINESS,E WHISNAND RD,,,,39.222574,-86.517128,STATE ROAD,N,RURAL,N,N,N,,DARK (NOT LIGHTED),CLEAR,DRY,,T-INTERSECTION,STRAIGHT/LEVEL,ASPHALT,DRIVER ASLEEP OR FATIGUED,REAR END,SR37NWHISNANDRD,NONE,2020-11-01 06:25:00
MONROE SD,BLOOMINGTON,2,0.0,1.0,0.0,0,,,,SR 37,S VICTOR PIKE,,,,39.1055865,-86.551363,STATE ROAD,N,RURAL,N,N,N,,DAYLIGHT,CLEAR,DRY,,FOUR-WAY INTERSECTION,STRAIGHT/LEVEL,ASPHALT,FAILURE TO YIELD RIGHT OF WAY,RIGHT ANGLE,SR37VICTORPIKE,TRAFFIC CONTROL SIGNAL,2020-11-01 15:47:00
BLOOMINGTON PD,BLOOMINGTON,3,0.0,2.0,0.0,0,,,,S COLLEGE MALL RD,ENTRANCE TO GOODWILL,,100.0,N,39.160944,-86.497696,LOCAL/CITY ROAD,N,URBAN,N,N,N,,DAWN/DUSK,CLEAR,DRY,,T-INTERSECTION,STRAIGHT/LEVEL,ASPHALT,FAILURE TO YIELD RIGHT OF WAY,LEFT TURN,EAST2NDSTSOUTHCOLLEGEMALLRD,NONE,2020-11-01 17:29:00
MONROE SD,BLOOMINGTON,1,0.0,0.0,0.0,1,,,,N SR 37 BUSINESS,W BAYLES RD,,,,39.215475,-86.537022,COUNTY ROAD,N,RURAL,N,N,N,,DARK (NOT LIGHTED),CLEAR,DRY,,NO JUNCTION INVOLVED,STRAIGHT/GRADE,ASPHALT,ANIMAL/OBJECT IN ROADWAY,COLLISION WITH DEER,BAYLESRDBUSINESS37RD,NONE,2020-11-01 19:26:00
MONROE SD,BLOOMINGTON,1,1.0,0.0,0.0,1,,,,SR 37,W SMITHVILLE RD,,,,39.071056,-86.5356,STATE ROAD,N,RURAL,N,N,N,,DARK (NOT LIGHTED),CLEAR,DRY,,FOUR-WAY INTERSECTION,STRAIGHT/GRADE,ASPHALT,ANIMAL/OBJECT IN ROADWAY,COLLISION WITH DEER,SMITHVILLERDSR37S,NONE,2020-11-01 21:32:00
MONROE SD,BLOOMINGTON,1,0.0,0.0,0.0,0,,,,I-69 S,,,5280.0,S,38.70606638,-86.5230964,INTERSTATE,N,URBAN,N,Y,N,,DAYLIGHT,CLEAR,DRY,,NO JUNCTION INVOLVED,STRAIGHT/GRADE,ASPHALT,OVERSIZE/OVERWEIGHT LOAD,OTHER - EXPLAIN IN NARRATIVE,I69SSAMPLERD,NONE,2020-11-02 14:51:00
BLOOMINGTON PD,BLOOMINGTON,2,0.0,0.0,0.0,0,,,,S WYNNEDALE DR,W 3RD ST,,,,39.164672,-86.570288,LOCAL/CITY ROAD,Y,URBAN,N,N,N,,DARK (LIGHTED),CLOUDY,DRY,,FOUR-WAY INTERSECTION,CURVE/GRADE,CONCRETE,UNSAFE LANE MOVEMENT,HEAD ON BETWEEN TWO MOTOR VEHICLES,SWYNNEDALEDRW3RDST,TRAFFIC CONTROL SIGNAL,2020-11-02 19:30:00
BLOOMINGTON PD,BLOOMINGTON,1,0.0,0.0,0.0,1,,,,W ALLEN ST,S STRONG DR,,,,39.1556444,-86.5442353,LOCAL/CITY ROAD,N,URBAN,N,N,N,,DARK (LIGHTED),CLEAR,DRY,,T-INTERSECTION,STRAIGHT/LEVEL,ASPHALT,ANIMAL/OBJECT IN ROADWAY,COLLISION WITH DEER,SSTRONGDRWALLENST,NONE,2020-11-03 06:39:00
MONROE SD,BLOOMINGTON,1,0.0,0.0,0.0,1,,,,SR 37,,,2000.0,S,39.0146275,-86.537088,STATE ROAD,N,RURAL,N,N,N,,DARK (NOT LIGHTED),CLEAR,DRY,,NO JUNCTION INVOLVED,STRAIGHT/LEVEL,ASPHALT,ANIMAL/OBJECT IN ROADWAY,COLLISION WITH DEER,SMONROEDAMRDSR37N,NONE,2020-11-03 06:44:00
BLOOMINGTON PD,BLOOMINGTON,2,0.0,0.0,0.0,0,,,,E 2ND ST,S HAWTHORNE DR,,200.0,W,39.16127784,-86.52083337,LOCAL/CITY ROAD,Y,URBAN,N,N,N,,UNKNOWN,CLEAR,DRY,,NO JUNCTION INVOLVED,STRAIGHT/GRADE,ASPHALT,IMPROPER LANE USAGE,SAME DIRECTION SIDESWIPE,2NDSTHAWTHORNEST,NONE,2020-11-03 10:00:00
BLOOMINGTON PD,BLOOMINGTON,2,0.0,1.0,0.0,0,,,,S ROGERS ST,W COOLIDGE DR,,,,39.141328,-86.538528,LOCAL/CITY ROAD,N,URBAN,N,N,N,,DAYLIGHT,CLEAR,DRY,,NO JUNCTION INVOLVED,STRAIGHT/LEVEL,ASPHALT,FAILURE TO YIELD RIGHT OF WAY,RIGHT ANGLE,COOLIDGEDRROGERSST,LANE CONTROL,2020-11-03 11:08:00
MONROE SD,BLOOMINGTON,2,0.0,0.0,0.0,0,,,,E RHORER RD,S GRAN HAVEN DR,,126.0,W,39.121367,-86.4916631,COUNTY ROAD,N,RURAL,N,N,N,,DAYLIGHT,CLEAR,DRY,,NO JUNCTION INVOLVED,STRAIGHT/GRADE,ASPHALT,UNSAFE LANE MOVEMENT,REAR END,EASTRHORERRDSOUTHGRANHAVENDR,NONE,2020-11-03 14:11:00
MONROE SD,BLOOMINGTON,2,0.0,0.0,0.0,0,,,,SR 45,S LEONARD SPRINGS RD,,200.0,W,39.14179032,-86.58321159,STATE ROAD,N,RURAL,N,N,N,,DAYLIGHT,CLEAR,DRY,,FOUR-WAY INTERSECTION,STRAIGHT/LEVEL,ASPHALT,FOLLOWING TOO CLOSELY,REAR END,SLEONARDSPRINGSRDSR45W,TRAFFIC CONTROL SIGNAL,2020-11-03 16:26:00
MONROE SD,BLOOMINGTON,2,0.0,0.0,0.0,0,,,,SR 45,S DARRELL DR,,,,39.114992,-86.62768,STATE ROAD,N,RURAL,N,N,N,,DARK (NOT LIGHTED),CLEAR,DRY,,T-INTERSECTION,STRAIGHT/LEVEL,ASPHALT,FAILURE TO YIELD RIGHT OF WAY,RIGHT TURN,SDARRELLRDSR45W,STOP SIGN,2020-11-03 18:20:00
MONROE SD,BLOOMINGTON,1,0.0,0.0,0.0,1,,,,I-69 S,,,400.0,N,0.0,0.0,INTERSTATE,N,RURAL,N,N,N,,DARK (NOT LIGHTED),CLEAR,DRY,,NO JUNCTION INVOLVED,STRAIGHT/LEVEL,ASPHALT,ANIMAL/OBJECT IN ROADWAY,COLLISION WITH DEER,I69S125.5,NONE,2020-11-03 19:32:00
BLOOMINGTON PD,BLOOMINGTON,1,0.0,1.0,0.0,0,305.0,,,E WINSLOW RD,S HENDERSON ST (ENTRANCE TO WINSLOW PLAZA),,,,39.136144,-86.508096,LOCAL/CITY ROAD,N,URBAN,N,N,N,,DARK (NOT LIGHTED),CLEAR,DRY,,T-INTERSECTION,STRAIGHT/GRADE,ASPHALT,FAILURE TO YIELD RIGHT OF WAY,LEFT TURN,305EWINSLOWRDEWINSLOWRD,NONE,2020-11-03 19:58:00
MONROE SD,BLOOMINGTON,1,0.0,0.0,0.0,1,,,,SR 48,W VERNAL PIKE,,1179.0,W,39.16901479,-86.66518664,STATE ROAD,N,RURAL,N,N,N,,DARK (NOT LIGHTED),CLEAR,DRY,,NO JUNCTION INVOLVED,CURVE/LEVEL,ASPHALT,ANIMAL/OBJECT IN ROADWAY,COLLISION WITH DEER,SR48WVERNALPIKE,NONE,2020-11-03 21:48:00