Agency,City,Vehicles Involved,Trailers Involved,Number Injured,Number Dead,Number Deer,House Number,Roadway Interchange,Roadway Ramp,Roadway Id,Intersecting Road,Interchange,Feet From,Direction,Latitude,Longitude,Roadway Class,Hit and Run?,Locality,School Zone?,Rumble Strips?,Construction?,Construction Type,Light Condition,Weather Conditions,Surface Condition,Type of Median,Roadway Junction Type,Road Character,Roadway Surface,Primary Factor,Manner of Collision,Unique Location Id,Traffic Control,DateTime
BLOOMINGTON PD,BLOOMINGTON,2,0.0,0.0,0.0,0,,,,W 10TH ST,N COLLEGE AVE,,,,39.171744,-86.534768,LOCAL/CITY ROAD,Y,URBAN,N,N,N,,DARK (NOT LIGHTED),CLEAR,DRY,,FOUR-WAY INTERSECTION,STRAIGHT/LEVEL,ASPHALT,FAILURE TO YIELD RIGHT OF WAY,RIGHT ANGLE,NORTHCOLLEGEAVEWEST10THST,TRAFFIC CONTROL SIGNAL,2020-11-04 00:49:00
INDIANA UNIV BLOOMINGTON PD,BLOOMINGTON,1,0.0,0.0,0.0,1,,,,SR 45/46,N FEE LN,,,,39.16839031,-86.50061416,STATE ROAD,N,URBAN,N,N,N,,DARK (NOT LIGHTED),CLEAR,DRY,,NO JUNCTION INVOLVED,STRAIGHT/LEVEL,ASPHALT,ANIMAL/OBJECT IN ROADWAY,COLLISION WITH DEER,NFISHERCTSR46,NONE,2020-11-04 01:40:00
MONROE SD,BLOOMINGTON,1,0.0,0.0,0.0,1,,,,SR 46,W CHAFIN CHAPEL RD,,200.0,W,39.259651,-86.65754366,STATE ROAD,N,RURAL,N,N,N,,DARK (NOT LIGHTED),CLEAR,DRY,,NO JUNCTION INVOLVED,STRAIGHT/LEVEL,ASPHALT,ANIMAL/OBJECT IN ROADWAY,COLLISION WITH DEER,CHAFINCHAPELRDSR46,LANE CONTROL,2020-11-04 04:45:00
BLOOMINGTON PD,BLOOMINGTON,1,0.0,0.0,0.0,1,,,,W BLOOMFIELD RD,S WEIMER RD,,500.0,W,39.15344313,-86.5655823,LOCAL/CITY ROAD,N,URBAN,N,N,N,,DAYLIGHT,CLEAR,DRY,,NO JUNCTION INVOLVED,STRAIGHT/GRADE,ASPHALT,ANIMAL/OBJECT IN ROADWAY,COLLISION WITH DEER,BLOOMFIELDRDWEIMERRD,LANE CONTROL,2020-11-04 07:02:00
ELLETTSVILLE PD,ELLETTSVILLE,2,0.0,0.0,0.0,0,,,,S SHAWNEE DR,,,280.0,S,39.22164734,-86.62232125,LOCAL/CITY ROAD,N,URBAN,N,N,N,,DAYLIGHT,CLEAR,DRY,,NO JUNCTION INVOLVED,STRAIGHT/LEVEL,ASPHALT,UNSAFE BACKING,BACKING CRASH,SHAWNEEDRTECUMSEHDR,LANE CONTROL,2020-11-04 08:55:00
BLOOMINGTON PD,BLOOMINGTON,2,0.0,0.0,0.0,0,,,,E MOORES PIKE,S SMITH RD,,,,39.150224,-86.480464,LOCAL/CITY ROAD,N,URBAN,N,N,N,,DAYLIGHT,CLEAR,DRY,,FOUR-WAY INTERSECTION,STRAIGHT/GRADE,ASPHALT,UNSAFE BACKING,BACKING CRASH,MOORESPIKESMITHRDS,STOP SIGN,2020-11-04 08:55:00
BLOOMINGTON PD,BLOOMINGTON,2,0.0,0.0,0.0,0,,,,E MOORES PIKE,S SARE RD,,,,39.150448,-86.4992,LOCAL/CITY ROAD,N,URBAN,N,N,Y,X-OVER/LANE SHIFT,DAYLIGHT,CLEAR,DRY,,FOUR-WAY INTERSECTION,STRAIGHT/GRADE,ASPHALT,UNSAFE LANE MOVEMENT,SAME DIRECTION SIDESWIPE,MOORESPIKESARERD,TRAFFIC CONTROL SIGNAL,2020-11-04 09:45:00
BLOOMINGTON PD,BLOOMINGTON,1,0.0,0.0,0.0,0,,,,S SMITH RD,SR 46,,,,39.16424,-86.480688,LOCAL/CITY ROAD,N,URBAN,N,N,N,,DAYLIGHT,CLEAR,DRY,,FOUR-WAY INTERSECTION,STRAIGHT/GRADE,ASPHALT,IMPROPER TURNING,RIGHT ANGLE,3RDSTSMITHRD,LANE CONTROL,2020-11-04 12:08:00
BLOOMINGTON PD,BLOOMINGTON,2,0.0,0.0,0.0,0,,,,E MOORES PIKE,S CLARIZZ BLVD,,1800.0,E,39.150326,-86.49146768,LOCAL/CITY ROAD,N,URBAN,N,N,N,,DAYLIGHT,CLEAR,DRY,,NO JUNCTION INVOLVED,STRAIGHT/LEVEL,ASPHALT,FOLLOWING TOO CLOSELY,REAR END,EASTMOORESPIKESOUTHCALRIZZBLVD,LANE CONTROL,2020-11-04 12:50:00
MONROE SD,BLOOMINGTON,1,0.0,0.0,0.0,0,,,,S ROCKPORT RD,,,1230.0,N,39.25811435,-86.5566669,LOCAL/CITY ROAD,N,RURAL,N,N,N,,DAYLIGHT,CLEAR,DRY,,NO JUNCTION INVOLVED,CURVE/GRADE,CONCRETE,RAN OFF ROAD RIGHT,RAN OFF ROAD,SROCKPORTRDWHENNESSEYST,NONE,2020-11-04 14:31:00
BLOOMINGTON PD,BLOOMINGTON,2,0.0,0.0,0.0,0,,,,N INDIANA AVE,E 13TH ST,,,,39.175504,-86.527104,LOCAL/CITY ROAD,N,URBAN,N,N,N,,DAYLIGHT,CLEAR,DRY,,FOUR-WAY INTERSECTION,STRAIGHT/GRADE,ASPHALT,FAILURE TO YIELD RIGHT OF WAY,RIGHT ANGLE,E13THSTNINDIANAAVE,STOP SIGN,2020-11-04 14:35:00
INDIANA UNIV BLOOMINGTON PD,BLOOMINGTON,2,0.0,0.0,0.0,0,,,,N DUNN ST,E 17TH ST,,,,39.180863,-86.523711,LOCAL/CITY ROAD,N,URBAN,N,N,N,,DAYLIGHT,CLEAR,DRY,,FOUR-WAY INTERSECTION,STRAIGHT/LEVEL,ASPHALT,FAILURE TO YIELD RIGHT OF WAY,RIGHT ANGLE,DUNNSTEAST17THST,TRAFFIC CONTROL SIGNAL,2020-11-04 14:41:00
ISP BLOOMINGTON 33,BLOOMINGTON,2,,0.0,0.0,0,,,,SR 46,S CLARIZZ BLVD,,475.0,E,39.16422095,-86.49198658,LOCAL/CITY ROAD,,URBAN,N,N,N,,DAYLIGHT,CLEAR,DRY,,T-INTERSECTION,,ASPHALT,FAILURE TO YIELD RIGHT OF WAY,RIGHT ANGLE,SKingstonDrE3rdSt,,2020-11-04 16:30:00
MONROE SD,BLOOMINGTON,2,0.0,0.0,0.0,0,,,,N SMITH PIKE,ENTRANCE TO SMITH PIKE CROSSING,,150.0,S,0.0,0.0,COUNTY ROAD,N,URBAN,N,N,N,,DAYLIGHT,CLEAR,DRY,,NO JUNCTION INVOLVED,STRAIGHT/GRADE,ASPHALT,FAILURE TO YIELD RIGHT OF WAY,RIGHT ANGLE,SMITHPKWYSTATERD46RD,NONE,2020-11-04 16:52:00
MONROE SD,BLOOMINGTON,1,0.0,0.0,0.0,0,,,,SR 48,,,5000.0,E,0.0,0.0,STATE ROAD,N,URBAN,N,N,N,,DARK (NOT LIGHTED),CLEAR,DRY,,NO JUNCTION INVOLVED,STRAIGHT/LEVEL,ASPHALT,RAN OFF ROAD RIGHT,RAN OFF ROAD,SOUTHSTATEROAD43RDGSR48W,LANE CONTROL,2020-11-04 19:05:00
MONROE SD,BLOOMINGTON,1,0.0,1.0,0.0,0,,,,SR 46,N LOWER BIRDIE GALYAN RD,,,,39.162654,-86.413349,STATE ROAD,N,RURAL,N,Y,N,,DARK (NOT LIGHTED),CLEAR,DRY,,T-INTERSECTION,CURVE/GRADE,ASPHALT,OTHER (DRIVER) - EXPLAIN IN NARRATIVE,RAN OFF ROAD,LOWERBIRDIEGALYANRDSR46E,NONE,2020-11-04 19:05:00
BLOOMINGTON PD,BLOOMINGTON,2,0.0,1.0,0.0,0,,,,SR 48,S LIBERTY DR,,,,0.0,0.0,LOCAL/CITY ROAD,Y,URBAN,Y,N,N,,DARK (LIGHTED),CLOUDY,DRY,,FOUR-WAY INTERSECTION,STRAIGHT/GRADE,ASPHALT,FOLLOWING TOO CLOSELY,REAR END,3RDSTLIBERTYDR,TRAFFIC CONTROL SIGNAL,2020-11-04 21:45:00
ISP BLOOMINGTON 33,BLOOMINGTON,1,,0.0,0.0,1,,,,SR 45,S DARRELL DR,,0.0,S,39.115106,-86.627689,STATE ROAD,,RURAL,N,N,N,,DAYLIGHT,CLEAR,DRY,,T-INTERSECTION,,ASPHALT,ANIMAL/OBJECT IN ROADWAY,COLLISION WITH DEER,WStateRd45SDarrellDr,,2020-11-05 11:14:00
BLOOMINGTON PD,BLOOMINGTON,2,0.0,0.0,0.0,0,,,,SR 45/46,N DUNN ST,,,,39.1663012,-86.52818824,LOCAL/CITY ROAD,N,URBAN,N,N,N,,DAYLIGHT,CLEAR,DRY,,FOUR-WAY INTERSECTION,STRAIGHT/GRADE,ASPHALT,FOLLOWING TOO CLOSELY,REAR END,4546BYPDUNNST,NONE,2020-11-05 11:20:00
MONROE SD,ELLETTSVILLE,2,0.0,0.0,0.0,0,,,,SR 46,N SMITH PIKE,,,,39.210144,-86.5832,STATE ROAD,N,URBAN,N,N,N,,DAYLIGHT,CLEAR,DRY,,FOUR-WAY INTERSECTION,STRAIGHT/LEVEL,ASPHALT,FOLLOWING TOO CLOSELY,REAR END,SMITHPIKESR46W,TRAFFIC CONTROL SIGNAL,2020-11-05 11:46:00
ISP BLOOMINGTON 33,BLOOMINGTON,2,,0.0,0.0,0,,96B,114,SR 37,I-69 N,,0.0,S,39.1088782,-86.55629827,STATE ROAD,,RURAL,N,N,N,,DAYLIGHT,CLEAR,DRY,,RAMP,,ASPHALT,UNSAFE LANE MOVEMENT,SAME DIRECTION SIDESWIPE,SR37-096-B,,2020-11-05 15:30:00
ELLETTSVILLE PD,ELLETTSVILLE,1,0.0,0.0,0.0,0,,,,SR 46,N DEER PARK DR,,,,39.212048,-86.5872,STATE ROAD,Y,URBAN,N,N,N,,DAYLIGHT,CLEAR,DRY,,T-INTERSECTION,STRAIGHT/LEVEL,ASPHALT,UNSAFE SPEED,NON-COLLISION,DEERPARKDRSR46W,NONE,2020-11-05 16:45:00
BLOOMINGTON PD,BLOOMINGTON,2,0.0,0.0,0.0,0,,,,E GRIMES LN,S PALMER AVE,,,,39.153408,-86.529088,LOCAL/CITY ROAD,N,URBAN,N,N,N,,DAYLIGHT,CLEAR,DRY,,NO JUNCTION INVOLVED,STRAIGHT/GRADE,ASPHALT,RAN OFF ROAD RIGHT,SAME DIRECTION SIDESWIPE,EGRIMESLNSPALMERAVE,NONE,2020-11-05 16:55:00
BLOOMINGTON PD,BLOOMINGTON,2,0.0,1.0,0.0,0,,,,S COLLEGE AVE,W 3RD ST,,,,39.16464,-86.534816,LOCAL/CITY ROAD,N,URBAN,N,N,N,,DARK (LIGHTED),CLEAR,DRY,,FOUR-WAY INTERSECTION,STRAIGHT/GRADE,ASPHALT,DISREGARD SIGNAL/REG SIGN,RIGHT ANGLE,SCOLLEGEAVEW3RDST,TRAFFIC CONTROL SIGNAL,2020-11-05 18:07:00
MONROE SD,BLOOMINGTON,1,0.0,0.0,0.0,1,,,,N SR 37 BUSINESS,,,735.0,S,39.1447368,-86.517128,STATE ROAD,N,RURAL,N,N,N,,DARK (NOT LIGHTED),CLEAR,DRY,,NO JUNCTION INVOLVED,STRAIGHT/LEVEL,CONCRETE,ANIMAL/OBJECT IN ROADWAY,COLLISION WITH DEER,EWHISNANDRDSR37N,NONE,2020-11-05 19:50:00
MONROE SD,BLOOMINGTON,1,0.0,0.0,0.0,0,,Y,SB,W MONROE DAM RD,SR 37,,,,39.020048,-86.536096,LOCAL/CITY ROAD,N,RURAL,N,N,N,,DARK (NOT LIGHTED),CLEAR,DRY,,NO JUNCTION INVOLVED,STRAIGHT/LEVEL,ASPHALT,LEFT OF CENTER,COLLISION WITH OBJECT IN ROAD,EMONROEDAMRDS37HWY,LANE CONTROL,2020-11-06 03:37:00
BLOOMINGTON PD,BLOOMINGTON,1,0.0,1.0,0.0,0,,,,N SMITH RD,ENTRANCE TO MEADOW PARK APARTMENTS (N),,,,39.166432,-86.4812,LOCAL/CITY ROAD,N,URBAN,N,N,N,,DAYLIGHT,CLEAR,DRY,,T-INTERSECTION,CURVE/GRADE,ASPHALT,PEDESTRIAN ACTION,LEFT TURN,800NSMITHRDNSMITHRD,NONE,2020-11-06 16:46:00
INDIANA UNIV BLOOMINGTON PD,BLOOMINGTON,2,0.0,0.0,0.0,0,,,,E HILLSIDE DR,E CLIFTON DR,,,,39.150493,-86.509526,LOCAL/CITY ROAD,N,URBAN,N,N,N,,DAYLIGHT,CLEAR,DRY,,FOUR-WAY INTERSECTION,STRAIGHT/HILLCREST,CONCRETE,IMPROPER TURNING,LEFT TURN,CLIFTONAVEHILLSIDEDR,STOP SIGN,2020-11-06 17:15:00
BLOOMINGTON PD,BLOOMINGTON,1,0.0,1.0,0.0,0,,,,N COLLEGE AVE,W 6TH ST,,,,39.167648,-86.534784,LOCAL/CITY ROAD,N,URBAN,N,N,N,,DARK (LIGHTED),CLEAR,DRY,,NO JUNCTION INVOLVED,STRAIGHT/GRADE,ASPHALT,FAILURE TO YIELD RIGHT OF WAY,LEFT/RIGHT TURN,6THSTCOLLEGEAVE,TRAFFIC CONTROL SIGNAL,2020-11-06 17:47:00
MONROE SD,BLOOMINGTON,2,0.0,0.0,0.0,0,,,,E 3RD ST,S CLARK ST,,15.0,W,39.164288,-86.5048,LOCAL/CITY ROAD,N,URBAN,N,N,N,,DARK (LIGHTED),CLEAR,DRY,,NO JUNCTION INVOLVED,STRAIGHT/LEVEL,ASPHALT,FOLLOWING TOO CLOSELY,REAR END,CLARKSTW3RDSTST,NONE,2020-11-06 18:04:00
BLOOMINGTON PD,BLOOMINGTON,2,0.0,0.0,0.0,0,,,,E 3RD ST,S WOODSCREST DR,,75.0,W,39.164239,-86.50243051,LOCAL/CITY ROAD,N,URBAN,N,N,N,,DARK (NOT LIGHTED),CLEAR,DRY,,FOUR-WAY INTERSECTION,STRAIGHT/GRADE,ASPHALT,FOLLOWING TOO CLOSELY,REAR END,E3RDSTSWOODSCRESTDR,NONE,2020-11-06 18:29:00
BLOOMINGTON PD,BLOOMINGTON,2,0.0,1.0,0.0,0,,,,E 3RD ST,S WOODSCREST DR,,,,39.164272,-86.502416,LOCAL/CITY ROAD,N,URBAN,N,N,N,,DARK (LIGHTED),CLEAR,DRY,,NO JUNCTION INVOLVED,STRAIGHT/GRADE,ASPHALT,FOLLOWING TOO CLOSELY,REAR END,E3RDSTSWOODCRESTDR,TRAFFIC CONTROL SIGNAL,2020-11-06 18:38:00
INDIANA UNIV BLOOMINGTON PD,BLOOMINGTON,2,0.0,0.0,0.0,0,,,,E 3RD ST,S DUNN ST,,,,39.164413,-86.528211,LOCAL/CITY ROAD,Y,URBAN,N,N,N,,DARK (LIGHTED),CLEAR,DRY,,FOUR-WAY INTERSECTION,CURVE/GRADE,ASPHALT,UNSAFE LANE MOVEMENT,SAME DIRECTION SIDESWIPE,DUNNSTTHIRDST,TRAFFIC CONTROL SIGNAL,2020-11-06 19:21:00
BLOOMINGTON PD,BLOOMINGTON,3,0.0,0.0,0.0,0,,,,S COLLEGE AVE,W 3RD ST,,250.0,S,39.165664,-86.5348,LOCAL/CITY ROAD,N,URBAN,N,N,N,,DARK (LIGHTED),CLEAR,DRY,,NO JUNCTION INVOLVED,STRAIGHT/LEVEL,ASPHALT,FOLLOWING TOO CLOSELY,REAR END,SOUTHCOLLEGEAVEWEST4THST,LANE CONTROL,2020-11-06 19:40:00
MONROE SD,BLOOMINGTON,1,0.0,0.0,0.0,0,,,,I-69 S,,,100.0,N,0.0,0.0,STATE ROAD,N,URBAN,N,N,N,,DARK (NOT LIGHTED),CLEAR,DRY,,NO JUNCTION INVOLVED,STRAIGHT/GRADE,ASPHALT,DRIVER ASLEEP OR FATIGUED,RAN OFF ROAD,SR69S122.5,LANE CONTROL,2020-11-07 00:40:00
BLOOMINGTON PD,BLOOMINGTON,2,0.0,0.0,0.0,0,,,,S LEONARD SPRINGS RD,W TAPP RD,,,,39.13704,-86.582512,LOCAL/CITY ROAD,N,URBAN,N,N,N,,DAYLIGHT,CLEAR,DRY,,T-INTERSECTION,STRAIGHT/GRADE,ASPHALT,FAILURE TO YIELD RIGHT OF WAY,LEFT TURN,LEONARDSPRINGSRDTAPPRD,STOP SIGN,2020-11-07 10:38:00
MONROE SD,BLOOMINGTON,1,0.0,1.0,0.0,0,,,,S CURRY PIKE,W LOROY AVE,,,,39.160848,-86.582816,LOCAL/CITY ROAD,N,URBAN,N,N,N,,DAYLIGHT,CLEAR,DRY,,T-INTERSECTION,STRAIGHT/LEVEL,ASPHALT,RAN OFF ROAD RIGHT,RAN OFF ROAD,SCURRYPIKEWLOROYAVE,NONE,2020-11-07 14:22:00
MONROE SD,BLOOMINGTON,1,0.0,0.0,0.0,1,,,,N MT GILEAD RD,,,2640.0,N,39.46531277,-86.461687,LOCAL/CITY ROAD,N,RURAL,N,N,N,,DARK (NOT LIGHTED),CLEAR,DRY,,NO JUNCTION INVOLVED,CURVE/GRADE,CONCRETE,ANIMAL/OBJECT IN ROADWAY,COLLISION WITH DEER,EBOSHEARSRDNMTGILEADRD,NONE,2020-11-07 20:26:00
ISP BLOOMINGTON 33,ELLETTSVILLE,2,,0.0,0.0,0,,,,SR 46,,,686.0,N,39.25330707,-86.65482742,STATE ROAD,,RURAL,N,N,N,,DARK (NOT LIGHTED),CLEAR,DRY,,NO JUNCTION INVOLVED,,ASPHALT,LEFT OF CENTER,OPPOSITE DIRECTION SIDESWIPE,StateRd46FlatwoodsRd,,2020-11-07 21:15:00
MONROE SD,BLOOMINGTON,1,0.0,1.0,0.0,0,,,,S FAIRFAX RD,E SANDERS THIRD AVE,,100.0,S,39.0698083,-86.514547,COUNTY ROAD,N,RURAL,N,N,N,,DARK (NOT LIGHTED),CLEAR,DRY,,NO JUNCTION INVOLVED,CURVE/GRADE,ASPHALT,UNSAFE SPEED,RAN OFF ROAD,FAIRFAXRDSANDERSTHIRDAVE,NONE,2020-11-07 21:39:00
BLOOMINGTON PD,BLOOMINGTON,2,0.0,1.0,0.0,0,,,,N COLLEGE AVE,W 10TH ST,,,,39.171744,-86.534768,LOCAL/CITY ROAD,N,URBAN,N,N,N,,DARK (LIGHTED),CLEAR,DRY,,NO JUNCTION INVOLVED,STRAIGHT/GRADE,ASPHALT,FAILURE TO YIELD RIGHT OF WAY,SAME DIRECTION SIDESWIPE,10THSTCOLLEGEAVE,LANE CONTROL,2020-11-07 22:59:00
MONROE SD,BLOOMINGTON,2,0.0,0.0,0.0,0,4810.0,,,SR 45,,,1200.0,W,39.13282248,-86.59932272,STATE ROAD,N,RURAL,N,N,N,,DARK (LIGHTED),CLEAR,DRY,,NO JUNCTION INVOLVED,STRAIGHT/GRADE,ASPHALT,UNSAFE SPEED,REAR END,DUNCANRDSR45W,LANE CONTROL,2020-11-08 01:53:00
INDIANA UNIV BLOOMINGTON PD,BLOOMINGTON,1,0.0,0.0,0.0,0,,,,E 11TH ST,N FEE LN,,,,39.173268,-86.5189,LOCAL/CITY ROAD,N,URBAN,N,N,N,,DAYLIGHT,CLEAR,DRY,,FOUR-WAY INTERSECTION,STRAIGHT/LEVEL,ASPHALT,FAILURE TO YIELD RIGHT OF WAY,LEFT TURN,E11THSTFEELN,NONE,2020-11-08 10:00:00
ISP BLOOMINGTON 33,BLOOMINGTON,1,,1.0,0.0,0,,,,SR 45/46,I-69 S,,0.0,S,39.18734254,-86.55790991,STATE ROAD,,RURAL,N,N,N,,DAYLIGHT,CLEAR,DRY,,NO JUNCTION INVOLVED,,ASPHALT,IMPROPER LANE USAGE,,SR46westofI69,,2020-11-08 10:50:00
BLOOMINGTON PD,BLOOMINGTON,1,0.0,1.0,0.0,0,,,,W 16TH ST,N MONROE ST,,,,39.177552,-86.547104,LOCAL/CITY ROAD,N,URBAN,N,N,N,,DAYLIGHT,CLEAR,DRY,,T-INTERSECTION,STRAIGHT/LEVEL,ASPHALT,RAN OFF ROAD RIGHT,OTHER - EXPLAIN IN NARRATIVE,NMONROESTW16THST,STOP SIGN,2020-11-08 17:13:00
BLOOMINGTON PD,BLOOMINGTON,2,0.0,0.0,0.0,0,,,,W JONATHAN DR,N GATES DR,,,,39.168772,-86.576428,LOCAL/CITY ROAD,Y,URBAN,N,N,N,,DARK (LIGHTED),CLEAR,DRY,,FOUR-WAY INTERSECTION,STRAIGHT/LEVEL,ASPHALT,IMPROPER PASSING,SAME DIRECTION SIDESWIPE,NGATESDRWALEXANDERDR,STOP SIGN,2020-11-08 18:07:00
ISP BLOOMINGTON 33,BLOOMINGTON,1,,1.0,0.0,1,,,,I-69 S,,,0.0,S,39.0713519,-86.62280699,INTERSTATE,,RURAL,N,N,N,,DARK (NOT LIGHTED),CLEAR,DRY,,NO JUNCTION INVOLVED,,ASPHALT,ANIMAL/OBJECT IN ROADWAY,COLLISION WITH DEER,I-69108.7,,2020-11-09 06:08:00
MONROE SD,BLOOMINGTON,1,0.0,2.0,0.0,0,,,,SR 46,N SEWELL RD,,,,39.151648,-86.382896,STATE ROAD,N,RURAL,N,N,N,,DAYLIGHT,CLEAR,DRY,,NO JUNCTION INVOLVED,STRAIGHT/GRADE,ASPHALT,RAN OFF ROAD RIGHT,RAN OFF ROAD,NSEWELLRDSR46E,LANE CONTROL,2020-11-09 13:12:00
ELLETTSVILLE PD,ELLETTSVILLE,1,0.0,0.0,0.0,0,,,,N HARTSTRAIT RD,SR 46,,1584.0,N,39.37679852,-86.611378,LOCAL/CITY ROAD,Y,URBAN,N,N,N,,DAYLIGHT,CLEAR,DRY,,NO JUNCTION INVOLVED,STRAIGHT/GRADE,ASPHALT,OTHER (DRIVER) - EXPLAIN IN NARRATIVE,OTHER - EXPLAIN IN NARRATIVE,HARTSTRAITRDRATLIFFRD,LANE CONTROL,2020-11-09 13:38:00
MONROE SD,BLOOMINGTON,2,0.0,0.0,0.0,0,,,,SR 45,S HARMONY RD,,,,39.111024,-86.638304,STATE ROAD,Y,RURAL,,,N,,DARK (NOT LIGHTED),CLEAR,DRY,,NO JUNCTION INVOLVED,STRAIGHT/LEVEL,ASPHALT,LEFT OF CENTER,OPPOSITE DIRECTION SIDESWIPE,SHARMONYRDSR45W,LANE CONTROL,2020-11-09 14:19:00
BLOOMINGTON PD,BLOOMINGTON,2,0.0,0.0,0.0,0,,,,N WALNUT ST,E 6TH ST,,,,39.167648,-86.533584,LOCAL/CITY ROAD,N,URBAN,N,N,N,,DARK (LIGHTED),CLEAR,DRY,,NO JUNCTION INVOLVED,STRAIGHT/LEVEL,ASPHALT,FOLLOWING TOO CLOSELY,REAR END,6THSTWALNUTST,TRAFFIC CONTROL SIGNAL,2020-11-09 18:29:00
INDIANA UNIV BLOOMINGTON PD,BLOOMINGTON,3,0.0,0.0,0.0,0,,,,SR 46,SR 45,,100.0,S,0.0,0.0,STATE ROAD,N,URBAN,N,Y,N,,DARK (LIGHTED),CLEAR,DRY,,NO JUNCTION INVOLVED,STRAIGHT/LEVEL,ASPHALT,UNSAFE SPEED,REAR END,SR45ESR46S,NONE,2020-11-09 18:45:00
BLOOMINGTON PD,BLOOMINGTON,2,0.0,0.0,0.0,0,,,,E 3RD ST,S ROOSEVELT ST,,,,39.164304,-86.505792,LOCAL/CITY ROAD,N,URBAN,N,N,N,,DARK (LIGHTED),CLEAR,DRY,,T-INTERSECTION,STRAIGHT/GRADE,ASPHALT,UNSAFE LANE MOVEMENT,REAR END,E3RDSTSROOSEVELTST,NONE,2020-11-09 18:45:00
BLOOMINGTON PD,BLOOMINGTON,2,0.0,2.0,0.0,0,,,,S COLLEGE MALL RD,ENTRANCE TO EASTLAND PLAZA,,,,39.1629776,-86.4979521,LOCAL/CITY ROAD,N,URBAN,N,N,N,,DARK (LIGHTED),CLEAR,DRY,,FOUR-WAY INTERSECTION,STRAIGHT/LEVEL,ASPHALT,FAILURE TO YIELD RIGHT OF WAY,LEFT TURN,EASTLANDPLZSCOLLEGEMALLRD,TRAFFIC CONTROL SIGNAL,2020-11-09 19:23:00
BLOOMINGTON PD,BLOOMINGTON,2,0.0,0.0,0.0,0,,,,W 11TH ST,,,200.0,W,39.173344,-86.544704,LOCAL/CITY ROAD,Y,URBAN,N,N,N,,DARK (LIGHTED),CLEAR,DRY,,NO JUNCTION INVOLVED,STRAIGHT/GRADE,ASPHALT,OTHER (DRIVER) - EXPLAIN IN NARRATIVE,OTHER - EXPLAIN IN NARRATIVE,NORRISDRW11THST,NONE,2020-11-09 22:08:00
BLOOMINGTON PD,BLOOMINGTON,2,0.0,0.0,0.0,0,,,,SR 45,S LIBERTY DR,,,,39.145152,-86.5776,STATE ROAD,N,URBAN,N,N,N,,DARK (NOT LIGHTED),RAIN,WET,,FOUR-WAY INTERSECTION,STRAIGHT/LEVEL,ASPHALT,OVERCORRECTING/OVERSTEERING,RIGHT ANGLE,SOUTHLIBERTYDRSR45W,TRAFFIC CONTROL SIGNAL,2020-11-10 06:30:00
ELLETTSVILLE PD,ELLETTSVILLE,1,0.0,0.0,0.0,1,,,,SR 46,,,1600.0,W,39.21690064,-86.59798253,STATE ROAD,N,URBAN,N,N,N,,DARK (NOT LIGHTED),CLOUDY,DRY,,NO JUNCTION INVOLVED,STRAIGHT/LEVEL,ASPHALT,ANIMAL/OBJECT IN ROADWAY,COLLISION WITH DEER,NORTHUNIONVALLEYRDSR46W,LANE CONTROL,2020-11-10 06:40:00
BLOOMINGTON PD,BLOOMINGTON,2,0.0,0.0,0.0,0,,,,E 17TH ST,N LINCOLN ST,,,,39.17904,-86.530848,LOCAL/CITY ROAD,N,URBAN,N,N,N,,DARK (LIGHTED),CLOUDY,DRY,,FOUR-WAY INTERSECTION,STRAIGHT/GRADE,ASPHALT,UNSAFE BACKING,RIGHT ANGLE,17THSTLINCOLNST,LANE CONTROL,2020-11-10 11:51:00
MONROE SD,BLOOMINGTON,3,0.0,1.0,0.0,0,,,,SR 37,S VICTOR PIKE,,100.0,S,39.10532541,-86.55090477,STATE ROAD,N,RURAL,N,Y,N,,DAYLIGHT,CLOUDY,DRY,,FOUR-WAY INTERSECTION,STRAIGHT/GRADE,ASPHALT,UNSAFE SPEED,REAR END,SR37SVICTORPIKE,NONE,2020-11-10 16:34:00
MONROE SD,BLOOMINGTON,2,0.0,0.0,0.0,0,,,,N UNION VALLEY RD,W NESTLE DOWN DR,,,,39.2288175,-86.5926885,COUNTY ROAD,N,RURAL,N,N,N,,DAWN/DUSK,CLOUDY,DRY,,T-INTERSECTION,STRAIGHT/GRADE,ASPHALT,FOLLOWING TOO CLOSELY,REAR END,NESTLEDOWNDRUNIONVALLEYRD,NONE,2020-11-10 17:06:00
INDIANA UNIV BLOOMINGTON PD,BLOOMINGTON,2,0.0,0.0,0.0,0,,,,N JORDAN AVE,E 17TH ST,,,,39.178844,-86.51245,LOCAL/CITY ROAD,N,URBAN,N,N,N,,DARK (LIGHTED),RAIN,WET,,T-INTERSECTION,STRAIGHT/HILLCREST,ASPHALT,SPEED TOO FAST FOR WEATHER CONDITIONS,REAR END,EAST17THSTJORDANAVE,STOP SIGN,2020-11-10 17:42:00
ISP BLOOMINGTON 33,BLOOMINGTON,1,,1.0,0.0,0,,,,I-69 S,,,0.0,S,39.25646229,-86.52623839,INTERSTATE,,RURAL,N,N,N,,DARK (NOT LIGHTED),RAIN,WET,,NO JUNCTION INVOLVED,,ASPHALT,SPEED TOO FAST FOR WEATHER CONDITIONS,RAN OFF ROAD,I-69124,,2020-11-10 17:58:00