Agency,City,Vehicles Involved,Trailers Involved,Number Injured,Number Dead,Number Deer,House Number,Roadway Interchange,Roadway Ramp,Roadway Id,Intersecting Road,Interchange,Feet From,Direction,Latitude,Longitude,Roadway Class,Hit and Run?,Locality,School Zone?,Rumble Strips?,Construction?,Construction Type,Light Condition,Weather Conditions,Surface Condition,Type of Median,Roadway Junction Type,Road Character,Roadway Surface,Primary Factor,Manner of Collision,Unique Location Id,Traffic Control,DateTime
MONROE SD,BLOOMINGTON,1,0.0,0.0,0.0,0,,,,S FAIRFAX RD,E CHERRY LN,,150.0,N,39.09825086,-86.51683913,COUNTY ROAD,N,RURAL,N,N,N,,DARK (NOT LIGHTED),RAIN,WATER (STANDING OR MOVING),,NO JUNCTION INVOLVED,CURVE/GRADE,ASPHALT,SPEED TOO FAST FOR WEATHER CONDITIONS,RAN OFF ROAD,CHERRYLNFAIRFAXRD,NONE,2020-11-10 21:20:00
BLOOMINGTON PD,BLOOMINGTON,2,0.0,0.0,0.0,0,,,,N COLLEGE AVE,W KIRKWOOD AVE,,,,39.16664,-86.5348,LOCAL/CITY ROAD,N,URBAN,N,N,N,,DARK (LIGHTED),RAIN,WET,,NO JUNCTION INVOLVED,STRAIGHT/GRADE,ASPHALT,FAILURE TO YIELD RIGHT OF WAY,SAME DIRECTION SIDESWIPE,COLLEGEAVEKIRKWOODAVE,NONE,2020-11-10 21:43:00
MONROE SD,BLOOMINGTON,1,0.0,0.0,0.0,0,,,,I-69 S,SR 37,,0.0,S,0.0,0.0,INTERSTATE,N,RURAL,N,N,N,,DARK (LIGHTED),RAIN,WET,,RAMP,STRAIGHT/LEVEL,ASPHALT,RAN OFF ROAD RIGHT,RAN OFF ROAD,I69S114.0,NONE,2020-11-10 23:45:00
MONROE SD,BLOOMINGTON,1,0.0,0.0,0.0,0,,,,S VICTOR PIKE,W BOLIN LN,,,,39.100235,-86.557953,LOCAL/CITY ROAD,N,RURAL,N,N,N,,DARK (NOT LIGHTED),CLEAR,WET,,T-INTERSECTION,CURVE/LEVEL,ASPHALT,RAN OFF ROAD RIGHT,RAN OFF ROAD,SOUTHVICTORPIKEWESTBOLINLN,STOP SIGN,2020-11-11 02:10:00
MONROE SD,BLOOMINGTON,2,0.0,0.0,0.0,0,,,,W 2ND ST,S PATTERSON DR,,,,39.160737,-86.548536,LOCAL/CITY ROAD,N,URBAN,N,N,N,,DAYLIGHT,CLEAR,DRY,,FOUR-WAY INTERSECTION,STRAIGHT/LEVEL,ASPHALT,FOLLOWING TOO CLOSELY,REAR END,2NDSTPATTERSONDR,TRAFFIC CONTROL SIGNAL,2020-11-11 04:46:00
BLOOMINGTON PD,BLOOMINGTON,2,0.0,2.0,0.0,0,,,,SR 46,S CLARIZZ BLVD,,,,39.16424,-86.4908,LOCAL/CITY ROAD,N,URBAN,N,N,N,,DAYLIGHT,CLOUDY,DRY,,FOUR-WAY INTERSECTION,STRAIGHT/LEVEL,ASPHALT,DRIVER DISTRACTED - EXPLAIN IN NARRATIVE,REAR END,E3RDSTSCLARIZZBLVD,LANE CONTROL,2020-11-11 10:23:00
MONROE SD,BLOOMINGTON,1,0.0,0.0,0.0,0,,,,E GUTHRIE RD,S KINSER CEMETERY RD,,150.0,W,0.0,0.0,COUNTY ROAD,N,URBAN,N,N,N,,DAYLIGHT,CLEAR,DRY,,NO JUNCTION INVOLVED,CURVE/GRADE,ASPHALT,RAN OFF ROAD RIGHT,RAN OFF ROAD,EASTGUTHRIERDSOUTHKINSERCEMETERYRD,NONE,2020-11-11 12:25:00
BLOOMINGTON PD,BLOOMINGTON,2,0.0,0.0,0.0,0,,,,S WALNUT ST,E NORTH DR,,100.0,N,39.15461889,-86.531742,LOCAL/CITY ROAD,N,URBAN,N,N,N,,DAYLIGHT,CLEAR,DRY,,FOUR-WAY INTERSECTION,STRAIGHT/LEVEL,ASPHALT,FOLLOWING TOO CLOSELY,REAR END,ENORTHDRSWALNUTST,NONE,2020-11-11 14:46:00
BLOOMINGTON PD,BLOOMINGTON,3,0.0,1.0,0.0,0,,,,SR 48,S GATES DR,,,,39.1645631,-86.5761678,LOCAL/CITY ROAD,N,URBAN,N,N,N,,DAYLIGHT,CLEAR,DRY,,FOUR-WAY INTERSECTION,STRAIGHT/GRADE,ASPHALT,FAILURE TO YIELD RIGHT OF WAY,LEFT TURN,SGATESDRW3RDST,TRAFFIC CONTROL SIGNAL,2020-11-11 14:58:00
BLOOMINGTON PD,BLOOMINGTON,2,0.0,1.0,0.0,0,,,,S ROGERS ST,W CHEROKEE DR,,100.0,N,39.15751367,-86.538856,LOCAL/CITY ROAD,N,URBAN,N,N,N,,DAYLIGHT,CLEAR,DRY,,T-INTERSECTION,STRAIGHT/LEVEL,ASPHALT,FOLLOWING TOO CLOSELY,REAR END,SROGERSSTWCHEROKEERD,NONE,2020-11-11 16:12:00
MONROE SD,BLOOMINGTON,2,1.0,0.0,0.0,0,,,,N CURRY PIKE,W VERNAL PIKE,,,,39.179248,-86.5832,COUNTY ROAD,N,URBAN,N,N,N,,DAYLIGHT,CLEAR,DRY,,NO JUNCTION INVOLVED,STRAIGHT/LEVEL,ASPHALT,FOLLOWING TOO CLOSELY,REAR END,NCURRYPIKEWVERNALPIKE,NONE,2020-11-11 16:20:00
BLOOMINGTON PD,BLOOMINGTON,3,0.0,0.0,0.0,0,,,,SR 45/46,N KINSER PIKE,,,,39.186544,-86.537888,STATE ROAD,N,URBAN,N,N,N,,DAYLIGHT,CLEAR,DRY,,FOUR-WAY INTERSECTION,STRAIGHT/LEVEL,ASPHALT,FOLLOWING TOO CLOSELY,REAR END,NKINSERPIKESR4546E,TRAFFIC CONTROL SIGNAL,2020-11-11 16:35:00
BLOOMINGTON PD,BLOOMINGTON,2,0.0,3.0,0.0,0,,,,W 3RD ST,S KIMBLE DR,,,,39.16464,-86.568,LOCAL/CITY ROAD,N,URBAN,N,N,N,,DARK (NOT LIGHTED),CLEAR,DRY,,T-INTERSECTION,STRAIGHT/LEVEL,ASPHALT,FOLLOWING TOO CLOSELY,REAR END,SKIMBLEDRW3RDST,TRAFFIC CONTROL SIGNAL,2020-11-11 18:27:00
BLOOMINGTON PD,BLOOMINGTON,2,0.0,1.0,0.0,0,,,,S COLLEGE MALL RD,E 2ND ST,,,,39.160944,-86.497696,LOCAL/CITY ROAD,N,URBAN,N,N,N,,DARK (LIGHTED),CLEAR,DRY,,FOUR-WAY INTERSECTION,STRAIGHT/LEVEL,ASPHALT,FAILURE TO YIELD RIGHT OF WAY,RIGHT ANGLE,E2NDSTSCOLLEGEMALLRD,TRAFFIC CONTROL SIGNAL,2020-11-11 19:13:00
MONROE SD,BLOOMINGTON,1,0.0,0.0,0.0,1,,,,SR 46,N CURRY PIKE,,100.0,E,39.193728,-86.57116265,STATE ROAD,N,RURAL,N,N,N,,DARK (NOT LIGHTED),CLEAR,DRY,,FOUR-WAY INTERSECTION,STRAIGHT/LEVEL,ASPHALT,ANIMAL/OBJECT IN ROADWAY,COLLISION WITH DEER,NCURRYPIKESR46W,TRAFFIC CONTROL SIGNAL,2020-11-11 20:45:00
INDIANA UNIV BLOOMINGTON PD,BLOOMINGTON,1,0.0,0.0,0.0,1,,,,SR 45/46,E 17TH ST,,,,39.1798375,-86.5071788,STATE ROAD,N,URBAN,N,N,N,,DARK (LIGHTED),CLEAR,DRY,,T-INTERSECTION,CURVE/LEVEL,ASPHALT,ANIMAL/OBJECT IN ROADWAY,COLLISION WITH DEER,EAST17THSTSR46,TRAFFIC CONTROL SIGNAL,2020-11-12 01:18:00
MONROE SD,BLOOMINGTON,1,0.0,0.0,0.0,1,,,,SR 37,,,1378.0,N,39.02377427,-86.53526951,STATE ROAD,N,RURAL,N,Y,N,,DARK (NOT LIGHTED),CLEAR,DRY,,NO JUNCTION INVOLVED,STRAIGHT/LEVEL,ASPHALT,ANIMAL/OBJECT IN ROADWAY,COLLISION WITH DEER,MONROEDAMRDSR37S,NONE,2020-11-12 05:17:00
MONROE SD,BLOOMINGTON,1,0.0,0.0,0.0,0,6735.0,,,S HARMONY RD,,,,,39.08227658,-86.63372231,LOCAL/CITY ROAD,N,RURAL,N,N,N,,DARK (NOT LIGHTED),CLEAR,DRY,,NO JUNCTION INVOLVED,CURVE/GRADE,ASPHALT,RAN OFF ROAD RIGHT,RAN OFF ROAD,SHARMONYRD,NONE,2020-11-12 07:19:00
MONROE SD,BLOOMINGTON,1,0.0,0.0,0.0,1,,,,SR 48,,,1200.0,W,39.164685,-86.59747708,STATE ROAD,N,URBAN,N,N,N,,DAYLIGHT,CLEAR,DRY,,NO JUNCTION INVOLVED,CURVE/GRADE,ASPHALT,ANIMAL/OBJECT IN ROADWAY,COLLISION WITH DEER,CAVERDSR48,LANE CONTROL,2020-11-12 08:30:00
BLOOMINGTON PD,BLOOMINGTON,2,0.0,2.0,0.0,0,,,,E 10TH ST,N LINCOLN ST,,,,39.171712,-86.530992,LOCAL/CITY ROAD,N,URBAN,N,N,N,,DAYLIGHT,CLEAR,DRY,,T-INTERSECTION,STRAIGHT/GRADE,ASPHALT,FAILURE TO YIELD RIGHT OF WAY,RIGHT ANGLE,10THSTLINCOLNST,STOP SIGN,2020-11-12 09:09:00
BLOOMINGTON PD,BLOOMINGTON,2,0.0,0.0,0.0,0,,,,E MOORES PIKE,S SMITH RD,,,,39.150224,-86.480464,LOCAL/CITY ROAD,Y,URBAN,N,N,N,,DAYLIGHT,CLEAR,DRY,,FOUR-WAY INTERSECTION,STRAIGHT/GRADE,ASPHALT,DISREGARD SIGNAL/REG SIGN,RIGHT ANGLE,MOORESPIKESMITHRD,STOP SIGN,2020-11-12 09:39:00
ISP BLOOMINGTON 33,KNIGHT RIDGE,1,,0.0,0.0,1,,,,SR 446,,,0.0,S,38.99137106,-86.36885335,STATE ROAD,,RURAL,N,N,N,,DARK (NOT LIGHTED),CLEAR,DRY,,NO JUNCTION INVOLVED,,ASPHALT,ANIMAL/OBJECT IN ROADWAY,COLLISION WITH DEER,StateRd446,,2020-11-12 18:05:00
MONROE SD,BLOOMINGTON,1,0.0,0.0,0.0,1,,,,W LEONARD SPRINGS RD,,,150.0,E,39.1223002,-86.58697388,COUNTY ROAD,N,RURAL,N,N,N,,DARK (NOT LIGHTED),CLEAR,DRY,,NO JUNCTION INVOLVED,STRAIGHT/HILLCREST,ASPHALT,ANIMAL/OBJECT IN ROADWAY,COLLISION WITH DEER,HORNOWLRDSLEONARDRD,NONE,2020-11-12 18:13:00
MONROE SD,BLOOMINGTON,1,0.0,1.0,0.0,0,,,,I-69 N,,,100.0,S,0.0,0.0,INTERSTATE,N,RURAL,N,N,N,,DARK (NOT LIGHTED),CLEAR,DRY,,NO JUNCTION INVOLVED,STRAIGHT/LEVEL,ASPHALT,FOLLOWING TOO CLOSELY,RAN OFF ROAD,I69N109.0,NONE,2020-11-13 06:40:00
BLOOMINGTON PD,BLOOMINGTON,3,0.0,1.0,0.0,0,,,,W COUNTRY CLUB DR,S MILTON DR,,200.0,W,39.13304,-86.5384,LOCAL/CITY ROAD,N,URBAN,N,N,N,,DAYLIGHT,CLEAR,DRY,,FOUR-WAY INTERSECTION,STRAIGHT/LEVEL,ASPHALT,FOLLOWING TOO CLOSELY,REAR END,COUNTRYCLUBRDSROGERSDR,TRAFFIC CONTROL SIGNAL,2020-11-13 09:07:00
ISP BLOOMINGTON 33,BLOOMINGTON,1,,0.0,0.0,0,,,,I-69 N,,,0.0,S,39.33703256,-86.51027388,INTERSTATE,,RURAL,N,N,N,,DAYLIGHT,CLEAR,DRY,,NO JUNCTION INVOLVED,,ASPHALT,OVERCORRECTING/OVERSTEERING,RAN OFF ROAD,I-69130,,2020-11-13 09:50:00
BLOOMINGTON PD,BLOOMINGTON,2,0.0,0.0,0.0,0,214.0,,,E SOUTHERN DR,,,,,39.14984,-86.53213111,UNKNOWN,Y,URBAN,N,N,N,,DAYLIGHT,CLEAR,DRY,,NO JUNCTION INVOLVED,STRAIGHT/GRADE,ASPHALT,UNSAFE BACKING,BACKING CRASH,ESOUTHERNDR,NONE,2020-11-13 10:45:00
BLOOMINGTON PD,BLOOMINGTON,2,0.0,0.0,0.0,0,,,,S WALNUT ST,E 3RD ST,,,,39.16464,-86.5336,LOCAL/CITY ROAD,Y,URBAN,N,N,Y,LANE CLOSURE,DAYLIGHT,CLEAR,DRY,,FOUR-WAY INTERSECTION,STRAIGHT/LEVEL,ASPHALT,UNSAFE LANE MOVEMENT,SAME DIRECTION SIDESWIPE,3RDSTWALNUTST,LANE CONTROL,2020-11-13 11:40:00
BLOOMINGTON PD,BLOOMINGTON,2,0.0,0.0,0.0,0,,,,E 2ND ST,S COLLEGE MALL RD,,,,39.1609338,-86.4976546,LOCAL/CITY ROAD,N,URBAN,N,N,N,,DAYLIGHT,CLEAR,DRY,,FOUR-WAY INTERSECTION,STRAIGHT/LEVEL,ASPHALT,FAILURE TO YIELD RIGHT OF WAY,LEFT/RIGHT TURN,E2NDSTSCOLLEGEMALLRD,TRAFFIC CONTROL SIGNAL,2020-11-13 11:42:00
MONROE SD,BLOOMINGTON,2,0.0,0.0,0.0,0,,,,N CURRY PIKE,W PROFILE PKWY,,,,39.171961,-86.582982,LOCAL/CITY ROAD,N,URBAN,N,N,N,,DAYLIGHT,CLEAR,DRY,,T-INTERSECTION,STRAIGHT/LEVEL,ASPHALT,DISREGARD SIGNAL/REG SIGN,RIGHT ANGLE,NCURRYPIKEWPROFILEPKWY,TRAFFIC CONTROL SIGNAL,2020-11-13 11:56:00
MONROE SD,BLOOMINGTON,2,0.0,3.0,0.0,0,,,,SR 37,S WALNUT ST,,,,39.1342671,-86.5313924,STATE ROAD,N,URBAN,N,N,N,,DAYLIGHT,CLEAR,DRY,,FOUR-WAY INTERSECTION,STRAIGHT/LEVEL,ASPHALT,DISREGARD SIGNAL/REG SIGN,RIGHT ANGLE,SR37WALNUTST,TRAFFIC CONTROL SIGNAL,2020-11-13 11:58:00
BLOOMINGTON PD,BLOOMINGTON,2,0.0,0.0,0.0,0,,,,S WALNUT ST,E MILLER DR,,75.0,S,39.146944,-86.532544,LOCAL/CITY ROAD,N,URBAN,N,N,N,,DAYLIGHT,CLEAR,DRY,,NO JUNCTION INVOLVED,STRAIGHT/GRADE,ASPHALT,FAILURE TO YIELD RIGHT OF WAY,RIGHT TURN,EMILLERDRSWALNUTST,NONE,2020-11-13 17:04:00
MONROE SD,BLOOMINGTON,1,0.0,0.0,0.0,1,,,,W VERNAL PIKE,N ENTERPRISE DR,,200.0,W,39.17919,-86.56803668,COUNTY ROAD,N,URBAN,N,N,N,,DARK (NOT LIGHTED),CLEAR,DRY,,NO JUNCTION INVOLVED,STRAIGHT/HILLCREST,ASPHALT,ANIMAL/OBJECT IN ROADWAY,COLLISION WITH DEER,ENTERPRISEDRWVERNALPIKE,NONE,2020-11-13 18:04:00
MONROE SD,BLOOMINGTON,1,0.0,0.0,0.0,0,,,,W THAT RD,BLOOMINGTON RAIL TRAIL,,250.0,W,39.11464,-86.539392,LOCAL/CITY ROAD,N,URBAN,N,N,N,,DARK (NOT LIGHTED),CLEAR,DRY,,NO JUNCTION INVOLVED,STRAIGHT/LEVEL,ASPHALT,ANIMAL/OBJECT IN ROADWAY,COLLISION WITH DEER,SROGERSSTWTHATRD,LANE CONTROL,2020-11-13 19:38:00
BLOOMINGTON PD,BLOOMINGTON,2,0.0,0.0,0.0,0,2425.0,,,W 3RD ST,S OPPORTUNITY LN,,,,0.0,0.0,LOCAL/CITY ROAD,N,URBAN,N,N,N,,DAYLIGHT,RAIN,WET,,FOUR-WAY INTERSECTION,STRAIGHT/LEVEL,ASPHALT,LEFT OF CENTER,LEFT/RIGHT TURN,2425W3RDSTOPPORTUNITYLN,NONE,2020-11-14 00:05:00
MONROE SD,BLOOMINGTON,3,0.0,2.0,0.0,0,,,,W OLD SR 37,E BETHEL LN,,,,39.215344,-86.521392,LOCAL/CITY ROAD,N,URBAN,N,N,N,,DAYLIGHT,RAIN,WET,,T-INTERSECTION,STRAIGHT/HILLCREST,ASPHALT,FAILURE TO YIELD RIGHT OF WAY,RIGHT ANGLE,EBETHELLNNOLDSTATE37RD,STOP SIGN,2020-11-14 00:40:00
BLOOMINGTON PD,BLOOMINGTON,2,0.0,0.0,0.0,0,,,,E 3RD ST,S DUNN ST,,,,39.164448,-86.528096,LOCAL/CITY ROAD,N,URBAN,N,N,N,,DARK (LIGHTED),CLEAR,DRY,,FOUR-WAY INTERSECTION,CURVE/LEVEL,ASPHALT,DISREGARD SIGNAL/REG SIGN,RIGHT ANGLE,E3RDSTSDUNNST,TRAFFIC CONTROL SIGNAL,2020-11-14 01:12:00
MONROE SD,BLOOMINGTON,1,0.0,0.0,0.0,1,,,,SR 45,,,1467.0,W,39.0867869,-86.6771538,STATE ROAD,N,RURAL,N,Y,N,,DARK (NOT LIGHTED),CLEAR,DRY,,NO JUNCTION INVOLVED,STRAIGHT/LEVEL,ASPHALT,ANIMAL/OBJECT IN ROADWAY,COLLISION WITH DEER,BREEDENRDSR45W,NONE,2020-11-14 06:11:00
ELLETTSVILLE PD,ELLETTSVILLE,2,0.0,0.0,0.0,0,,,,SR 46,N HARTSTRAIT RD,,,,39.227624,-86.615919,STATE ROAD,N,URBAN,N,N,N,,DAYLIGHT,CLEAR,DRY,,NO JUNCTION INVOLVED,STRAIGHT/GRADE,ASPHALT,DISREGARD SIGNAL/REG SIGN,RIGHT ANGLE,HARTSTRAITRDSR46W,TRAFFIC CONTROL SIGNAL,2020-11-14 10:14:00
BLOOMINGTON PD,BLOOMINGTON,2,0.0,0.0,0.0,0,,,,I-69 S,,,800.0,S,0.0,0.0,INTERSTATE,N,URBAN,N,N,N,,DAYLIGHT,RAIN,WET,,NO JUNCTION INVOLVED,STRAIGHT/HILLCREST,ASPHALT,IMPROPER LANE USAGE,SAME DIRECTION SIDESWIPE,I69S119,LANE CONTROL,2020-11-14 11:55:00
BLOOMINGTON PD,BLOOMINGTON,1,0.0,0.0,0.0,0,,,,S OLCOTT BLVD,E CHAUDION CT,,,,39.148526,-86.484376,LOCAL/CITY ROAD,N,URBAN,N,N,N,,DAYLIGHT,RAIN,WET,,NO JUNCTION INVOLVED,CURVE/GRADE,ASPHALT,RAN OFF ROAD RIGHT,RAN OFF ROAD,ECHAUDIONCTSOLCOTTBLVD,NONE,2020-11-14 13:24:00
MONROE SD,BLOOMINGTON,2,0.0,0.0,0.0,0,,,,N CURRY PIKE,W PROFILE PKWY,,,,39.171961,-86.582982,COUNTY ROAD,N,URBAN,N,N,Y,WORK ON SHOULDER,DAYLIGHT,CLOUDY,DRY,,NO JUNCTION INVOLVED,STRAIGHT/LEVEL,ASPHALT,FOLLOWING TOO CLOSELY,REAR END,NCURRYPIKEWPROFILEPKWY,TRAFFIC CONTROL SIGNAL,2020-11-14 15:53:00
MONROE SD,BLOOMINGTON,1,0.0,0.0,0.0,1,,,,S FAIRFAX RD,S WISLEY LN,,,,39.05450365,-86.49837915,COUNTY ROAD,N,RURAL,N,N,N,,DAYLIGHT,CLEAR,DRY,,T-INTERSECTION,CURVE/LEVEL,ASPHALT,ANIMAL/OBJECT IN ROADWAY,COLLISION WITH DEER,SFAIRFAXRDSWISLEYLN,NONE,2020-11-14 17:19:00
MONROE SD,BLOOMINGTON,1,0.0,1.0,0.0,0,,,,SR 45,E EARL YOUNG RD,,500.0,W,39.2170871,-86.45383627,STATE ROAD,N,RURAL,N,N,N,,DARK (NOT LIGHTED),RAIN,WET,,NO JUNCTION INVOLVED,CURVE/LEVEL,ASPHALT,RAN OFF ROAD RIGHT,RAN OFF ROAD,EEARLYOUNGRDSR45E,NONE,2020-11-14 19:22:00
BLOOMINGTON PD,BLOOMINGTON,1,0.0,1.0,0.0,0,,,,W BLOOMFIELD RD,,,500.0,E,39.157044,-86.55983027,LOCAL/CITY ROAD,Y,URBAN,N,N,N,,DARK (NOT LIGHTED),RAIN,WET,,NO JUNCTION INVOLVED,STRAIGHT/LEVEL,ASPHALT,PEDESTRIAN ACTION,COLLISION WITH OBJECT IN ROAD,SOUTHCORYLNWESTBLOOMFIELDRD,LANE CONTROL,2020-11-14 19:50:00
ISP BLOOMINGTON 33,BLOOMINGTON,1,,0.0,0.0,1,,,,I-69 S,,,0.0,S,39.07620631,-86.58949561,,,RURAL,N,N,N,,DARK (NOT LIGHTED),CLEAR,DRY,,NO JUNCTION INVOLVED,,ASPHALT,ANIMAL/OBJECT IN ROADWAY,COLLISION WITH DEER,I-69111,,2020-11-14 19:50:00
INDIANA UNIV BLOOMINGTON PD,BLOOMINGTON,2,0.0,2.0,0.0,0,,,,S JORDAN AVE,E 3RD ST,,,,39.164263,-86.516394,LOCAL/CITY ROAD,N,URBAN,N,N,N,,DARK (LIGHTED),RAIN,WET,,FOUR-WAY INTERSECTION,STRAIGHT/LEVEL,ASPHALT,UNSAFE LANE MOVEMENT,SAME DIRECTION SIDESWIPE,JORDANAVETHIRDST,LANE CONTROL,2020-11-14 20:00:00
INDIANA UNIV BLOOMINGTON PD,BLOOMINGTON,2,0.0,0.0,0.0,0,,,,E 3RD ST,S JORDAN AVE,,,,39.164263,-86.516394,LOCAL/CITY ROAD,N,URBAN,N,N,N,,DARK (LIGHTED),RAIN,WET,,FOUR-WAY INTERSECTION,STRAIGHT/LEVEL,ASPHALT,FOLLOWING TOO CLOSELY,REAR END,JORDANAVETHIRDST,TRAFFIC CONTROL SIGNAL,2020-11-14 20:21:00
BLOOMINGTON PD,BLOOMINGTON,1,0.0,0.0,0.0,0,,,,E WINSLOW RD,,,500.0,W,39.13642915,-86.50832074,LOCAL/CITY ROAD,N,URBAN,N,N,N,,DARK (NOT LIGHTED),RAIN,WET,,TRAFFIC CIRCLE/ROUNDABOUT,STRAIGHT/GRADE,ASPHALT,SPEED TOO FAST FOR WEATHER CONDITIONS,RAN OFF ROAD,EWINSLOWRDSHIGHST,NONE,2020-11-14 21:33:00
ELLETTSVILLE PD,ELLETTSVILLE,1,0.0,0.0,0.0,0,,,,N UNION VALLEY RD,SR 46,,,,39.2153592,-86.5930113,COUNTY ROAD,N,URBAN,N,N,N,,DARK (NOT LIGHTED),CLEAR,DRY,,NO JUNCTION INVOLVED,STRAIGHT/LEVEL,ASPHALT,DRIVER DISTRACTED - EXPLAIN IN NARRATIVE,RAN OFF ROAD,UNIONVALLEYRDWESTSTATEROAD46HWY,NONE,2020-11-14 22:03:00
MONROE SD,BLOOMINGTON,1,0.0,0.0,0.0,0,4498.0,,,E ROBINSON RD,,,1000.0,N,0.0,0.0,COUNTY ROAD,N,RURAL,N,N,N,,DAYLIGHT,SEVERE CROSS WIND,DRY,,NO JUNCTION INVOLVED,CURVE/LEVEL,ASPHALT,OTHER (ENVIRONMENTAL) - EXPLAIN IN NARR,OTHER - EXPLAIN IN NARRATIVE,4498ROBINSONRDOLDSTATEROAD37RD,NO PASSING ZONE,2020-11-15 09:28:00
BLOOMINGTON PD,BLOOMINGTON,3,0.0,0.0,0.0,0,,,,N WALNUT ST,E 11TH ST,,50.0,N,39.173248,-86.533488,LOCAL/CITY ROAD,N,URBAN,N,N,N,,DARK (LIGHTED),CLOUDY,DRY,,T-INTERSECTION,STRAIGHT/HILLCREST,ASPHALT,UNSAFE LANE MOVEMENT,REAR END,EAST11THSTNORTHWALNUTST,NONE,2020-11-15 21:30:00
ELLETTSVILLE PD,ELLETTSVILLE,2,0.0,0.0,0.0,0,,,,SR 46,N 5TH ST,,,,39.23352,-86.62424,STATE ROAD,N,URBAN,N,N,N,,DAYLIGHT,CLEAR,DRY,,NO JUNCTION INVOLVED,STRAIGHT/LEVEL,ASPHALT,FAILURE TO YIELD RIGHT OF WAY,RIGHT ANGLE,5THSTSR46W,LANE CONTROL,2020-11-16 16:02:00
ELLETTSVILLE PD,ELLETTSVILLE,1,0.0,0.0,0.0,1,,,,SR 46,,,300.0,W,39.2409948,-86.63201061,STATE ROAD,N,URBAN,N,N,N,,DARK (LIGHTED),CLEAR,DRY,,NO JUNCTION INVOLVED,STRAIGHT/GRADE,ASPHALT,ANIMAL/OBJECT IN ROADWAY,COLLISION WITH DEER,RIDGESPRINSLNSR46W,LANE CONTROL,2020-11-16 19:00:00
MONROE SD,BLOOMINGTON,1,1.0,0.0,0.0,1,,,,SR 46,,,570.0,W,39.16503113,-86.43082882,STATE ROAD,N,RURAL,N,N,N,,DARK (NOT LIGHTED),CLEAR,DRY,,NO JUNCTION INVOLVED,CURVE/LEVEL,CONCRETE,ANIMAL/OBJECT IN ROADWAY,COLLISION WITH DEER,ETRAILWAYDRSR46E,NONE,2020-11-16 20:36:00
BLOOMINGTON PD,BLOOMINGTON,2,0.0,2.0,0.0,0,,,,S ROGERS ST,W DODDS ST,,,,39.157477,-86.538682,LOCAL/CITY ROAD,N,URBAN,N,N,N,,DAYLIGHT,CLEAR,DRY,,FOUR-WAY INTERSECTION,STRAIGHT/LEVEL,ASPHALT,FAILURE TO YIELD RIGHT OF WAY,RIGHT ANGLE,SROGERSSTWDODDSST,STOP SIGN,2020-11-16 22:58:00
ISP BLOOMINGTON 33,BLOOMINGTON,1,,1.0,0.0,0,,,,I-69 N,,,0.0,S,39.22715538,-86.54572196,INTERSTATE,,RURAL,N,N,N,,DARK (NOT LIGHTED),CLEAR,DRY,,NO JUNCTION INVOLVED,,ASPHALT,,,I-69123,,2020-11-17 06:25:00
BLOOMINGTON PD,BLOOMINGTON,2,0.0,0.0,0.0,0,,,,S LINCOLN ST,E SMITH AVE,,,,39.162826,-86.5312,LOCAL/CITY ROAD,N,URBAN,N,N,Y,INTERMITTENT OR MOVING WORK,DAYLIGHT,CLEAR,DRY,,FOUR-WAY INTERSECTION,STRAIGHT/GRADE,ASPHALT,IMPROPER LANE USAGE,SAME DIRECTION SIDESWIPE,ESMITHAVESLINCOLNST,NONE,2020-11-17 08:37:00
MONROE SD,BLOOMINGTON,2,0.0,0.0,0.0,0,,,,S KETCHAM RD,W FLUCK MILL RD,,,,39.069839,-86.561575,COUNTY ROAD,Y,RURAL,N,N,N,,DAYLIGHT,CLEAR,DRY,,NO JUNCTION INVOLVED,CURVE/GRADE,ASPHALT,FAILURE TO YIELD RIGHT OF WAY,OPPOSITE DIRECTION SIDESWIPE,SKETCHAMRDWFLUCKMILLRD,STOP SIGN,2020-11-17 11:52:00
BLOOMINGTON PD,BLOOMINGTON,2,0.0,0.0,0.0,0,,,,SR 46,SR 46,,,,39.1641839,-86.4982356,LOCAL/CITY ROAD,N,URBAN,N,N,N,,DAYLIGHT,CLEAR,DRY,,NO JUNCTION INVOLVED,STRAIGHT/LEVEL,ASPHALT,DISREGARD SIGNAL/REG SIGN,RIGHT ANGLE,COLLEGEMALLRDTHIRDST,TRAFFIC CONTROL SIGNAL,2020-11-17 12:14:00
BLOOMINGTON PD,BLOOMINGTON,2,0.0,0.0,0.0,0,,,,S COLLEGE MALL RD,E 3RD ST,,,,39.16424,-86.4984,LOCAL/CITY ROAD,N,URBAN,N,N,N,,DAYLIGHT,CLEAR,DRY,,FOUR-WAY INTERSECTION,STRAIGHT/LEVEL,ASPHALT,UNSAFE LANE MOVEMENT,LEFT TURN,EAST3RDSTSOUTHCOLLEGEMALLRD,TRAFFIC CONTROL SIGNAL,2020-11-17 14:10:00