Agency,City,Vehicles Involved,Trailers Involved,Number Injured,Number Dead,Number Deer,House Number,Roadway Interchange,Roadway Ramp,Roadway Id,Intersecting Road,Interchange,Feet From,Direction,Latitude,Longitude,Roadway Class,Hit and Run?,Locality,School Zone?,Rumble Strips?,Construction?,Construction Type,Light Condition,Weather Conditions,Surface Condition,Type of Median,Roadway Junction Type,Road Character,Roadway Surface,Primary Factor,Manner of Collision,Unique Location Id,Traffic Control,DateTime
ELLETTSVILLE PD,ELLETTSVILLE,2,0.0,0.0,0.0,0,,,,W MAIN ST,N MARKET ST,,,,0.0,0.0,LOCAL/CITY ROAD,N,RURAL,N,N,N,,DAYLIGHT,CLEAR,DRY,,T-INTERSECTION,STRAIGHT/LEVEL,ASPHALT,OTHER (DRIVER) - EXPLAIN IN NARRATIVE,LEFT TURN,NORTHMARKETSTWESTMAINST,NONE,2020-11-17 14:50:00
BLOOMINGTON PD,BLOOMINGTON,2,0.0,0.0,0.0,0,,,,W BLOOMFIELD RD,S SHADELAND DR,,,,39.155699,-86.562074,LOCAL/CITY ROAD,N,URBAN,N,N,N,,DAYLIGHT,CLEAR,DRY,,FOUR-WAY INTERSECTION,STRAIGHT/GRADE,CONCRETE,FAILURE TO YIELD RIGHT OF WAY,LEFT TURN,SSHADELANDDRWBLOOMFIELDRD,NONE,2020-11-17 16:41:00
ISP INDIANAPOLIS 52,BLOOMINGTON,2,,0.0,0.0,0,,,,SR 48,ENTRANCE TO KROGER FUEL CENTER,,739.0,W,39.16463685,-86.5806817,LOCAL/CITY ROAD,,RURAL,N,N,N,,DAYLIGHT,CLEAR,DRY,,NO JUNCTION INVOLVED,,ASPHALT,FAILURE TO YIELD RIGHT OF WAY,LEFT TURN,W3rdStSLibertyDr,,2020-11-17 17:00:00
MONROE SD,BLOOMINGTON,2,0.0,0.0,0.0,0,,,,W JONATHAN DR,,,600.0,E,39.168772,-86.57647994,LOCAL/CITY ROAD,N,RURAL,N,N,Y,LANE CLOSURE,DAYLIGHT,CLEAR,DRY,,NO JUNCTION INVOLVED,STRAIGHT/LEVEL,ASPHALT,FOLLOWING TOO CLOSELY,REAR END,GATESDRJONATHANDR,LANE CONTROL,2020-11-17 17:02:00
INDIANA UNIV BLOOMINGTON PD,BLOOMINGTON,2,0.0,0.0,0.0,0,,,,FOSTER CIRCLE,,,100.0,S,39.16467645,-86.52764865,UNKNOWN,Y,URBAN,N,N,N,,DARK (LIGHTED),CLEAR,DRY,,NO JUNCTION INVOLVED,CURVE/GRADE,ASPHALT,UNSAFE BACKING,BACKING CRASH,FEELNTHIRTEENTHST,NONE,2020-11-17 21:48:00
BLOOMINGTON PD,BLOOMINGTON,2,0.0,1.0,0.0,0,4040.0,,,SR 48,,,,,39.164998,-86.584444,UNKNOWN,N,URBAN,N,N,N,,DAYLIGHT,CLEAR,DRY,,NO JUNCTION INVOLVED,STRAIGHT/LEVEL,ASPHALT,DRIVER ILLNESS,RAN OFF ROAD,WEST3RDST,LANE CONTROL,2020-11-18 10:23:00
MONROE SD,BLOOMINGTON,2,0.0,3.0,0.0,0,,,,SR 446,,,500.0,S,38.99191176,-86.408247,STATE ROAD,N,RURAL,N,N,N,,DAYLIGHT,CLEAR,DRY,,T-INTERSECTION,CURVE/LEVEL,ASPHALT,LEFT OF CENTER,OTHER - EXPLAIN IN NARRATIVE,EHAYSRDSR446S,NONE,2020-11-18 11:45:00
ELLETTSVILLE PD,ELLETTSVILLE,2,0.0,0.0,0.0,0,,,,SR 46,N SALE ST (S),,,,39.23384,-86.624704,STATE ROAD,N,URBAN,N,N,N,,DAYLIGHT,CLEAR,DRY,,FOUR-WAY INTERSECTION,STRAIGHT/LEVEL,ASPHALT,FAILURE TO YIELD RIGHT OF WAY,RIGHT ANGLE,SALESTSR46W,TRAFFIC CONTROL SIGNAL,2020-11-18 13:01:00
INDIANA UNIV BLOOMINGTON PD,BLOOMINGTON,2,0.0,0.0,0.0,0,,,,SR 45/46,E DISCOVERY PKWY,,,,39.18699695,-86.54926199,STATE ROAD,N,URBAN,N,N,N,,DAWN/DUSK,CLEAR,DRY,,NO JUNCTION INVOLVED,STRAIGHT/LEVEL,ASPHALT,FOLLOWING TOO CLOSELY,REAR END,SR46DISCOVERYPARKWAY,NONE,2020-11-18 17:45:00
INDIANA UNIV BLOOMINGTON PD,BLOOMINGTON,1,0.0,0.0,0.0,0,,,,E UNIVERSITY ST,S BALLANTINE RD,,,,39.160171,-86.519137,LOCAL/CITY ROAD,N,URBAN,N,N,N,,DARK (LIGHTED),CLEAR,DRY,,NO JUNCTION INVOLVED,STRAIGHT/LEVEL,ASPHALT,OTHER (DRIVER) - EXPLAIN IN NARRATIVE,COLLISION WITH OBJECT IN ROAD,EUNIVERSITYAVESBALLANTINERD,OTHER,2020-11-19 01:18:00
ISP BLOOMINGTON 33,BLOOMINGTON,2,,0.0,0.0,0,,,,SR 45/46,I-69 N,,686.0,W,39.18714296,-86.5567512,STATE ROAD,,RURAL,N,N,N,,DARK (NOT LIGHTED),CLEAR,DRY,,NO JUNCTION INVOLVED,,CONCRETE,UNSAFE LANE MOVEMENT,SAME DIRECTION SIDESWIPE,StateRd46,,2020-11-19 06:10:00
ELLETTSVILLE PD,ELLETTSVILLE,2,0.0,0.0,0.0,0,,,,SR 46,N CYPRESS LN,,50.0,E,39.2136915,-86.59093882,STATE ROAD,N,URBAN,N,N,N,,DAWN/DUSK,CLEAR,DRY,,NO JUNCTION INVOLVED,STRAIGHT/LEVEL,ASPHALT,FAILURE TO YIELD RIGHT OF WAY,SAME DIRECTION SIDESWIPE,CYPRESSLNSR46W,LANE CONTROL,2020-11-19 06:50:00
MONROE SD,BLOOMINGTON,2,0.0,0.0,0.0,0,1851.0,,,E WATERS EDGE DR,,,,,39.024827,-86.508089,UNKNOWN,N,RURAL,N,N,N,,DAYLIGHT,CLEAR,DRY,,NO JUNCTION INVOLVED,STRAIGHT/GRADE,ASPHALT,UNSAFE BACKING,BACKING CRASH,EWATERSEDGEDR,NONE,2020-11-19 08:37:00
MONROE SD,BLOOMINGTON,1,0.0,1.0,0.0,0,,,,E BOLTINGHOUSE RD,,,2000.0,W,39.214873,-86.47267105,LOCAL/CITY ROAD,N,RURAL,N,N,N,,DAYLIGHT,CLEAR,DRY,,NO JUNCTION INVOLVED,STRAIGHT/GRADE,ASPHALT,RAN OFF ROAD RIGHT,RAN OFF ROAD,EBETHALLNEBOLTINGHOUSERD,NONE,2020-11-19 14:28:00
BLOOMINGTON PD,BLOOMINGTON,2,0.0,1.0,0.0,0,,,,S COLLEGE MALL RD,E COVENANTER DR,,,,39.155152,-86.497888,LOCAL/CITY ROAD,Y,URBAN,N,N,N,,DAYLIGHT,CLEAR,DRY,,FOUR-WAY INTERSECTION,STRAIGHT/GRADE,ASPHALT,FOLLOWING TOO CLOSELY,REAR END,ECOVENANTERDRSCOLLEGEMALLRD,TRAFFIC CONTROL SIGNAL,2020-11-19 15:00:00
BLOOMINGTON PD,BLOOMINGTON,2,0.0,0.0,0.0,0,315.0,,,W MITCHELL ST,E ATWATER AVE,,50.0,S,39.15819693,-86.513877,LOCAL/CITY ROAD,N,URBAN,N,N,N,,DAYLIGHT,CLEAR,DRY,,NO JUNCTION INVOLVED,STRAIGHT/GRADE,ASPHALT,IMPROPER LANE USAGE,REAR END,315SOUTHMITCHELLDREAST3RDST,NONE,2020-11-19 16:09:00
BLOOMINGTON PD,BLOOMINGTON,2,0.0,1.0,0.0,0,,,,W 3RD ST,S KIMBLE DR,,,,39.16464,-86.568,LOCAL/CITY ROAD,N,URBAN,N,N,N,,DAYLIGHT,CLEAR,DRY,,FOUR-WAY INTERSECTION,STRAIGHT/GRADE,ASPHALT,FOLLOWING TOO CLOSELY,REAR END,SKIMBLEDRW3RDST,TRAFFIC CONTROL SIGNAL,2020-11-19 16:19:00
BLOOMINGTON PD,BLOOMINGTON,2,0.0,0.0,0.0,0,1817.0,,,E 2ND ST,S ROSE AVE,,,,0.0,0.0,LOCAL/CITY ROAD,Y,URBAN,N,N,N,,DARK (NOT LIGHTED),CLEAR,DRY,,NO JUNCTION INVOLVED,STRAIGHT/LEVEL,ASPHALT,UNSAFE BACKING,BACKING CRASH,E2NDSTSROSSAVE,NONE,2020-11-19 20:48:00
MONROE SD,BLOOMINGTON,1,0.0,0.0,0.0,1,,,,I-69 N,,,500.0,N,0.0,0.0,INTERSTATE,N,RURAL,N,N,N,,DARK (NOT LIGHTED),CLEAR,DRY,,NO JUNCTION INVOLVED,STRAIGHT/LEVEL,ASPHALT,ANIMAL/OBJECT IN ROADWAY,COLLISION WITH DEER,I69N123.0,LANE CONTROL,2020-11-19 20:48:00
MONROE SD,BLOOMINGTON,1,0.0,0.0,0.0,1,,,,SR 446,,,600.0,S,39.13100246,-86.44614955,STATE ROAD,N,RURAL,N,N,N,,DARK (NOT LIGHTED),CLEAR,DRY,,T-INTERSECTION,STRAIGHT/GRADE,ASPHALT,ANIMAL/OBJECT IN ROADWAY,COLLISION WITH DEER,SSWARTZRIDGERDSR446S,LANE CONTROL,2020-11-20 03:27:00
BLOOMINGTON PD,BLOOMINGTON,2,0.0,0.0,0.0,0,,,,S HENDERSON ST,E WYLE FARM RD,,,,39.141903,-86.526957,LOCAL/CITY ROAD,N,URBAN,Y,N,N,,DARK (NOT LIGHTED),CLEAR,DRY,,FOUR-WAY INTERSECTION,STRAIGHT/GRADE,ASPHALT,FAILURE TO YIELD RIGHT OF WAY,RIGHT ANGLE,EWYLIEFARMRDSHENDERSONST,STOP SIGN,2020-11-20 06:58:00
INDIANA UNIV BLOOMINGTON PD,BLOOMINGTON,2,0.0,0.0,0.0,0,,,,E 17TH ST,N FEE LN,,,,39.179061,-86.51897,LOCAL/CITY ROAD,N,URBAN,N,N,N,,DAYLIGHT,CLOUDY,DRY,,FOUR-WAY INTERSECTION,STRAIGHT/LEVEL,ASPHALT,DRIVER DISTRACTED - EXPLAIN IN NARRATIVE,REAR END,EAST17THSTFEELN,TRAFFIC CONTROL SIGNAL,2020-11-20 09:05:00
MONROE SD,BLOOMINGTON,2,0.0,0.0,0.0,0,,,,N CURRY PIKE,W JONATHAN DR,,,,39.168325,-86.582976,LOCAL/CITY ROAD,N,URBAN,N,N,N,,DAYLIGHT,CLEAR,DRY,,NO JUNCTION INVOLVED,STRAIGHT/LEVEL,ASPHALT,UNSAFE LANE MOVEMENT,SAME DIRECTION SIDESWIPE,NCURRYPIKEWJOHNATHONDR,LANE CONTROL,2020-11-20 12:11:00
INDIANA UNIV BLOOMINGTON PD,BLOOMINGTON,2,0.0,0.0,0.0,0,,,,WILLKIE NORTH CIRCLE,S ROSE AVE,,465.0,S,39.11847901,-86.50107349,UNKNOWN,N,URBAN,N,N,N,,DAYLIGHT,CLEAR,DRY,,NO JUNCTION INVOLVED,CURVE/LEVEL,ASPHALT,UNSAFE BACKING,BACKING CRASH,E7THSTSROSEAVE,NONE,2020-11-20 13:40:00
BLOOMINGTON PD,BLOOMINGTON,1,0.0,0.0,0.0,0,1601.0,,,S ROGERS ST,ENTRANCE TO SWITCHYARD PARK,,,,39.16472,-86.538592,UNKNOWN,N,URBAN,N,N,N,,DAYLIGHT,CLEAR,DRY,,T-INTERSECTION,STRAIGHT/GRADE,ASPHALT,IMPROPER TURNING,RAN OFF ROAD,SROGERSST,NONE,2020-11-20 13:40:00
BLOOMINGTON PD,BLOOMINGTON,3,0.0,0.0,0.0,0,,,,E 3RD ST,S JEFFERSON ST,,,,39.164304,-86.506992,LOCAL/CITY ROAD,N,URBAN,N,N,N,,DAYLIGHT,CLEAR,DRY,,T-INTERSECTION,STRAIGHT/LEVEL,ASPHALT,FOLLOWING TOO CLOSELY,REAR END,E3RDSTSJEFFERSONST,NONE,2020-11-20 15:03:00
BLOOMINGTON PD,BLOOMINGTON,2,1.0,1.0,0.0,0,,,,N WALNUT ST,W OLD SR 37,,200.0,S,39.20704,-86.534704,LOCAL/CITY ROAD,N,URBAN,N,N,N,,DARK (LIGHTED),CLEAR,DRY,,NO JUNCTION INVOLVED,STRAIGHT/LEVEL,ASPHALT,INSECURE/LEAKY LOAD,OTHER - EXPLAIN IN NARRATIVE,NORTHOLDSTATEROAD37RDNORTHWALNUTST,NONE,2020-11-20 18:10:00
MONROE SD,BLOOMINGTON,1,0.0,0.0,0.0,1,,,,SR 45,S BREEDEN RD,,,,39.086832,-86.671984,STATE ROAD,N,RURAL,N,N,N,,DARK (NOT LIGHTED),RAIN,WET,,T-INTERSECTION,CURVE/GRADE,ASPHALT,ANIMAL/OBJECT IN ROADWAY,COLLISION WITH DEER,BREEDENRDSR45W,NONE,2020-11-20 21:21:00
MONROE SD,BLOOMINGTON,1,0.0,0.0,0.0,0,,123,S,I-69 S,N SR 37 BUSINESS,,,,0.0,0.0,INTERSTATE,N,RURAL,N,N,N,,DARK (NOT LIGHTED),RAIN,WATER (STANDING OR MOVING),,NO JUNCTION INVOLVED,CURVE/HILLCREST,ASPHALT,RAN OFF ROAD RIGHT,RAN OFF ROAD,I69S,NONE,2020-11-20 23:05:00
INDIANA UNIV BLOOMINGTON PD,BLOOMINGTON,1,0.0,0.0,0.0,0,,,,S JORDAN AVE,E 3RD ST,,,,39.164263,-86.516394,LOCAL/CITY ROAD,N,URBAN,N,N,N,,DARK (LIGHTED),RAIN,WET,,FOUR-WAY INTERSECTION,STRAIGHT/LEVEL,ASPHALT,SPEED TOO FAST FOR WEATHER CONDITIONS,OTHER - EXPLAIN IN NARRATIVE,JORDANAVETHIRDST,TRAFFIC CONTROL SIGNAL,2020-11-21 00:30:00
MONROE SD,ELLETTSVILLE,1,0.0,0.0,0.0,0,,,,N MATTHEWS DR,,,900.0,N,39.33356106,-86.6238869,LOCAL/CITY ROAD,N,RURAL,N,N,N,,DARK (LIGHTED),CLEAR,DRY,,NO JUNCTION INVOLVED,CURVE/LEVEL,ASPHALT,IMPROPER LANE USAGE,RAN OFF ROAD,NMATTHEWSDRWMCNELLYST,NONE,2020-11-21 06:00:00
BLOOMINGTON PD,BLOOMINGTON,1,0.0,0.0,0.0,0,,,,E SOUTHDOWNS DR,S HIGHLAND AVE,,,,39.155744,-86.517808,LOCAL/CITY ROAD,N,URBAN,N,N,N,,DAYLIGHT,CLOUDY,WET,,NO JUNCTION INVOLVED,STRAIGHT/GRADE,ASPHALT,RAN OFF ROAD RIGHT,RAN OFF ROAD,ESOUTHDOWNSDRSHIGHLANDAVE,NONE,2020-11-21 13:56:00
MONROE SD,BLOOMINGTON,2,0.0,0.0,0.0,0,3585.0,,,SR 45,ENTRANCE TO WALMART,,,,39.141325,-86.580209,UNKNOWN,N,URBAN,N,N,N,,DARK (LIGHTED),RAIN,WET,,NO JUNCTION INVOLVED,NON-ROADWAY CRASH,ASPHALT,FOLLOWING TOO CLOSELY,REAR END,WSR45RD,STOP SIGN,2020-11-21 18:07:00
MONROE SD,BLOOMINGTON,2,0.0,0.0,0.0,0,,,,W TAPP RD,S RAYLE PL,,,,39.136589,-86.577431,COUNTY ROAD,N,RURAL,N,N,N,,DARK (LIGHTED),CLEAR,WET,,T-INTERSECTION,STRAIGHT/HILLCREST,ASPHALT,FOLLOWING TOO CLOSELY,OPPOSITE DIRECTION SIDESWIPE,3601TAPPROADRDRAYLEPLACEPL,NONE,2020-11-21 18:25:00
BLOOMINGTON PD,BLOOMINGTON,2,0.0,1.0,0.0,0,,,,S ADAMS ST,ENTRANCE TO MARATHON GAS STATION,,100.0,E,39.1644,-86.55207865,LOCAL/CITY ROAD,N,URBAN,N,N,N,,DARK (LIGHTED),RAIN,WET,,NO JUNCTION INVOLVED,STRAIGHT/GRADE,ASPHALT,FAILURE TO YIELD RIGHT OF WAY,LEFT TURN,SPATTERSONDRW3RDST,NONE,2020-11-21 19:25:00
BLOOMINGTON PD,BLOOMINGTON,2,0.0,0.0,0.0,0,,,,E 7TH ST,N GRANT ST,,,,39.16864,-86.529696,LOCAL/CITY ROAD,N,URBAN,N,N,N,,DARK (NOT LIGHTED),RAIN,WET,,FOUR-WAY INTERSECTION,STRAIGHT/GRADE,ASPHALT,DISREGARD SIGNAL/REG SIGN,RIGHT ANGLE,GRANTSTSEVENTHST,STOP SIGN,2020-11-22 01:25:00
ISP BLOOMINGTON 33,BLOOMINGTON,2,,0.0,0.0,0,,,,S OLD SR 37,,,1637.0,S,38.9942025,-86.54662318,COUNTY ROAD,,RURAL,N,N,N,,DAYLIGHT,CLOUDY,DRY,,NO JUNCTION INVOLVED,,ASPHALT,IMPROPER PASSING,SAME DIRECTION SIDESWIPE,WIngramRdSOldStateRoad37,,2020-11-22 10:50:00
MONROE SD,BLOOMINGTON,1,0.0,0.0,0.0,0,,,,POINTE CLUB DR,S POINTE VIEW DR,,90.0,W,39.034385,-86.50854421,LOCAL/CITY ROAD,N,RURAL,N,N,N,,DARK (NOT LIGHTED),RAIN,WET,,NO JUNCTION INVOLVED,STRAIGHT/GRADE,ASPHALT,RAN OFF ROAD RIGHT,RAN OFF ROAD,POINTECLUBRDPOINTEVIEWRD,NONE,2020-11-22 11:44:00
INDIANA UNIV BLOOMINGTON PD,BLOOMINGTON,2,0.0,0.0,0.0,0,,,,SR 46,SR 45,,,,0.0,0.0,STATE ROAD,N,URBAN,N,N,N,,DAYLIGHT,RAIN,WET,,FOUR-WAY INTERSECTION,STRAIGHT/LEVEL,ASPHALT,SPEED TOO FAST FOR WEATHER CONDITIONS,REAR END,SR45SR46,TRAFFIC CONTROL SIGNAL,2020-11-22 12:50:00
MONROE SD,BLOOMINGTON,1,0.0,0.0,0.0,1,,,,SR 45,N PRAIRIE GREEN CT,,,,0.0,0.0,STATE ROAD,N,RURAL,N,N,B,,DAYLIGHT,RAIN,WET,,T-INTERSECTION,STRAIGHT/LEVEL,ASPHALT,ANIMAL/OBJECT IN ROADWAY,COLLISION WITH DEER,NPRAIRIEGREENCTSR45E,NONE,2020-11-22 16:54:00
BLOOMINGTON PD,BLOOMINGTON,2,0.0,1.0,0.0,0,,,,N DUNN ST,E 15TH ST,,,,39.176944,-86.528272,LOCAL/CITY ROAD,Y,URBAN,N,N,N,,DAYLIGHT,CLOUDY,WET,,NO JUNCTION INVOLVED,STRAIGHT/GRADE,ASPHALT,FAILURE TO YIELD RIGHT OF WAY,OTHER - EXPLAIN IN NARRATIVE,E15THSTNDUNNST,STOP SIGN,2020-11-22 17:07:00
ELLETTSVILLE PD,ELLETTSVILLE,2,0.0,0.0,0.0,0,4200.0,,,SR 46,ENTRANCE TO CIRCLE S,,200.0,W,39.21225894,-86.58785197,STATE ROAD,N,URBAN,N,N,N,,DARK (LIGHTED),CLOUDY,DRY,,NO JUNCTION INVOLVED,STRAIGHT/LEVEL,ASPHALT,FAILURE TO YIELD RIGHT OF WAY,LEFT TURN,DEERPARKDRSR46W,LANE CONTROL,2020-11-22 18:26:00
MONROE SD,BLOOMINGTON,1,0.0,0.0,0.0,0,,,,W WOODYARD RD,,,1200.0,S,39.19879587,-86.59954339,COUNTY ROAD,N,RURAL,N,N,N,,DARK (NOT LIGHTED),CLOUDY,WET,,NO JUNCTION INVOLVED,STRAIGHT/LEVEL,ASPHALT,ANIMAL/OBJECT IN ROADWAY,RAN OFF ROAD,WALCOTTLNWOODYARDRD,NONE,2020-11-22 20:47:00
MONROE SD,ELLETTSVILLE,4,0.0,1.0,0.0,0,,,,SR 46,,,1000.0,E,39.259651,-86.65764765,STATE ROAD,N,RURAL,N,N,N,,DAWN/DUSK,CLEAR,DRY,,T-INTERSECTION,STRAIGHT/LEVEL,ASPHALT,LEFT OF CENTER,SAME DIRECTION SIDESWIPE,CHAFINCHAPELRDSR46W,NONE,2020-11-23 06:38:00
BLOOMINGTON PD,BLOOMINGTON,2,0.0,0.0,0.0,0,,,,SR 46,S PETE ELLIS DR,,,,39.16424,-86.495088,LOCAL/CITY ROAD,N,URBAN,N,N,N,,DAWN/DUSK,CLEAR,DRY,,T-INTERSECTION,STRAIGHT/LEVEL,ASPHALT,FAILURE TO YIELD RIGHT OF WAY,RIGHT ANGLE,3RDSTPETEELLISDR,TRAFFIC CONTROL SIGNAL,2020-11-23 07:24:00
BLOOMINGTON PD,BLOOMINGTON,2,0.0,0.0,0.0,0,2306.0,,,WALNUT KNOLLS APARTMENT DR,,,,,39.232544,-86.540704,UNKNOWN,Y,URBAN,N,N,N,,UNKNOWN,CLEAR,DRY,,NO JUNCTION INVOLVED,STRAIGHT/GRADE,ASPHALT,OTHER (DRIVER) - EXPLAIN IN NARRATIVE,BACKING CRASH,NWALNUTST,NONE,2020-11-23 10:30:00
BLOOMINGTON PD,BLOOMINGTON,3,0.0,0.0,0.0,0,,,,E KIRKWOOD AVE,S DUNN ST,,,,39.16664,-86.528192,LOCAL/CITY ROAD,N,URBAN,N,N,N,,DARK (NOT LIGHTED),CLEAR,DRY,,NO JUNCTION INVOLVED,STRAIGHT/LEVEL,ASPHALT,FAILURE TO YIELD RIGHT OF WAY,SAME DIRECTION SIDESWIPE,EASTKIRKWOODAVESOUTHDUNNST,LANE CONTROL,2020-11-23 17:30:00
DNR LAW ENFORCEMENT,BLOOMINGTON,1,0.0,0.0,0.0,1,,,,SR 446,E ALLENS CREEK RD,,,,,,STATE ROAD,N,URBAN,N,Y,N,,DARK (NOT LIGHTED),CLOUDY,DRY,,NO JUNCTION INVOLVED,CURVE/LEVEL,ASPHALT,ANIMAL/OBJECT IN ROADWAY,COLLISION WITH ANIMAL OTHER,ALLENCREEKRDSR446,NONE,2020-11-23 20:38:00
MONROE SD,BLOOMINGTON,1,0.0,0.0,0.0,1,,,,SR 37,,,2640.0,N,39.02718374,-86.5344685,STATE ROAD,N,RURAL,N,Y,N,,DARK (NOT LIGHTED),CLEAR,DRY,,INTERCHANGE,CURVE/HILLCREST,CONCRETE,ANIMAL/OBJECT IN ROADWAY,COLLISION WITH DEER,EMONROEDAMRDSR37S,NONE,2020-11-24 05:48:00
BLOOMINGTON PD,BLOOMINGTON,2,0.0,0.0,0.0,0,308.0,,,W RILEY DR,,,,,39.1831963,-86.5359197,UNKNOWN,Y,URBAN,N,N,N,,DAYLIGHT,CLOUDY,DRY,,NO JUNCTION INVOLVED,STRAIGHT/LEVEL,ASPHALT,UNSAFE BACKING,BACKING CRASH,WRILEYDR,NONE,2020-11-24 11:45:00
INDIANA UNIV BLOOMINGTON PD,BLOOMINGTON,2,0.0,0.0,0.0,0,,,,N UNION ST,E 10TH ST,,,,39.171564,-86.509445,LOCAL/CITY ROAD,N,URBAN,N,N,N,,DARK (LIGHTED),CLEAR,DRY,,FOUR-WAY INTERSECTION,STRAIGHT/LEVEL,ASPHALT,DISREGARD SIGNAL/REG SIGN,RIGHT ANGLE,TENTHSTUNIONST,TRAFFIC CONTROL SIGNAL,2020-11-24 11:57:00
BLOOMINGTON PD,BLOOMINGTON,2,0.0,3.0,0.0,0,,,,SR 48,S CURRY PIKE,,,,39.16465,-86.582939,LOCAL/CITY ROAD,N,URBAN,N,N,N,,DAYLIGHT,CLOUDY,WET,,FOUR-WAY INTERSECTION,STRAIGHT/LEVEL,ASPHALT,UNSAFE SPEED,RIGHT ANGLE,SCURRYPIKEW3RDST,TRAFFIC CONTROL SIGNAL,2020-11-25 02:08:00
MONROE SD,BLOOMINGTON,1,0.0,0.0,0.0,0,,,,S OLD SR 37,W CROSS RD,,,,39.040752,-86.541088,COUNTY ROAD,N,RURAL,N,N,N,,DAYLIGHT,RAIN,WET,,NO JUNCTION INVOLVED,STRAIGHT/GRADE,ASPHALT,ROADWAY SURFACE CONDITION,RAN OFF ROAD,SOLDSTATE37RDWCROSSRD,LANE CONTROL,2020-11-25 08:34:00
INDIANA UNIV BLOOMINGTON PD,BLOOMINGTON,2,0.0,1.0,0.0,0,,,,S HENDERSON ST,E ATWATER AVE,,,,39.163149,-86.5272662,LOCAL/CITY ROAD,N,URBAN,N,N,N,,DAYLIGHT,RAIN,WET,,FOUR-WAY INTERSECTION,STRAIGHT/GRADE,ASPHALT,SPEED TOO FAST FOR WEATHER CONDITIONS,RIGHT ANGLE,ATWATERAVEHENDERSONST,TRAFFIC CONTROL SIGNAL,2020-11-25 08:41:00
BLOOMINGTON PD,BLOOMINGTON,2,0.0,0.0,0.0,0,,,,E MOORES PIKE,S OLCOTT BLVD,,,,39.150186,-86.484993,LOCAL/CITY ROAD,N,URBAN,N,N,N,,DAYLIGHT,CLOUDY,WET,,T-INTERSECTION,STRAIGHT/GRADE,ASPHALT,FAILURE TO YIELD RIGHT OF WAY,LEFT TURN,EASTMOORESPIKERDSOUTHOLCOTTBLVD,STOP SIGN,2020-11-25 13:40:00
MONROE SD,BLOOMINGTON,2,0.0,0.0,0.0,0,,,,SR 48,S CAVE RD,,,,39.164685,-86.597581,STATE ROAD,N,RURAL,N,N,N,,DAYLIGHT,RAIN,WET,,T-INTERSECTION,CURVE/GRADE,ASPHALT,FOLLOWING TOO CLOSELY,REAR END,CAVERDSR48W,NONE,2020-11-25 14:18:00
BLOOMINGTON PD,BLOOMINGTON,2,0.0,0.0,0.0,0,,,,W TAPP RD,S KEGG RD,,,,39.13651,-86.560361,LOCAL/CITY ROAD,Y,URBAN,N,N,N,,DAWN/DUSK,RAIN,WET,,NO JUNCTION INVOLVED,STRAIGHT/GRADE,ASPHALT,FOLLOWING TOO CLOSELY,REAR END,SKEGGRDWTAPPRD,NONE,2020-11-25 17:13:00
BLOOMINGTON PD,BLOOMINGTON,3,0.0,2.0,0.0,0,,,,N KINSER PIKE,SR 45/46,,,,0.0,0.0,LOCAL/CITY ROAD,N,URBAN,N,N,N,,DARK (LIGHTED),RAIN,WET,,FOUR-WAY INTERSECTION,STRAIGHT/LEVEL,CONCRETE,FAILURE TO YIELD RIGHT OF WAY,LEFT TURN,NKINSERPIKEW4546BYP,TRAFFIC CONTROL SIGNAL,2020-11-25 17:46:00
BLOOMINGTON PD,BLOOMINGTON,2,0.0,0.0,0.0,0,,,,SR 46,S SMITH RD,,,,39.16424,-86.480688,LOCAL/CITY ROAD,Y,URBAN,N,,N,,DARK (LIGHTED),RAIN,WET,,FOUR-WAY INTERSECTION,STRAIGHT/LEVEL,ASPHALT,DISREGARD SIGNAL/REG SIGN,LEFT TURN,E3RDSTNSMITHRD,TRAFFIC CONTROL SIGNAL,2020-11-25 18:05:00
BLOOMINGTON PD,BLOOMINGTON,1,0.0,0.0,0.0,0,,,,I-69 S,SR 45,,,,0.0,0.0,INTERSTATE,N,URBAN,N,N,N,,DARK (LIGHTED),RAIN,WET,,RAMP,STRAIGHT/LEVEL,ASPHALT,OVERCORRECTING/OVERSTEERING,RAN OFF ROAD,I69SSR45W,NONE,2020-11-25 19:32:00
BLOOMINGTON PD,BLOOMINGTON,2,0.0,1.0,0.0,0,,,,N ROGERS ST,W 6TH ST,,,,39.16768,-86.538592,LOCAL/CITY ROAD,N,URBAN,N,N,N,,DARK (LIGHTED),RAIN,WET,,FOUR-WAY INTERSECTION,STRAIGHT/LEVEL,ASPHALT,FAILURE TO YIELD RIGHT OF WAY,RIGHT ANGLE,NROGERSSTW6THST,STOP SIGN,2020-11-25 21:56:00
MONROE SD,ELLETTSVILLE,1,0.0,0.0,0.0,0,,,,W WOODLAND DR,N ARMSTRONG DR,,2789.0,E,39.207552,-86.599296,LOCAL/CITY ROAD,N,RURAL,N,N,N,,DARK (NOT LIGHTED),CLEAR,WET,,NO JUNCTION INVOLVED,STRAIGHT/GRADE,ASPHALT,ANIMAL/OBJECT IN ROADWAY,COLLISION WITH OBJECT IN ROAD,ARMSTRONGDRWOODLANDDR,NONE,2020-11-25 23:53:00