Agency,City,Vehicles Involved,Trailers Involved,Number Injured,Number Dead,Number Deer,House Number,Roadway Interchange,Roadway Ramp,Roadway Id,Intersecting Road,Interchange,Feet From,Direction,Latitude,Longitude,Roadway Class,Hit and Run?,Locality,School Zone?,Rumble Strips?,Construction?,Construction Type,Light Condition,Weather Conditions,Surface Condition,Type of Median,Roadway Junction Type,Road Character,Roadway Surface,Primary Factor,Manner of Collision,Unique Location Id,Traffic Control,DateTime
MONROE SD,BLOOMINGTON,1,0.0,0.0,0.0,0,,,,S GARRISON CHAPEL RD,,,1000.0,S,39.11966945,-86.6429827,LOCAL/CITY ROAD,Y,RURAL,N,N,N,,DARK (NOT LIGHTED),RAIN,WET,,NO JUNCTION INVOLVED,CURVE/GRADE,ASPHALT,RAN OFF ROAD RIGHT,RAN OFF ROAD,ELLERRDGARRISONCHAPELRD,NONE,2020-11-26 18:39:00
ISP BLOOMINGTON 33,ELLETTSVILLE,2,,1.0,0.0,0,,,,W MAPLE GROVE RD,N MATTHEWS DR,,0.0,W,39.24533356,-86.6205512,COUNTY ROAD,,RURAL,N,N,N,,DARK (NOT LIGHTED),CLEAR,DRY,,FOUR-WAY INTERSECTION,,ASPHALT,FAILURE TO YIELD RIGHT OF WAY,LEFT TURN,WMapleGroveRdNMathewsDr,,2020-11-26 20:00:00
BLOOMINGTON PD,BLOOMINGTON,2,0.0,0.0,0.0,0,613.0,,,W MARBLE LN,,,,,39.18083049,-86.54063113,LOCAL/CITY ROAD,Y,URBAN,N,N,N,,DARK (LIGHTED),CLOUDY,DRY,,NO JUNCTION INVOLVED,STRAIGHT/LEVEL,ASPHALT,RAN OFF ROAD RIGHT,RAN OFF ROAD,WMARBLELN,NONE,2020-11-26 21:00:00
BLOOMINGTON PD,BLOOMINGTON,2,0.0,0.0,0.0,0,1655.0,,,S WILCOX ST,,,,,39.134352,-86.53716036,,Y,URBAN,N,N,N,,DARK (NOT LIGHTED),CLOUDY,WET,,NO JUNCTION INVOLVED,NON-ROADWAY CRASH,ASPHALT,UNSAFE BACKING,BACKING CRASH,SOUTHWILCOXST,NONE,2020-11-26 21:30:00
BLOOMINGTON PD,BLOOMINGTON,2,0.0,0.0,0.0,0,,,,S CLARIZZ BLVD,S WILMINGTON CT,,,,39.163056,-86.490752,LOCAL/CITY ROAD,N,URBAN,N,N,N,,DAYLIGHT,CLOUDY,DRY,,NO JUNCTION INVOLVED,STRAIGHT/LEVEL,ASPHALT,FAILURE TO YIELD RIGHT OF WAY,RIGHT ANGLE,SCLARIZZBLVDSWILMINGTONCT,STOP SIGN,2020-11-27 08:12:00
MONROE SD,BLOOMINGTON,2,0.0,0.0,0.0,0,,,,SR 46,N CENTENNIAL DR,,,,39.16424,-86.480688,STATE ROAD,N,URBAN,N,N,N,,DAWN/DUSK,CLOUDY,DRY,,FOUR-WAY INTERSECTION,STRAIGHT/HILLCREST,ASPHALT,FOLLOWING TOO CLOSELY,REAR END,NSMITHPIKESR46W,TRAFFIC CONTROL SIGNAL,2020-11-27 17:23:00
BLOOMINGTON PD,BLOOMINGTON,2,0.0,0.0,0.0,0,2403.0,,,W 3RD ST,S OPPORTUNITY LN,,500.0,W,39.16464,-86.564992,LOCAL/CITY ROAD,N,URBAN,N,N,N,,DARK (LIGHTED),CLEAR,DRY,,NO JUNCTION INVOLVED,STRAIGHT/LEVEL,ASPHALT,CELL PHONE USAGE,LEFT TURN,2403W3RDSTSJOHNSONAVE,NONE,2020-11-27 18:16:00
BLOOMINGTON PD,BLOOMINGTON,2,0.0,1.0,0.0,0,,,,SR 45/46,N KINSER PIKE,,,,39.186544,-86.537888,STATE ROAD,N,URBAN,N,N,N,,DARK (LIGHTED),CLEAR,DRY,,FOUR-WAY INTERSECTION,STRAIGHT/LEVEL,ASPHALT,FAILURE TO YIELD RIGHT OF WAY,HEAD ON BETWEEN TWO MOTOR VEHICLES,KINSERPIKESR45E,TRAFFIC CONTROL SIGNAL,2020-11-27 20:22:00
MONROE SD,BLOOMINGTON,1,0.0,0.0,0.0,1,,Y,,I-69 S,N SR 37 BUSINESS,,500.0,N,39.27552447,-86.517128,STATE ROAD,N,RURAL,N,N,N,,DARK (NOT LIGHTED),CLEAR,DRY,,NO JUNCTION INVOLVED,STRAIGHT/LEVEL,ASPHALT,ANIMAL/OBJECT IN ROADWAY,COLLISION WITH DEER,EWHISNANDRDSR37N,NONE,2020-11-28 01:23:00
MONROE SD,BLOOMINGTON,2,1.0,1.0,0.0,0,,,,W THAT RD,BLOOMINGTON RAIL TRAIL,,300.0,W,39.114642,-86.53980603,LOCAL/CITY ROAD,N,RURAL,N,N,Y,LANE CLOSURE,DAYLIGHT,CLEAR,DRY,,NO JUNCTION INVOLVED,STRAIGHT/LEVEL,ASPHALT,DISREGARD SIGNAL/REG SIGN,REAR END,SROGERSSTWTHATRD,OTHER REGULATORY SIGN/MARKING,2020-11-28 13:15:00
BLOOMINGTON PD,BLOOMINGTON,2,0.0,0.0,0.0,0,,,,N GRANT ST,,,105.0,S,39.167712,-86.529696,LOCAL/CITY ROAD,Y,URBAN,N,N,N,,DAYLIGHT,CLEAR,DRY,,T-INTERSECTION,STRAIGHT/GRADE,ASPHALT,IMPROPER TURNING,,EAST6THSTNORTHGRANTST,NONE,2020-11-28 16:00:00
BLOOMINGTON PD,BLOOMINGTON,2,0.0,1.0,0.0,0,,,Y,W BLOOMFIELD RD,I-69 N,,,,0.0,0.0,LOCAL/CITY ROAD,N,URBAN,N,N,N,,DAYLIGHT,CLEAR,DRY,,FOUR-WAY INTERSECTION,STRAIGHT/GRADE,ASPHALT,DISREGARD SIGNAL/REG SIGN,RIGHT ANGLE,SR69NWBLOOMFIELDRD,TRAFFIC CONTROL SIGNAL,2020-11-28 17:12:00
BLOOMINGTON PD,BLOOMINGTON,2,0.0,0.0,0.0,0,,,,S SMITH RD,E BRIGHTON CREST,,,,39.157552,-86.480592,LOCAL/CITY ROAD,N,URBAN,N,N,N,,DARK (NOT LIGHTED),CLEAR,DRY,,FOUR-WAY INTERSECTION,STRAIGHT/GRADE,ASPHALT,FAILURE TO YIELD RIGHT OF WAY,RIGHT ANGLE,EASTBRIGHTONCRSTSOUTHSMITHRD,STOP SIGN,2020-11-28 20:17:00
MONROE SD,BLOOMINGTON,1,0.0,0.0,0.0,0,,,,S FAIRFAX RD,S WISLEY LN,,100.0,N,39.054608,-86.498432,COUNTY ROAD,N,RURAL,N,N,N,,DARK (NOT LIGHTED),CLEAR,DRY,,T-INTERSECTION,CURVE/GRADE,ASPHALT,DRIVER DISTRACTED - EXPLAIN IN NARRATIVE,RAN OFF ROAD,SFAIRFAXRDSWISLEYLN,NONE,2020-11-28 21:31:00
BLOOMINGTON PD,BLOOMINGTON,1,0.0,0.0,0.0,0,,,,W ALLEN ST,W BLOOMFIELD RD,,,,39.156084,-86.561471,UNKNOWN,N,URBAN,N,N,N,,DAYLIGHT,CLEAR,DRY,,NO JUNCTION INVOLVED,STRAIGHT/GRADE,ASPHALT,RAN OFF ROAD RIGHT,RAN OFF ROAD,ALLENSTBLOOMFIELDRD,LANE CONTROL,2020-11-29 09:11:00
ISP BLOOMINGTON 33,BLOOMINGTON,1,,0.0,0.0,1,,,,I-69 N,,,317.0,W,39.06847436,-86.67343897,INTERSTATE,,RURAL,N,N,N,,DAYLIGHT,CLEAR,DRY,,NO JUNCTION INVOLVED,,CONCRETE,ANIMAL/OBJECT IN ROADWAY,COLLISION WITH DEER,I-69I69,,2020-11-29 09:32:00
ISP BLOOMINGTON 33,BLOOMINGTON,1,,0.0,0.0,1,,,,N UNION VALLEY RD,,,0.0,S,39.23466436,-86.59279279,COUNTY ROAD,,RURAL,N,N,N,,DARK (NOT LIGHTED),CLEAR,DRY,,NO JUNCTION INVOLVED,,ASPHALT,ANIMAL/OBJECT IN ROADWAY,COLLISION WITH DEER,NUnionValleyRd,,2020-11-29 18:50:00
ISP BLOOMINGTON 33,BLOOMINGTON,1,,0.0,0.0,1,,,,SR 45,,,250.0,W,39.1276101,-86.60698361,STATE ROAD,,RURAL,N,N,N,,DARK (NOT LIGHTED),CLEAR,DRY,,NO JUNCTION INVOLVED,,ASPHALT,ANIMAL/OBJECT IN ROADWAY,COLLISION WITH DEER,WStateRd45SIsonRd,,2020-11-29 19:35:00
BLOOMINGTON PD,BLOOMINGTON,1,1.0,0.0,0.0,0,2801.0,,,S ROGERS ST,W COUNTRY CLUB DR,,,,39.165696,-86.538592,UNKNOWN,N,URBAN,N,N,N,,DAYLIGHT,RAIN,WET,,NO JUNCTION INVOLVED,STRAIGHT/LEVEL,ASPHALT,RAN OFF ROAD RIGHT,RAN OFF ROAD,SROGERSST,NONE,2020-11-30 08:07:00
INDIANA UNIV BLOOMINGTON PD,BLOOMINGTON,1,0.0,0.0,0.0,1,,,,E 10TH ST,N JEFFERSON ST,,,,0.0,0.0,LOCAL/CITY ROAD,N,URBAN,N,N,N,,DARK (LIGHTED),BLOWING SAND/SOIL/SNOW,WET,,NO JUNCTION INVOLVED,CURVE/LEVEL,ASPHALT,ANIMAL/OBJECT IN ROADWAY,COLLISION WITH DEER,JEFFERSONSTUNIONVILLERD,NONE,2020-11-30 20:35:00
BLOOMINGTON PD,BLOOMINGTON,3,0.0,0.0,0.0,0,736.0,,,E SHERWOOD HILLS DR,,,,,39.133219,-86.524657,LOCAL/CITY ROAD,Y,URBAN,N,N,N,,DARK (LIGHTED),CLOUDY,DRY,,NO JUNCTION INVOLVED,STRAIGHT/LEVEL,ASPHALT,UNSAFE BACKING,BACKING CRASH,ESHERWOODHILLSDR,NONE,2020-11-30 20:45:00
INDIANA UNIV BLOOMINGTON PD,BLOOMINGTON,2,0.0,0.0,0.0,0,,,,SR 45/46,E DISCOVERY PKWY,,300.0,S,0.0,0.0,STATE ROAD,N,URBAN,N,N,N,,DAYLIGHT,CLEAR,DRY,,NO JUNCTION INVOLVED,STRAIGHT/GRADE,ASPHALT,DRIVER DISTRACTED - EXPLAIN IN NARRATIVE,REAR END,SR45/46BYPASSDISCOVERYPKWY,NONE,2020-12-01 12:00:00
BLOOMINGTON PD,BLOOMINGTON,2,0.0,0.0,0.0,0,,,,W 3RD ST,S FRANKLIN RD,,,,39.164688,-86.5712,LOCAL/CITY ROAD,N,URBAN,N,N,N,,DAYLIGHT,CLEAR,DRY,,FOUR-WAY INTERSECTION,STRAIGHT/LEVEL,CONCRETE,FOLLOWING TOO CLOSELY,REAR END,SOUTHFRANKLINRDWEST3RDST,TRAFFIC CONTROL SIGNAL,2020-12-01 14:05:00
MONROE SD,BLOOMINGTON,1,0.0,0.0,0.0,0,,,,W ELLER RD,S WESTMONT AVE,,,,39.122256,-86.619184,LOCAL/CITY ROAD,N,RURAL,N,N,N,,DAYLIGHT,CLEAR,DRY,,T-INTERSECTION,STRAIGHT/LEVEL,ASPHALT,RAN OFF ROAD RIGHT,RAN OFF ROAD,SWESTMONTAVEWELLERRD,STOP SIGN,2020-12-01 14:54:00
MONROE SD,BLOOMINGTON,1,0.0,0.0,0.0,1,,,,SR 446,,,2000.0,S,,,STATE ROAD,N,RURAL,N,N,N,,DARK (NOT LIGHTED),CLEAR,DRY,,NO JUNCTION INVOLVED,STRAIGHT/LEVEL,ASPHALT,ANIMAL/OBJECT IN ROADWAY,COLLISION WITH DEER,DEERLICKRDSR446S,NONE,2020-12-01 19:25:00
INDIANA UNIV BLOOMINGTON PD,BLOOMINGTON,2,0.0,0.0,0.0,0,,,,N JORDAN AVE,E 17TH ST,,,,39.178838,-86.510916,LOCAL/CITY ROAD,N,URBAN,N,N,N,,DAWN/DUSK,CLEAR,DRY,,T-INTERSECTION,STRAIGHT/LEVEL,ASPHALT,FAILURE TO YIELD RIGHT OF WAY,LEFT TURN,EAST17THSTJORDANAVE,STOP SIGN,2020-12-02 08:12:00
BLOOMINGTON PD,BLOOMINGTON,2,0.0,0.0,0.0,0,,,,W HILLSIDE DR,S WALNUT ST,,,,39.150544,-86.5336,LOCAL/CITY ROAD,N,URBAN,N,N,N,,DAYLIGHT,CLEAR,DRY,,FOUR-WAY INTERSECTION,STRAIGHT/LEVEL,ASPHALT,DISREGARD SIGNAL/REG SIGN,RIGHT ANGLE,HILLSIDEDLWALNUTST,TRAFFIC CONTROL SIGNAL,2020-12-02 08:51:00
MONROE SD,BLOOMINGTON,2,0.0,0.0,0.0,0,4183.0,,,W STEBU LN,,,525.0,W,,,LOCAL/CITY ROAD,N,URBAN,N,N,N,,DAWN/DUSK,CLEAR,DRY,,NO JUNCTION INVOLVED,STRAIGHT/LEVEL,ASPHALT,UNSAFE BACKING,BACKING CRASH,SCURRYPIKEWSTEBULN,NONE,2020-12-02 08:57:00
MONROE SD,BLOOMINGTON,2,0.0,0.0,0.0,0,,,,S LIBERTY DR,ENTRANCE TO BAXTER,,1478.0,S,,,LOCAL/CITY ROAD,N,RURAL,N,N,N,,DAYLIGHT,CLEAR,DRY,,NO JUNCTION INVOLVED,CURVE/LEVEL,CONCRETE,FOLLOWING TOO CLOSELY,REAR END,SLIBERTYDRW3RDST,OTHER REGULATORY SIGN/MARKING,2020-12-02 16:09:00
BLOOMINGTON PD,BLOOMINGTON,1,0.0,1.0,0.0,0,,,,SR 48,S CURRY PIKE,,,,39.16465,-86.582939,LOCAL/CITY ROAD,N,URBAN,N,N,N,,DARK (NOT LIGHTED),CLEAR,DRY,,FOUR-WAY INTERSECTION,STRAIGHT/LEVEL,ASPHALT,PEDESTRIAN ACTION,OTHER - EXPLAIN IN NARRATIVE,SOUTHCURRYPIKEWEST3RDST,TRAFFIC CONTROL SIGNAL,2020-12-02 18:45:00
BLOOMINGTON PD,BLOOMINGTON,1,0.0,0.0,0.0,0,,,,N FAIRVIEW ST,W 11TH ST,,,,39.173152,-86.5408,LOCAL/CITY ROAD,Y,URBAN,N,N,N,,DARK (NOT LIGHTED),CLEAR,DRY,,T-INTERSECTION,CURVE/LEVEL,ASPHALT,OTHER (DRIVER) - EXPLAIN IN NARRATIVE,RAN OFF ROAD,NFAIRVIEWSTW11THST,STOP SIGN,2020-12-03 01:12:00
INDIANA UNIV BLOOMINGTON PD,BLOOMINGTON,2,0.0,2.0,0.0,0,,,,SR 45/46,E 17TH ST,,,,,,STATE ROAD,N,URBAN,N,N,N,,DAYLIGHT,CLEAR,DRY,,T-INTERSECTION,CURVE/LEVEL,ASPHALT,FAILURE TO YIELD RIGHT OF WAY,LEFT TURN,EAST17THSTSR46,TRAFFIC CONTROL SIGNAL,2020-12-03 12:45:00
ELLETTSVILLE PD,ELLETTSVILLE,2,0.0,0.0,0.0,0,,,,SR 46,N KELLI DR,,,,,,STATE ROAD,N,URBAN,N,N,N,,DARK (LIGHTED),CLEAR,DRY,,T-INTERSECTION,STRAIGHT/LEVEL,ASPHALT,FAILURE TO YIELD RIGHT OF WAY,SAME DIRECTION SIDESWIPE,KELLIDRSR46W,LANE CONTROL,2020-12-03 20:35:00
BLOOMINGTON PD,BLOOMINGTON,2,0.0,0.0,0.0,0,,,,W KIRKWOOD AVE,S GENTRY ST,,150.0,W,39.1666498,-86.53532909,,Y,URBAN,N,N,N,,DARK (LIGHTED),CLEAR,DRY,,NO JUNCTION INVOLVED,STRAIGHT/GRADE,ASPHALT,OTHER (DRIVER) - EXPLAIN IN NARRATIVE,SAME DIRECTION SIDESWIPE,COLLEGEAVEKIRKWOODAVE,NONE,2020-12-03 23:13:00
MONROE SD,BLOOMINGTON,1,0.0,0.0,0.0,1,,,,N SR 37 BUSINESS,,,1200.0,S,,,STATE ROAD,N,URBAN,N,N,N,,DARK (NOT LIGHTED),CLEAR,DRY,,NO JUNCTION INVOLVED,STRAIGHT/LEVEL,ASPHALT,ANIMAL/OBJECT IN ROADWAY,COLLISION WITH DEER,SR37NWBAYLESRD,LANE CONTROL,2020-12-04 05:49:00
BLOOMINGTON PD,BLOOMINGTON,2,0.0,1.0,0.0,0,,,,S PATTERSON ST,W ALLEN ST,,,,0.0,0.0,LOCAL/CITY ROAD,Y,URBAN,N,N,N,,DAYLIGHT,CLOUDY,DRY,,FOUR-WAY INTERSECTION,STRAIGHT/LEVEL,ASPHALT,FAILURE TO YIELD RIGHT OF WAY,REAR END,WALLENSTWPATTERSONDR,TRAFFIC CONTROL SIGNAL,2020-12-04 11:18:00
BLOOMINGTON PD,BLOOMINGTON,2,0.0,0.0,0.0,0,,,,E COVENANTER DR,S CLARIZZ BLVD,,300.0,W,,,LOCAL/CITY ROAD,N,URBAN,N,N,Y,WORK ON SHOULDER,DAYLIGHT,CLOUDY,DRY,,NO JUNCTION INVOLVED,STRAIGHT/LEVEL,ASPHALT,FAILURE TO YIELD RIGHT OF WAY,RIGHT ANGLE,CLARIZZBLVDCOVENANTERDR,NONE,2020-12-04 11:59:00
INDIANA UNIV BLOOMINGTON PD,BLOOMINGTON,2,0.0,3.0,0.0,0,,,,S WOODLAWN AVE,E ATWATER AVE,,,,,,LOCAL/CITY ROAD,N,URBAN,N,N,N,,DAYLIGHT,CLEAR,DRY,,FOUR-WAY INTERSECTION,STRAIGHT/GRADE,ASPHALT,DISREGARD SIGNAL/REG SIGN,RIGHT ANGLE,ATWATERAVEWOODLAWNAVE,TRAFFIC CONTROL SIGNAL,2020-12-04 13:15:00
ELLETTSVILLE PD,ELLETTSVILLE,1,0.0,0.0,0.0,0,,,,SR 46,,,300.0,W,39.25321731,-86.65428355,STATE ROAD,N,RURAL,N,N,N,,DARK (NOT LIGHTED),CLEAR,DRY,,T-INTERSECTION,CURVE/LEVEL,ASPHALT,ANIMAL/OBJECT IN ROADWAY,COLLISION WITH ANIMAL OTHER,FLATWOODSRDSR46W,LANE CONTROL,2020-12-04 21:45:00
MONROE SD,BLOOMINGTON,1,0.0,0.0,0.0,0,,,,N MAPLE GROVE RD,,,5280.0,N,39.251632,-86.566448,COUNTY ROAD,N,RURAL,N,N,N,,DARK (NOT LIGHTED),CLEAR,DRY,,NO JUNCTION INVOLVED,CURVE/LEVEL,ASPHALT,RAN OFF ROAD RIGHT,RAN OFF ROAD,NMAPLEGROVERDWMAPLEGROVERD,NONE,2020-12-05 05:21:00
MONROE SD,BLOOMINGTON,2,0.0,0.0,0.0,0,8650.0,,,W ELWREN RD,,,500.0,E,39.10824,-86.666192,COUNTY ROAD,N,RURAL,N,N,N,,DAYLIGHT,CLEAR,DRY,,NO JUNCTION INVOLVED,STRAIGHT/GRADE,ASPHALT,OVERCORRECTING/OVERSTEERING,HEAD ON BETWEEN TWO MOTOR VEHICLES,8650WELWRENRDSTANFORDRD,NO PASSING ZONE,2020-12-05 12:45:00
ISP BLOOMINGTON 33,BLOOMINGTON,1,,0.0,0.0,1,,,,SR 37,,,0.0,S,39.07377423,-86.53615183,STATE ROAD,,RURAL,N,N,N,,DARK (NOT LIGHTED),CLEAR,DRY,,NO JUNCTION INVOLVED,,ASPHALT,ANIMAL/OBJECT IN ROADWAY,COLLISION WITH DEER,StateRd37,,2020-12-05 18:00:00
MONROE SD,BLOOMINGTON,1,0.0,0.0,0.0,0,,,,W MAPLE GROVE RD,,,2700.0,E,39.24744,-86.547792,LOCAL/CITY ROAD,Y,RURAL,N,N,N,,DAYLIGHT,CLEAR,DRY,,NO JUNCTION INVOLVED,CURVE/GRADE,ASPHALT,RAN OFF ROAD RIGHT,RAN OFF ROAD,NMAPLEGROVERDWMAPLEGROVERD,NONE,2020-12-06 13:58:00
BLOOMINGTON PD,BLOOMINGTON,2,0.0,0.0,0.0,0,1612.0,,,S WILCOX ST,S WILCOX ST,,,,39.1828,-86.544032,UNKNOWN,Y,URBAN,N,N,N,,DARK (LIGHTED),CLEAR,DRY,,NO JUNCTION INVOLVED,STRAIGHT/LEVEL,ASPHALT,UNSAFE LANE MOVEMENT,SAME DIRECTION SIDESWIPE,SWILCOXST,NONE,2020-12-07 00:00:00
ISP BLOOMINGTON 33,BLOOMINGTON,3,,0.0,0.0,0,,118,A,W 3RD ST,I-69 N,,475.0,E,39.16464918,-86.57202095,STATE ROAD,,URBAN,N,N,N,,DAYLIGHT,CLEAR,DRY,,FOUR-WAY INTERSECTION,,ASPHALT,UNSAFE SPEED,REAR END,SR48atI69-118-RampA,,2020-12-07 10:28:00
MONROE SD,ELLETTSVILLE,2,0.0,0.0,0.0,0,,,,SR 46,N SMITH PIKE,,250.0,W,39.21055646,-86.58390563,STATE ROAD,N,URBAN,N,N,N,,DARK (LIGHTED),CLEAR,DRY,,FOUR-WAY INTERSECTION,STRAIGHT/GRADE,ASPHALT,FOLLOWING TOO CLOSELY,REAR END,SMITHPIKESR46W,NONE,2020-12-07 18:15:00
BLOOMINGTON PD,BLOOMINGTON,1,0.0,0.0,0.0,1,,,,SR 46,,,500.0,W,39.18703572,-86.54856069,STATE ROAD,N,URBAN,N,N,N,,DAWN/DUSK,CLOUDY,DRY,,NO JUNCTION INVOLVED,STRAIGHT/LEVEL,ASPHALT,ANIMAL/OBJECT IN ROADWAY,COLLISION WITH DEER,MONROESTSR46E,LANE CONTROL,2020-12-08 07:55:00
BLOOMINGTON PD,BLOOMINGTON,2,0.0,0.0,0.0,0,,,,N COLLEGE AVE,W 8TH ST,,150.0,N,,,LOCAL/CITY ROAD,N,URBAN,N,N,N,,DAYLIGHT,CLEAR,DRY,,NO JUNCTION INVOLVED,STRAIGHT/GRADE,ASPHALT,DRIVER ASLEEP OR FATIGUED,REAR END,8THSTCOLLEGEAVE,NONE,2020-12-08 09:15:00
ISP JASPER 34,BLOOMINGTON,1,,0.0,0.0,0,,,,I-69 N,,,0.0,S,39.27512981,-86.52320453,INTERSTATE,,RURAL,N,Y,N,,DAYLIGHT,CLOUDY,DRY,,NO JUNCTION INVOLVED,,ASPHALT,OTHER (DRIVER) - EXPLAIN IN NARRATIVE,RAN OFF ROAD,I-69126.55,,2020-12-08 14:15:00
ISP BLOOMINGTON 33,BLOOMINGTON,1,,0.0,0.0,1,,,,I-69 N,,,0.0,S,39.08817804,-86.57040884,,,RURAL,N,N,N,,DARK (NOT LIGHTED),CLEAR,DRY,,NO JUNCTION INVOLVED,,ASPHALT,ANIMAL/OBJECT IN ROADWAY,COLLISION WITH DEER,I-69112.5,,2020-12-08 19:06:00
BLOOMINGTON PD,BLOOMINGTON,2,0.0,1.0,0.0,0,,,,W TAPP RD,S WEIMER RD,,,,,,LOCAL/CITY ROAD,N,URBAN,N,N,N,,DARK (NOT LIGHTED),CLEAR,DRY,,T-INTERSECTION,STRAIGHT/GRADE,ASPHALT,FAILURE TO YIELD RIGHT OF WAY,LEFT TURN,SWEIMERRDWTAPPRD,STOP SIGN,2020-12-08 19:42:00
ISP BLOOMINGTON 33,BLOOMINGTON,2,,0.0,0.0,0,1441.0,,,S LIBERTY DR,ENTRANCE TO ANDY MOHR HONDA,,0.0,S,39.15573559,-86.57524771,LOCAL/CITY ROAD,,RURAL,N,N,N,,DAYLIGHT,CLEAR,DRY,,NO JUNCTION INVOLVED,,ASPHALT,UNSAFE BACKING,BACKING CRASH,SLibertyDr,,2020-12-09 10:25:00
BLOOMINGTON PD,BLOOMINGTON,1,0.0,1.0,0.0,0,,,,N COLLEGE AVE,W 7TH ST,,,,39.168656,-86.534784,LOCAL/CITY ROAD,N,URBAN,N,N,N,,DAYLIGHT,CLEAR,DRY,,NO JUNCTION INVOLVED,STRAIGHT/LEVEL,ASPHALT,FAILURE TO YIELD RIGHT OF WAY,LEFT/RIGHT TURN,7THSTNCOLLEGEAVE,TRAFFIC CONTROL SIGNAL,2020-12-09 11:49:00
ISP BLOOMINGTON 33,BLOOMINGTON,2,,0.0,0.0,0,,,,S LEONARD SPRINGS RD,SR 45,,50.0,S,39.14172417,-86.58259696,LOCAL/CITY ROAD,,URBAN,N,N,N,,DAYLIGHT,CLEAR,DRY,,FOUR-WAY INTERSECTION,,ASPHALT,DRIVER DISTRACTED - EXPLAIN IN NARRATIVE,REAR END,StateRd45SLeonardSpringsRd,,2020-12-09 16:00:00
BLOOMINGTON PD,BLOOMINGTON,2,0.0,2.0,0.0,0,,,,S SARE RD,E DAVID DR,,,,,,LOCAL/CITY ROAD,N,URBAN,N,N,N,,DAYLIGHT,CLEAR,DRY,,NO JUNCTION INVOLVED,STRAIGHT/HILLCREST,CONCRETE,DRIVER DISTRACTED - EXPLAIN IN NARRATIVE,REAR END,DAVISDRSSARERD,NONE,2020-12-09 17:07:00
ISP INDIANAPOLIS 52,BLOOMINGTON,1,,0.0,0.0,0,,,,SR 37,S WALNUT ST,,211.0,S,39.08501036,-86.54247513,STATE ROAD,,RURAL,N,N,N,,DARK (NOT LIGHTED),CLEAR,DRY,,NO JUNCTION INVOLVED,,ASPHALT,TIRE FAILURE OR DEFECTIVE,NON-COLLISION,SR37SBSOldStateRoad37,,2020-12-09 18:17:00
ISP BLOOMINGTON 33,BLOOMINGTON,2,,0.0,0.0,0,,,,N KINSER PIKE,SR 45/46,,0.0,S,39.186436,-86.537727,STATE ROAD,,URBAN,N,N,N,,DARK (LIGHTED),CLEAR,DRY,,FOUR-WAY INTERSECTION,,ASPHALT,FAILURE TO YIELD RIGHT OF WAY,SAME DIRECTION SIDESWIPE,StateRd46NKinserPike,,2020-12-09 18:30:00
ISP BLOOMINGTON 33,BLOOMINGTON,1,,1.0,0.0,0,,,,I-69 S,,,0.0,S,39.27732779,-86.52366347,INTERSTATE,,RURAL,N,N,N,,DAYLIGHT,CLEAR,DRY,,NO JUNCTION INVOLVED,,ASPHALT,FOLLOWING TOO CLOSELY,REAR END,I-69127,,2020-12-10 09:10:00
INDIANA UNIV BLOOMINGTON PD,BLOOMINGTON,1,0.0,1.0,0.0,0,,,,S WOODLAWN AVE,E ATWATER AVE,,,,,,LOCAL/CITY ROAD,N,URBAN,N,N,N,,DAYLIGHT,CLEAR,DRY,,FOUR-WAY INTERSECTION,STRAIGHT/LEVEL,ASPHALT,FAILURE TO YIELD RIGHT OF WAY,LEFT TURN,ATWATERAVEWOODLAWNAVE,TRAFFIC CONTROL SIGNAL,2020-12-10 11:33:00
ISP BLOOMINGTON 33,BLOOMINGTON,2,,0.0,0.0,0,,,,SR 46,N BRUMMETTS CREEK RD,,0.0,S,39.151657,-86.389756,STATE ROAD,,RURAL,N,N,Y,LANE CLOSURE,DAYLIGHT,CLEAR,DRY,,T-INTERSECTION,,ASPHALT,FOLLOWING TOO CLOSELY,REAR END,StateRd46NBrummettsCreekRd,,2020-12-10 11:45:00
ELLETTSVILLE PD,ELLETTSVILLE,2,0.0,0.0,0.0,0,,,,SR 46,N CENTENNIAL DR,,200.0,W,39.21047397,-86.5837645,STATE ROAD,N,URBAN,N,N,N,,DAYLIGHT,CLEAR,DRY,,NO JUNCTION INVOLVED,STRAIGHT/LEVEL,ASPHALT,FAILURE TO YIELD RIGHT OF WAY,SAME DIRECTION SIDESWIPE,NORTHSMITHPIKESR46W,LANE CONTROL,2020-12-10 15:21:00
BLOOMINGTON PD,BLOOMINGTON,2,0.0,0.0,0.0,0,,,,S CURRY PIKE,SR 48,,100.0,S,39.15407554,-86.582939,LOCAL/CITY ROAD,N,URBAN,N,N,N,,DAYLIGHT,CLEAR,DRY,,FOUR-WAY INTERSECTION,STRAIGHT/LEVEL,ASPHALT,UNSAFE LANE MOVEMENT,SAME DIRECTION SIDESWIPE,SCURRYPIKEW3RDST,NONE,2020-12-10 15:40:00
BLOOMINGTON PD,BLOOMINGTON,2,0.0,0.0,0.0,0,,I69,N,SR 45/46,I-69 N,,,,,,STATE ROAD,N,URBAN,N,N,N,,DAYLIGHT,CLEAR,DRY,,INTERCHANGE,STRAIGHT/LEVEL,CONCRETE,FAILURE TO YIELD RIGHT OF WAY,LEFT TURN,SR46W,NONE,2020-12-10 16:20:00