Agency,City,Vehicles Involved,Trailers Involved,Number Injured,Number Dead,Number Deer,House Number,Roadway Interchange,Roadway Ramp,Roadway Id,Intersecting Road,Interchange,Feet From,Direction,Latitude,Longitude,Roadway Class,Hit and Run?,Locality,School Zone?,Rumble Strips?,Construction?,Construction Type,Light Condition,Weather Conditions,Surface Condition,Type of Median,Roadway Junction Type,Road Character,Roadway Surface,Primary Factor,Manner of Collision,Unique Location Id,Traffic Control,DateTime
MONROE SD,BLOOMINGTON,2,0.0,0.0,0.0,0,,,,SR 48,S PARK SQUARE DR,,,,39.1647144,-86.5925659,STATE ROAD,N,URBAN,N,N,N,,DARK (NOT LIGHTED),CLEAR,DRY,,FOUR-WAY INTERSECTION,STRAIGHT/LEVEL,ASPHALT,IMPROPER TURNING,LEFT/RIGHT TURN,PARKSQUAREDRSR48W,TRAFFIC CONTROL SIGNAL,2020-12-21 18:57:00
BLOOMINGTON PD,BLOOMINGTON,1,0.0,0.0,1.0,0,,,,SR 46,S PARK RIDGE RD,,,,39.16424,-86.476096,LOCAL/CITY ROAD,N,URBAN,N,N,N,,DARK (NOT LIGHTED),CLOUDY,DRY,,NO JUNCTION INVOLVED,STRAIGHT/LEVEL,ASPHALT,PEDESTRIAN ACTION,COLLISION WITH OBJECT IN ROAD,E3RDSTSPARKRIDGERD,NONE,2020-12-21 19:00:00
MONROE SD,BLOOMINGTON,1,0.0,0.0,0.0,1,,,,SR 45,S BUNGER RD,,,,39.12936,-86.604336,STATE ROAD,N,RURAL,N,N,N,,DAYLIGHT,CLEAR,DRY,,NO JUNCTION INVOLVED,STRAIGHT/LEVEL,ASPHALT,ANIMAL/OBJECT IN ROADWAY,COLLISION WITH DEER,SBUNGERRDSR45W,NONE,2020-12-22 08:07:00
MONROE SD,BLOOMINGTON,1,0.0,0.0,0.0,1,,,,SR 37,,,1000.0,S,39.04670943,-86.53586743,STATE ROAD,N,RURAL,N,N,N,,DAYLIGHT,CLEAR,DRY,,T-INTERSECTION,STRAIGHT/LEVEL,ASPHALT,ANIMAL/OBJECT IN ROADWAY,COLLISION WITH DEER,SR37SZIKESRD,NONE,2020-12-22 08:16:00
BLOOMINGTON PD,BLOOMINGTON,2,0.0,2.0,0.0,0,,,,SR 48,S GATES DR,,,,0.0,0.0,LOCAL/CITY ROAD,N,URBAN,N,N,N,,DAYLIGHT,CLEAR,DRY,,FOUR-WAY INTERSECTION,STRAIGHT/LEVEL,ASPHALT,FOLLOWING TOO CLOSELY,OTHER - EXPLAIN IN NARRATIVE,NGATESDRW3RDST,TRAFFIC CONTROL SIGNAL,2020-12-22 14:25:00
BLOOMINGTON PD,BLOOMINGTON,2,0.0,0.0,0.0,0,,,,N COLLEGE AVE,W 6TH ST,,,,39.167648,-86.534784,LOCAL/CITY ROAD,N,URBAN,N,N,N,,DAYLIGHT,CLEAR,DRY,,FOUR-WAY INTERSECTION,STRAIGHT/GRADE,ASPHALT,FAILURE TO YIELD RIGHT OF WAY,LEFT TURN,6THSTCOLLEGEAVE,TRAFFIC CONTROL SIGNAL,2020-12-22 14:30:00
MONROE SD,BLOOMINGTON,2,0.0,1.0,0.0,0,,,,S FAIRFAX RD,E SCHACHT RD,,,,39.10704,-86.523488,LOCAL/CITY ROAD,N,RURAL,N,N,N,,DAYLIGHT,CLEAR,DRY,,T-INTERSECTION,STRAIGHT/LEVEL,ASPHALT,FOLLOWING TOO CLOSELY,REAR END,ESCHACHTRDSFAIRFAXRD,NONE,2020-12-22 14:37:00
BLOOMINGTON PD,BLOOMINGTON,2,0.0,0.0,0.0,0,,,,N WALNUT ST,E 19TH ST,,,,39.181552,-86.5336,LOCAL/CITY ROAD,N,URBAN,N,N,N,,DAYLIGHT,CLEAR,DRY,,T-INTERSECTION,STRAIGHT/GRADE,ASPHALT,FAILURE TO YIELD RIGHT OF WAY,LEFT/RIGHT TURN,19THSTWALNUTST,STOP SIGN,2020-12-22 16:40:00
BLOOMINGTON PD,BLOOMINGTON,2,0.0,0.0,0.0,0,,,,SR 45,W INDUSTRIAL BLVD,,,,39.143552,-86.580528,STATE ROAD,N,URBAN,N,N,N,,DARK (NOT LIGHTED),CLEAR,DRY,,FOUR-WAY INTERSECTION,STRAIGHT/LEVEL,ASPHALT,FAILURE TO YIELD RIGHT OF WAY,LEFT TURN,INDUSTRIALBLVDSR45W,TRAFFIC CONTROL SIGNAL,2020-12-22 18:04:00
MONROE SD,BLOOMINGTON,2,0.0,0.0,0.0,0,,,,W POPCORN RD,S C ST,,500.0,W,39.012048,-86.545088,LOCAL/CITY ROAD,N,RURAL,N,N,N,,DARK (NOT LIGHTED),CLEAR,DRY,,T-INTERSECTION,STRAIGHT/LEVEL,ASPHALT,LEFT OF CENTER,OPPOSITE DIRECTION SIDESWIPE,SGORERDWPOPCORNRD,NONE,2020-12-22 19:50:00
BLOOMINGTON PD,BLOOMINGTON,2,0.0,0.0,0.0,0,,,,N HICKORY DR,W BELLE AVE,,,,0.0,0.0,LOCAL/CITY ROAD,N,URBAN,N,N,N,,DAWN/DUSK,CLEAR,DRY,,FOUR-WAY INTERSECTION,STRAIGHT/LEVEL,ASPHALT,FAILURE TO YIELD RIGHT OF WAY,RIGHT ANGLE,NHICKORYDRWBELLEAVE,STOP SIGN,2020-12-23 07:33:00
BLOOMINGTON PD,BLOOMINGTON,2,1.0,0.0,0.0,0,,,,SR 46,S CLARIZZ BLVD,,,,39.16424,-86.4908,STATE ROAD,N,URBAN,N,N,N,,DAYLIGHT,CLEAR,DRY,,FOUR-WAY INTERSECTION,STRAIGHT/LEVEL,ASPHALT,TRAFFIC CONTROL INOPERATIVE/MISSING/OBSC,REAR END,SCLARIZZBLVDSR46E,TRAFFIC CONTROL SIGNAL,2020-12-23 09:54:00
BLOOMINGTON PD,BLOOMINGTON,2,0.0,0.0,0.0,0,,,,S WALNUT ST,E RHORER RD,,200.0,S,39.12089068,-86.526496,LOCAL/CITY ROAD,Y,URBAN,N,N,N,,DAYLIGHT,CLEAR,DRY,,NO JUNCTION INVOLVED,STRAIGHT/GRADE,ASPHALT,IMPROPER TURNING,RIGHT ANGLE,RHORERRDWALNUTST,NONE,2020-12-23 10:35:00
BLOOMINGTON PD,BLOOMINGTON,2,0.0,1.0,0.0,0,,,,W 3RD ST,S WESTPLEX AVE,,,,39.164394,-86.5539028,LOCAL/CITY ROAD,N,URBAN,N,N,N,,DAYLIGHT,RAIN,WET,,NO JUNCTION INVOLVED,STRAIGHT/LEVEL,CONCRETE,FAILURE TO YIELD RIGHT OF WAY,LEFT/RIGHT TURN,SWESTPLEXAVEW3RDST,NONE,2020-12-23 13:38:00
MONROE SD,BLOOMINGTON,2,0.0,0.0,0.0,0,,,,S WALNUT ST,ENTRANCE TO KROGER (S),,398.0,S,39.07942308,-86.531363,COUNTY ROAD,N,RURAL,N,N,N,,DAYLIGHT,RAIN,WET,,NO JUNCTION INVOLVED,STRAIGHT/LEVEL,ASPHALT,FOLLOWING TOO CLOSELY,REAR END,WGORDONPIKEWALNUTST,NONE,2020-12-23 15:22:00
MONROE SD,ELLETTSVILLE,2,0.0,0.0,0.0,0,,,,W ASSOCIATION ST,S 3RD ST,,,,39.231918,-86.623786,LOCAL/CITY ROAD,N,URBAN,N,N,N,,DAYLIGHT,RAIN,WET,,FOUR-WAY INTERSECTION,STRAIGHT/GRADE,ASPHALT,DISREGARD SIGNAL/REG SIGN,RIGHT ANGLE,ASSOCIATIONSTTHIRDST,STOP SIGN,2020-12-23 15:47:00
BLOOMINGTON PD,BLOOMINGTON,2,0.0,0.0,0.0,0,,,,S PARK AVE,E UNIVERSITY ST,,,,39.16037997,-86.52852908,LOCAL/CITY ROAD,N,URBAN,N,N,N,,DAYLIGHT,CLOUDY,WET,,FOUR-WAY INTERSECTION,STRAIGHT/LEVEL,CONCRETE,DISREGARD SIGNAL/REG SIGN,RIGHT ANGLE,EUNIVERSITYSTSPARKAVE,STOP SIGN,2020-12-23 16:08:00
BLOOMINGTON PD,BLOOMINGTON,2,0.0,0.0,0.0,0,,,,S ADAMS ST,W KIRKWOOD AVE,,,,39.166816,-86.549488,LOCAL/CITY ROAD,Y,URBAN,N,N,N,,DAYLIGHT,CLOUDY,DRY,,FOUR-WAY INTERSECTION,STRAIGHT/GRADE,ASPHALT,UNSAFE BACKING,BACKING CRASH,ADAMSSTKIRKWOODAVE,TRAFFIC CONTROL SIGNAL,2020-12-23 17:00:00
BLOOMINGTON PD,BLOOMINGTON,2,0.0,0.0,0.0,0,1709.0,,,W 8TH ST,N SPRING ST,,,,39.1689583,-86.55556,UNKNOWN,Y,URBAN,N,N,N,,DARK (LIGHTED),RAIN,WET,,NO JUNCTION INVOLVED,STRAIGHT/LEVEL,CONCRETE,OTHER (DRIVER) - EXPLAIN IN NARRATIVE,REAR END,W8THST,NONE,2020-12-23 17:08:00
BLOOMINGTON PD,BLOOMINGTON,3,0.0,0.0,0.0,0,,,,SR 45,S LEONARD SPRINGS RD,,,,39.1316601,-86.58259929,STATE ROAD,N,URBAN,N,N,N,,DARK (LIGHTED),RAIN,WET,,FOUR-WAY INTERSECTION,STRAIGHT/LEVEL,ASPHALT,UNSAFE SPEED,REAR END,SLEONARDSPRINGSRDSR45W,TRAFFIC CONTROL SIGNAL,2020-12-23 17:58:00
MONROE SD,BLOOMINGTON,2,0.0,0.0,0.0,0,,,,S ROGERS ST,S HAYS DR,,,,39.122868,-86.539102,LOCAL/CITY ROAD,N,RURAL,N,N,N,,DAYLIGHT,CLEAR,DRY,,T-INTERSECTION,STRAIGHT/GRADE,ASPHALT,DRIVER ILLNESS,REAR END,SHAYSDRSROGERSST,NONE,2020-12-23 22:28:00
MONROE SD,BLOOMINGTON,2,0.0,0.0,0.0,0,,,,S CURRY PIKE,W GRAND AVE,,,,39.166489,-86.582976,LOCAL/CITY ROAD,N,URBAN,N,N,N,,DAYLIGHT,CLOUDY,DRY,,T-INTERSECTION,STRAIGHT/LEVEL,ASPHALT,IMPROPER TURNING,RIGHT TURN,NCURRYPIKEWGRANDAVE,NONE,2020-12-24 13:41:00
MONROE SD,BLOOMINGTON,2,0.0,0.0,0.0,0,,,,I-69 S,,,30.0,S,0.0,0.0,INTERSTATE,N,RURAL,N,Y,N,,DARK (NOT LIGHTED),CLEAR,DRY,,NO JUNCTION INVOLVED,STRAIGHT/LEVEL,ASPHALT,RAN OFF ROAD RIGHT,RAN OFF ROAD,I69S125.5,NONE,2020-12-24 18:19:00
MONROE SD,BLOOMINGTON,1,0.0,4.0,0.0,0,,,,S WALNUT ST PIKE,S FAIRFAX RD,,,,39.10722,-86.531496,COUNTY ROAD,N,URBAN,N,N,N,,DARK (NOT LIGHTED),CLEAR,DRY,,T-INTERSECTION,STRAIGHT/GRADE,ASPHALT,RAN OFF ROAD RIGHT,RAN OFF ROAD,FAIRFAXRDWALNUTSTPIKE,STOP SIGN,2020-12-24 19:10:00
ISP BLOOMINGTON 33,ELLETTSVILLE,1,,1.0,0.0,0,,,,SR 46,N KELLI DR,,106.0,W,39.23222404,-86.61986773,STATE ROAD,,URBAN,N,N,N,,DARK (LIGHTED),CLEAR,DRY,,NO JUNCTION INVOLVED,,ASPHALT,,RAN OFF ROAD,EDepotRdEDepotRd,,2020-12-25 02:09:00
MONROE SD,BLOOMINGTON,3,0.0,0.0,0.0,0,,,,S SMITH RD,E ROGERS RD,,600.0,S,39.0753612,-86.48039,LOCAL/CITY ROAD,N,RURAL,N,N,N,,DAYLIGHT,CLEAR,DRY,,NO JUNCTION INVOLVED,CURVE/LEVEL,ASPHALT,LEFT OF CENTER,OPPOSITE DIRECTION SIDESWIPE,ESADDLEBROOKLNSSMITHRD,NONE,2020-12-25 13:35:00
BLOOMINGTON PD,BLOOMINGTON,2,0.0,0.0,0.0,0,,,,N COLLEGE AVE,W 9TH ST,,,,39.170544,-86.534768,LOCAL/CITY ROAD,Y,URBAN,N,,N,,DAYLIGHT,CLOUDY,DRY,,T-INTERSECTION,STRAIGHT/LEVEL,ASPHALT,FAILURE TO YIELD RIGHT OF WAY,,NCOLLEGEAVEW9THST,STOP SIGN,2020-12-25 14:25:00
MONROE SD,BLOOMINGTON,1,0.0,0.0,0.0,1,,,,N BOTTOM RD,N DENNY RD,,,,39.282398,-86.55548,LOCAL/CITY ROAD,N,RURAL,N,N,N,,DARK (NOT LIGHTED),CLEAR,DRY,,T-INTERSECTION,STRAIGHT/HILLCREST,ASPHALT,ANIMAL/OBJECT IN ROADWAY,COLLISION WITH DEER,DENNYRDNBOTTOMRD,NONE,2020-12-25 19:00:00
ISP BLOOMINGTON 33,BLOOMINGTON,1,,0.0,1.0,0,,,,SR 446,S KNIGHTRIDGE RD (NW),,211.0,N,39.14446001,-86.46718742,STATE ROAD,,RURAL,N,N,N,,DARK (NOT LIGHTED),CLEAR,DRY,,NO JUNCTION INVOLVED,,ASPHALT,,RAN OFF ROAD,StateRd446SKnightridgeRd,,2020-12-25 20:05:00
MONROE SD,BLOOMINGTON,1,0.0,0.0,0.0,0,,,,N BOTTOM RD,W WILLIAMS RD,,,,39.273856,-86.558112,LOCAL/CITY ROAD,N,RURAL,N,N,N,,DARK (NOT LIGHTED),CLEAR,ICE,,T-INTERSECTION,STRAIGHT/GRADE,ASPHALT,ROADWAY SURFACE CONDITION,RAN OFF ROAD,NBOTTOMRDWWILLIAMSRD,NONE,2020-12-26 05:52:00
BLOOMINGTON PD,BLOOMINGTON,2,0.0,0.0,0.0,0,,,,S SARE RD,E MOORES PIKE,,,,0.0,0.0,LOCAL/CITY ROAD,N,URBAN,N,N,N,,DAYLIGHT,CLEAR,DRY,,FOUR-WAY INTERSECTION,STRAIGHT/LEVEL,ASPHALT,LANE MARKING OBSCURED,SAME DIRECTION SIDESWIPE,MOORESPIKESARERD,TRAFFIC CONTROL SIGNAL,2020-12-26 09:20:00
BLOOMINGTON PD,BLOOMINGTON,2,0.0,0.0,0.0,0,,,,E WINSLOW RD,S HENDERSON ST,,,,39.136144,-86.5268,LOCAL/CITY ROAD,N,URBAN,N,N,N,,DAYLIGHT,CLEAR,DRY,,FOUR-WAY INTERSECTION,STRAIGHT/LEVEL,ASPHALT,OTHER (DRIVER) - EXPLAIN IN NARRATIVE,REAR END,EWINSLOWRDSHENDERSONST,TRAFFIC CONTROL SIGNAL,2020-12-26 11:18:00
BLOOMINGTON PD,BLOOMINGTON,2,0.0,0.0,0.0,0,,,,N WILLIS DR,W 17TH ST,,,,39.179104,-86.544016,LOCAL/CITY ROAD,N,URBAN,Y,N,N,,DAYLIGHT,CLEAR,DRY,,T-INTERSECTION,STRAIGHT/HILLCREST,ASPHALT,FAILURE TO YIELD RIGHT OF WAY,LEFT TURN,NWILLISDRW17THST,STOP SIGN,2020-12-26 14:53:00
MONROE SD,BLOOMINGTON,2,0.0,0.0,0.0,0,,,,SR 45,S HARMONY RD,,,,39.111024,-86.638304,STATE ROAD,N,RURAL,N,Y,N,,DAYLIGHT,CLEAR,DRY,,FOUR-WAY INTERSECTION,STRAIGHT/LEVEL,CONCRETE,FAILURE TO YIELD RIGHT OF WAY,RIGHT ANGLE,SHARMONYRDSR45W,STOP SIGN,2020-12-26 15:39:00
MONROE SD,BLOOMINGTON,2,0.0,0.0,0.0,0,,,,W TAPP RD,S RAYLE PL,,50.0,W,39.13704,-86.577504,COUNTY ROAD,N,URBAN,N,N,N,,DARK (NOT LIGHTED),CLEAR,DRY,,NO JUNCTION INVOLVED,STRAIGHT/LEVEL,ASPHALT,FOLLOWING TOO CLOSELY,REAR END,RAYLERDWTAPPRD,NONE,2020-12-27 01:25:00
MONROE SD,BLOOMINGTON,1,0.0,0.0,0.0,0,,,,N OARD RD,,,2900.0,E,39.181344,-86.637104,COUNTY ROAD,N,RURAL,N,N,N,,DAWN/DUSK,CLEAR,DRY,,NO JUNCTION INVOLVED,CURVE/GRADE,ASPHALT,ANIMAL/OBJECT IN ROADWAY,COLLISION WITH OBJECT IN ROAD,NORTHOARDRDWESTVERNALPIKE,NONE,2020-12-27 07:40:00
ISP BLOOMINGTON 33,BLOOMINGTON,3,,0.0,0.0,0,,,,W COUNTRY CLUB DR,S WALNUT ST,,0.0,S,39.135952,-86.531109,LOCAL/CITY ROAD,,URBAN,N,N,N,,DAYLIGHT,CLEAR,DRY,,FOUR-WAY INTERSECTION,,ASPHALT,UNSAFE SPEED,REAR END,WalnutStCountryClubDr,,2020-12-27 12:43:00
ISP BLOOMINGTON 33,BLOOMINGTON,1,,0.0,0.0,0,,,,W MAY RD,,,581.0,W,39.09327845,-86.58803648,COUNTY ROAD,,RURAL,N,N,N,,DAWN/DUSK,CLOUDY,DRY,,NO JUNCTION INVOLVED,,ASPHALT,,,MayRd500ftwestofRockportRd,,2020-12-27 17:04:00
MONROE SD,BLOOMINGTON,1,0.0,0.0,0.0,0,,,,SR 45,N MT GILEAD RD (SW),,319.0,E,39.185571,-86.46886858,STATE ROAD,N,RURAL,N,N,N,,DARK (NOT LIGHTED),CLEAR,WET,,NO JUNCTION INVOLVED,CURVE/GRADE,ASPHALT,SPEED TOO FAST FOR WEATHER CONDITIONS,RAN OFF ROAD,MTGILEADRDSR45E,NONE,2020-12-27 22:42:00
INDIANA UNIV BLOOMINGTON PD,BLOOMINGTON,2,0.0,0.0,0.0,0,,,,N WALNUT GROVE ST,E 17TH ST,,,,39.179039,-86.521096,LOCAL/CITY ROAD,N,URBAN,N,N,N,,DARK (NOT LIGHTED),CLEAR,DRY,,NO JUNCTION INVOLVED,STRAIGHT/LEVEL,ASPHALT,UNSAFE BACKING,BACKING CRASH,EAST17THSTWALNUTGROVEST,NONE,2020-12-28 06:45:00
BLOOMINGTON PD,BLOOMINGTON,2,0.0,0.0,0.0,0,,,,S HENDERSON ST,E UNIVERSITY ST,,,,0.0,0.0,LOCAL/CITY ROAD,N,URBAN,N,N,N,,DAYLIGHT,CLOUDY,DRY,,FOUR-WAY INTERSECTION,STRAIGHT/LEVEL,ASPHALT,DISREGARD SIGNAL/REG SIGN,RIGHT ANGLE,EASTUNIVERSITYSTSOUTHHENDERSONST,STOP SIGN,2020-12-28 13:15:00
INDIANA UNIV BLOOMINGTON PD,BLOOMINGTON,2,0.0,0.0,0.0,0,,,,S SWAIN AVE,E 3RD ST,,,,39.164261,-86.515275,LOCAL/CITY ROAD,N,URBAN,N,N,N,,DARK (LIGHTED),CLEAR,DRY,,NO JUNCTION INVOLVED,STRAIGHT/LEVEL,ASPHALT,IMPROPER TURNING,LEFT/RIGHT TURN,SWAINAVETHIRDST,LANE CONTROL,2020-12-28 18:10:00
BLOOMINGTON PD,BLOOMINGTON,2,0.0,3.0,0.0,0,,,,S WALNUT ST,E BURKS DR,,,,39.1266692,-86.5313811,LOCAL/CITY ROAD,N,URBAN,N,N,N,,DAYLIGHT,CLOUDY,DRY,,FOUR-WAY INTERSECTION,STRAIGHT/GRADE,ASPHALT,FOLLOWING TOO CLOSELY,REAR END,EBURKSDRSWALNUTST,LANE CONTROL,2020-12-29 13:25:00
MONROE SD,BLOOMINGTON,1,0.0,0.0,0.0,0,9687.0,,,SR 48,,,,,39.170096,-86.682256,STATE ROAD,N,RURAL,N,Y,N,,DAYLIGHT,CLEAR,DRY,,NO JUNCTION INVOLVED,CURVE/LEVEL,ASPHALT,RAN OFF ROAD RIGHT,RAN OFF ROAD,SR48W,NONE,2020-12-29 14:12:00
MONROE SD,BLOOMINGTON,1,0.0,0.0,0.0,0,,,,S FAIRFAX RD,,,2156.0,N,39.2898343,-86.498526,LOCAL/CITY ROAD,Y,RURAL,N,N,N,,DARK (NOT LIGHTED),CLEAR,DRY,,NO JUNCTION INVOLVED,CURVE/LEVEL,ASPHALT,RAN OFF ROAD RIGHT,RAN OFF ROAD,CARROWINDSCTFAIRFAXRD,NONE,2020-12-29 23:43:00
MONROE SD,BLOOMINGTON,1,0.0,0.0,0.0,1,,,,W FULLERTON PIKE,S MONROE MEDICAL PARK BLVD,,,,39.1220233,-86.5734289,COUNTY ROAD,N,RURAL,N,N,N,,DARK (LIGHTED),CLEAR,DRY,,TRAFFIC CIRCLE/ROUNDABOUT,CURVE/LEVEL,ASPHALT,ANIMAL/OBJECT IN ROADWAY,COLLISION WITH DEER,FULLERTONPIKEMONROEMEDICALPARKBLVD,NONE,2020-12-30 01:05:00
ISP BLOOMINGTON 33,BLOOMINGTON,1,,0.0,0.0,0,7044.0,,,I-69 S,,,264.0,S,39.25349643,-86.52783699,INTERSTATE,,RURAL,N,Y,N,,DARK (NOT LIGHTED),SLEET/HAIL/FREEZING RAIN,ICE,,NO JUNCTION INVOLVED,,CONCRETE,SPEED TOO FAST FOR WEATHER CONDITIONS,RAN OFF ROAD,I-69128,,2020-12-30 10:00:00
INDIANA UNIV BLOOMINGTON PD,BLOOMINGTON,1,0.0,0.0,0.0,0,,,,E 17TH ST,SR 45/46,,,,0.0,0.0,STATE ROAD,N,URBAN,N,N,N,,DAYLIGHT,RAIN,WET,,T-INTERSECTION,STRAIGHT/LEVEL,ASPHALT,SPEED TOO FAST FOR WEATHER CONDITIONS,RAN OFF ROAD,EAST17THSTSR46,TRAFFIC CONTROL SIGNAL,2020-12-30 11:08:00
ELLETTSVILLE PD,ELLETTSVILLE,2,0.0,0.0,0.0,0,,,,SR 46,N SALE ST (S),,,,39.23384,-86.624704,STATE ROAD,N,URBAN,N,N,N,,DAYLIGHT,RAIN,WET,,NO JUNCTION INVOLVED,STRAIGHT/LEVEL,ASPHALT,DISREGARD SIGNAL/REG SIGN,RIGHT ANGLE,SALESTSR46W,TRAFFIC CONTROL SIGNAL,2020-12-30 11:56:00
MONROE SD,BLOOMINGTON,2,0.0,0.0,0.0,0,,,,SR 37,E SMITHVILLE RD,,,,39.071056,-86.5356,STATE ROAD,N,RURAL,N,Y,N,,DAYLIGHT,RAIN,WET,,FOUR-WAY INTERSECTION,STRAIGHT/LEVEL,ASPHALT,FAILURE TO YIELD RIGHT OF WAY,RIGHT ANGLE,ESMITHVILLERDSR37S,STOP SIGN,2020-12-30 12:36:00
MONROE SD,BLOOMINGTON,2,0.0,0.0,0.0,0,,,,S LIBERTY DR,,,1500.0,S,39.00598935,-86.579131,COUNTY ROAD,N,URBAN,N,N,N,,DAYLIGHT,RAIN,WET,,NO JUNCTION INVOLVED,STRAIGHT/LEVEL,ASPHALT,FOLLOWING TOO CLOSELY,REAR END,SLIBERTYDRW3RDST,NONE,2020-12-30 16:35:00
BLOOMINGTON PD,BLOOMINGTON,2,0.0,0.0,0.0,0,,,,S CURRY PIKE,SR 48,,,,39.164544,-86.560096,LOCAL/CITY ROAD,N,URBAN,N,N,N,,DARK (LIGHTED),RAIN,WET,,FOUR-WAY INTERSECTION,STRAIGHT/LEVEL,ASPHALT,FAILURE TO YIELD RIGHT OF WAY,RIGHT ANGLE,SCURRYPIKEW3RDST,NONE,2020-12-30 17:20:00
BLOOMINGTON PD,BLOOMINGTON,2,0.0,2.0,0.0,0,,,,SR 45/46,N FEE LN,,300.0,W,39.2164445,-86.59582342,LOCAL/CITY ROAD,N,URBAN,N,N,N,,DARK (NOT LIGHTED),RAIN,WET,,NO JUNCTION INVOLVED,STRAIGHT/GRADE,ASPHALT,DRIVER ASLEEP OR FATIGUED,HEAD ON BETWEEN TWO MOTOR VEHICLES,NFEELNWSTATEROAD46RD,NONE,2020-12-30 18:38:00
MONROE SD,BLOOMINGTON,1,0.0,0.0,0.0,0,,,,I-69 N,,,,,0.0,0.0,INTERSTATE,N,RURAL,N,N,N,,DARK (NOT LIGHTED),SNOW,SNOW/SLUSH,,NO JUNCTION INVOLVED,STRAIGHT/GRADE,ASPHALT,RAN OFF ROAD RIGHT,RAN OFF ROAD,I69N122.0,NONE,2020-12-30 19:36:00
ISP BLOOMINGTON 33,BLOOMINGTON,1,,1.0,0.0,0,,,,I-69 S,,,53.0,N,39.20850861,-86.55395735,INTERSTATE,,URBAN,N,N,N,,DARK (NOT LIGHTED),SLEET/HAIL/FREEZING RAIN,SNOW/SLUSH,,NO JUNCTION INVOLVED,,ASPHALT,,RAN OFF ROAD,WAcuffRdI-69,,2020-12-30 21:00:00
BLOOMINGTON PD,BLOOMINGTON,2,0.0,0.0,0.0,0,,,,E 17TH ST,N WALNUT ST,,,,39.178944,-86.533392,LOCAL/CITY ROAD,N,URBAN,N,N,N,,DARK (LIGHTED),SLEET/HAIL/FREEZING RAIN,WET,,FOUR-WAY INTERSECTION,STRAIGHT/GRADE,ASPHALT,BRAKE FAILURE OR DEFECTIVE,REAR END,E17THSTNWALNUTST,TRAFFIC CONTROL SIGNAL,2020-12-30 21:22:00
BLOOMINGTON PD,BLOOMINGTON,3,0.0,0.0,0.0,0,,,,S HENDERSON ST,E MOODY DR,,,,39.147869,-86.526905,LOCAL/CITY ROAD,N,URBAN,N,N,N,,DARK (NOT LIGHTED),SLEET/HAIL/FREEZING RAIN,ICE,,FOUR-WAY INTERSECTION,STRAIGHT/GRADE,ASPHALT,ROADWAY SURFACE CONDITION,HEAD ON BETWEEN TWO MOTOR VEHICLES,EASTMOODYDRSOUTHHENDERSONST,NONE,2020-12-30 21:26:00
ISP BLOOMINGTON 33,BLOOMINGTON,2,,0.0,0.0,0,,,,I-69 S,,,53.0,N,39.25404475,-86.52785844,INTERSTATE,,RURAL,N,Y,N,,DARK (NOT LIGHTED),SLEET/HAIL/FREEZING RAIN,ICE,,NO JUNCTION INVOLVED,,CONCRETE,SPEED TOO FAST FOR WEATHER CONDITIONS,SAME DIRECTION SIDESWIPE,StoneBeltDrI-69,,2020-12-30 21:30:00
BLOOMINGTON PD,BLOOMINGTON,2,0.0,0.0,0.0,0,,,,W 4TH ST,S WALNUT ST,,,,39.165648,-86.5336,LOCAL/CITY ROAD,N,URBAN,N,N,Y,WORK ON SHOULDER,DARK (LIGHTED),SLEET/HAIL/FREEZING RAIN,ICE,,FOUR-WAY INTERSECTION,STRAIGHT/LEVEL,CONCRETE,SPEED TOO FAST FOR WEATHER CONDITIONS,RIGHT ANGLE,E4THSTSWALNUTSTST,TRAFFIC CONTROL SIGNAL,2020-12-30 22:26:00
BLOOMINGTON PD,BLOOMINGTON,2,0.0,0.0,0.0,0,,,,E MAXWELL LN,S MITCHELL ST,,,,39.157824,-86.5136,LOCAL/CITY ROAD,N,URBAN,N,N,N,,DAYLIGHT,CLOUDY,WET,,FOUR-WAY INTERSECTION,STRAIGHT/GRADE,ASPHALT,FAILURE TO YIELD RIGHT OF WAY,RIGHT ANGLE,EMAXWELLLNSMITCHELLST,STOP SIGN,2020-12-31 12:56:00
BLOOMINGTON PD,BLOOMINGTON,2,0.0,0.0,0.0,0,,,,S COLLEGE MALL RD,ENTRANCE TO KROGER,,,,0.0,0.0,LOCAL/CITY ROAD,N,URBAN,N,N,N,,DARK (LIGHTED),CLEAR,WET,,NO JUNCTION INVOLVED,STRAIGHT/LEVEL,CONCRETE,FAILURE TO YIELD RIGHT OF WAY,SAME DIRECTION SIDESWIPE,KROGERENTRANCETRFYSCOLLEGEMALLRD,NONE,2020-12-31 18:40:00
MONROE SD,BLOOMINGTON,2,0.0,0.0,0.0,0,,,,SR 46,N CURRY PIKE,,,,39.193728,-86.571154,STATE ROAD,N,RURAL,N,Y,N,,DARK (NOT LIGHTED),CLEAR,DRY,,FOUR-WAY INTERSECTION,STRAIGHT/HILLCREST,ASPHALT,FOLLOWING TOO CLOSELY,REAR END,NCURRYPIKESR46W,TRAFFIC CONTROL SIGNAL,2020-12-31 19:02:00